rainfall_mm_hr,soil_moisture_pct,terrain_slope_deg,river_water_level_m,seismic_magnitude,flood_probability_percent,alert_color,primary_trigger,is_flood_hazard
28.42,66.41,26.35,5.96,2.79,6.51,GREEN,Normal Hydrological State,0
2.9,43.18,41.47,1.61,0.11,5.14,GREEN,Normal Hydrological State,0
9.05,20.56,4.11,3.17,0.02,5.05,GREEN,Normal Hydrological State,0
9.77,22.27,15.1,3.32,1.93,5.12,GREEN,Normal Hydrological State,0
2.47,15.79,24.47,3.34,2.92,5.05,GREEN,Normal Hydrological State,0
42.79,75.35,21.86,5.32,0.61,7.38,GREEN,Normal Hydrological State,0
10.69,36.68,31.26,3.13,0.02,5.34,GREEN,Normal Hydrological State,0
10.13,37.41,32.35,2.84,1.17,5.34,GREEN,Normal Hydrological State,0
55.71,78.64,27.72,5.04,2.44,9.32,GREEN,Normal Hydrological State,0
5.16,28.73,28.71,1.69,0.59,5.13,GREEN,Normal Hydrological State,0
10.35,16.89,41.86,1.76,0.78,5.19,GREEN,Normal Hydrological State,0
32.36,64.29,41.66,5.24,0.53,7.45,GREEN,Normal Hydrological State,0
5.84,36.27,13.01,3.18,1.09,5.11,GREEN,Normal Hydrological State,0
8.58,45.7,11.51,3.61,0.22,5.17,GREEN,Normal Hydrological State,0
3.41,9.66,29.99,3.73,0.07,5.05,GREEN,Normal Hydrological State,0
42.36,54.2,35.15,5.82,2.52,7.4,GREEN,Normal Hydrological State,0
12.24,43.04,25.18,3.37,0.05,5.39,GREEN,Normal Hydrological State,0
92.78,85.75,27.42,10.37,0.16,73.28,ORANGE,Cloudburst Flash Flood,1
34.12,75.06,18.93,4.71,0.87,6.61,GREEN,Normal Hydrological State,0
3.52,63.0,46.92,8.5,7.55,91.12,RED,Seismic GLOF Warning,1
64.84,86.46,44.54,10.93,0.14,81.09,RED,River Overflow / Stage Exceeded,1
2.59,49.29,27.04,3.54,0.22,5.11,GREEN,Normal Hydrological State,0
3.14,42.31,5.09,2.91,0.05,5.05,GREEN,Normal Hydrological State,0
79.69,84.9,50.98,7.49,1.02,32.94,GREEN,Cloudburst Flash Flood,0
3.16,36.97,30.51,3.08,0.17,5.11,GREEN,Normal Hydrological State,0
132.67,100.0,33.05,7.23,0.44,46.87,YELLOW,Cloudburst Flash Flood,0
7.75,38.73,20.57,2.52,0.11,5.2,GREEN,Normal Hydrological State,0
2.13,63.66,52.4,10.47,4.84,72.12,ORANGE,River Overflow / Stage Exceeded,1
47.26,74.89,37.68,5.31,1.61,9.35,GREEN,Normal Hydrological State,0
136.21,85.91,35.32,10.34,2.49,86.97,RED,Cloudburst Flash Flood,1
9.01,50.73,10.81,2.84,1.08,5.18,GREEN,Normal Hydrological State,0
14.61,35.08,38.14,2.27,0.16,5.51,GREEN,Normal Hydrological State,0
5.2,31.36,35.45,2.3,0.08,5.16,GREEN,Normal Hydrological State,0
13.08,26.24,15.63,1.51,0.94,5.18,GREEN,Normal Hydrological State,0
0.83,29.5,57.02,9.34,4.62,45.65,YELLOW,River Overflow / Stage Exceeded,0
0.0,23.4,41.59,2.08,0.25,5.02,GREEN,Normal Hydrological State,0
7.61,40.55,42.85,1.49,0.04,5.33,GREEN,Normal Hydrological State,0
4.17,30.7,7.16,3.97,0.34,5.05,GREEN,Normal Hydrological State,0
1.81,14.25,22.17,3.53,0.24,5.04,GREEN,Normal Hydrological State,0
44.23,76.47,43.87,5.93,1.19,9.68,GREEN,Normal Hydrological State,0
7.23,28.47,23.64,2.86,0.62,5.16,GREEN,Normal Hydrological State,0
1.55,48.11,43.12,1.26,0.2,5.1,GREEN,Normal Hydrological State,0
2.76,69.4,49.88,10.7,5.76,89.79,RED,Seismic GLOF Warning,1
9.37,20.14,29.0,2.22,0.64,5.16,GREEN,Normal Hydrological State,0
110.48,82.05,36.15,11.22,0.69,89.93,RED,Cloudburst Flash Flood,1
11.39,28.1,26.25,2.22,0.0,5.25,GREEN,Normal Hydrological State,0
10.4,26.73,8.54,1.61,2.05,5.1,GREEN,Normal Hydrological State,0
4.34,35.26,41.79,2.97,0.31,5.17,GREEN,Normal Hydrological State,0
2.79,35.69,44.73,2.15,2.32,5.12,GREEN,Normal Hydrological State,0
6.97,52.02,40.5,2.02,0.25,5.38,GREEN,Normal Hydrological State,0
7.61,29.61,36.09,3.65,0.22,5.22,GREEN,Normal Hydrological State,0
0.0,53.91,50.8,10.99,6.59,96.77,RED,Seismic GLOF Warning,1
7.71,29.66,39.4,2.03,0.91,5.24,GREEN,Normal Hydrological State,0
0.0,63.91,40.48,11.87,5.22,90.42,RED,Seismic GLOF Warning,1
0.0,48.41,35.85,2.0,1.81,5.02,GREEN,Normal Hydrological State,0
1.38,66.78,43.28,10.68,7.13,96.23,RED,Seismic GLOF Warning,1
6.3,45.34,41.67,1.76,0.17,5.3,GREEN,Normal Hydrological State,0
135.21,89.73,41.88,9.21,2.17,79.6,RED,Cloudburst Flash Flood,1
5.81,40.67,19.8,0.96,1.93,5.16,GREEN,Normal Hydrological State,0
4.8,52.43,39.76,2.35,0.04,5.26,GREEN,Normal Hydrological State,0
4.4,34.31,40.42,2.2,1.17,5.17,GREEN,Normal Hydrological State,0
7.95,70.35,51.48,12.08,4.94,92.7,RED,Seismic GLOF Warning,1
26.55,62.51,39.14,6.38,1.91,7.56,GREEN,Normal Hydrological State,0
6.92,46.67,41.44,3.83,0.05,5.34,GREEN,Normal Hydrological State,0
1.43,20.47,33.92,2.79,0.52,5.05,GREEN,Normal Hydrological State,0
1.94,69.51,47.18,7.47,5.21,28.61,GREEN,Seismic GLOF Warning,0
5.16,17.32,16.03,2.48,0.09,5.06,GREEN,Normal Hydrological State,0
135.91,73.87,33.55,8.82,0.53,58.94,ORANGE,Cloudburst Flash Flood,1
53.96,66.11,39.33,6.18,1.8,9.94,GREEN,Normal Hydrological State,0
0.68,18.81,26.33,3.61,0.18,5.03,GREEN,Normal Hydrological State,0
1.88,29.58,41.12,2.63,1.53,5.07,GREEN,Normal Hydrological State,0
2.14,44.79,5.54,2.65,0.51,5.04,GREEN,Normal Hydrological State,0
0.0,47.17,32.21,2.88,1.54,5.02,GREEN,Normal Hydrological State,0
10.6,36.6,21.67,2.83,1.86,5.26,GREEN,Normal Hydrological State,0
1.79,49.08,16.38,2.87,0.76,5.06,GREEN,Normal Hydrological State,0
8.69,42.43,54.29,10.9,6.06,95.05,RED,Seismic GLOF Warning,1
1.87,21.76,18.62,0.73,0.24,5.04,GREEN,Normal Hydrological State,0
35.69,54.19,42.11,6.09,0.98,7.39,GREEN,Normal Hydrological State,0
1.24,45.06,45.6,8.11,7.44,85.84,RED,Seismic GLOF Warning,1
3.29,53.15,30.22,2.44,0.25,5.16,GREEN,Normal Hydrological State,0
76.05,92.58,34.65,8.05,1.47,34.09,GREEN,Cloudburst Flash Flood,0
2.52,40.31,28.59,1.83,0.6,5.1,GREEN,Normal Hydrological State,0
4.59,36.81,34.74,1.25,1.47,5.17,GREEN,Normal Hydrological State,0
1.49,39.12,3.98,2.72,0.11,5.03,GREEN,Normal Hydrological State,0
5.18,40.27,15.92,2.22,1.13,5.12,GREEN,Normal Hydrological State,0
6.98,11.59,20.64,2.17,0.61,5.07,GREEN,Normal Hydrological State,0
9.94,41.82,37.07,3.84,0.73,5.4,GREEN,Normal Hydrological State,0
3.08,36.51,35.88,1.47,0.26,5.12,GREEN,Normal Hydrological State,0
118.07,91.52,50.2,9.05,2.5,77.4,RED,Cloudburst Flash Flood,1
5.83,58.77,53.49,11.75,7.09,99.0,RED,Seismic GLOF Warning,1
31.53,65.27,15.6,6.98,2.53,8.74,GREEN,Normal Hydrological State,0
0.99,39.05,50.46,10.4,6.9,96.3,RED,Seismic GLOF Warning,1
150.43,78.78,48.36,7.85,1.47,64.24,ORANGE,Cloudburst Flash Flood,1
1.97,51.95,6.26,1.81,1.59,5.04,GREEN,Normal Hydrological State,0
1.82,20.61,8.04,3.44,0.74,5.03,GREEN,Normal Hydrological State,0
12.99,28.71,30.13,2.46,1.09,5.32,GREEN,Normal Hydrological State,0
82.78,93.67,50.54,9.43,2.1,69.69,ORANGE,Cloudburst Flash Flood,1
0.77,48.39,31.24,11.74,7.07,96.17,RED,Seismic GLOF Warning,1
0.17,36.36,51.8,11.53,4.77,84.84,RED,River Overflow / Stage Exceeded,1
56.54,60.13,42.98,5.14,0.99,9.63,GREEN,Normal Hydrological State,0
4.4,31.76,27.97,2.37,0.47,5.12,GREEN,Normal Hydrological State,0
10.48,37.34,23.16,1.04,0.38,5.27,GREEN,Normal Hydrological State,0
3.82,25.41,25.94,3.61,0.18,5.09,GREEN,Normal Hydrological State,0
1.92,65.83,34.23,8.32,6.6,59.13,ORANGE,Seismic GLOF Warning,1
33.98,65.92,46.15,4.97,2.85,7.89,GREEN,Normal Hydrological State,0
8.32,36.16,36.47,3.07,0.0,5.29,GREEN,Normal Hydrological State,0
1.47,23.34,7.65,1.28,0.2,5.03,GREEN,Normal Hydrological State,0
3.23,64.52,35.51,7.14,5.36,21.54,GREEN,Seismic GLOF Warning,0
87.78,75.82,32.68,9.77,1.81,61.38,ORANGE,Cloudburst Flash Flood,1
1.44,31.11,11.43,2.9,0.29,5.04,GREEN,Normal Hydrological State,0
5.21,37.35,29.45,1.14,0.61,5.17,GREEN,Normal Hydrological State,0
44.91,59.95,38.39,5.8,0.86,8.13,GREEN,Normal Hydrological State,0
1.37,19.63,33.77,1.27,0.7,5.04,GREEN,Normal Hydrological State,0
2.22,22.36,35.28,1.73,1.28,5.06,GREEN,Normal Hydrological State,0
1.03,61.16,55.32,8.19,5.58,55.76,ORANGE,Seismic GLOF Warning,1
1.36,27.81,11.71,3.25,0.97,5.04,GREEN,Normal Hydrological State,0
4.76,35.37,31.71,7.54,6.62,43.36,YELLOW,Seismic GLOF Warning,0
2.96,24.76,6.5,2.6,1.32,5.04,GREEN,Normal Hydrological State,0
2.17,30.77,24.55,2.69,0.47,5.07,GREEN,Normal Hydrological State,0
8.77,45.48,33.18,2.96,0.41,5.36,GREEN,Normal Hydrological State,0
44.19,75.32,16.9,6.17,3.57,7.23,GREEN,Normal Hydrological State,0
4.23,32.13,12.09,3.17,0.56,5.07,GREEN,Normal Hydrological State,0
0.59,41.12,43.74,9.47,5.25,59.31,ORANGE,Seismic GLOF Warning,1
4.55,47.88,30.01,2.33,0.18,5.19,GREEN,Normal Hydrological State,0
2.2,14.36,41.17,1.62,0.56,5.05,GREEN,Normal Hydrological State,0
9.32,37.96,18.16,2.81,0.82,5.21,GREEN,Normal Hydrological State,0
9.93,27.99,21.03,1.75,0.51,5.19,GREEN,Normal Hydrological State,0
3.63,41.67,29.47,2.4,2.14,5.14,GREEN,Normal Hydrological State,0
82.29,97.22,52.38,6.66,1.34,29.99,GREEN,Cloudburst Flash Flood,0
5.68,30.24,22.14,3.48,0.02,5.13,GREEN,Normal Hydrological State,0
52.88,66.34,20.21,5.63,2.31,7.44,GREEN,Normal Hydrological State,0
3.79,35.44,33.52,2.29,0.56,5.13,GREEN,Normal Hydrological State,0
6.37,30.95,42.44,2.9,1.67,5.22,GREEN,Normal Hydrological State,0
28.35,41.35,42.02,1.0,1.73,6.29,GREEN,Normal Hydrological State,0
2.6,63.04,52.01,7.51,6.45,68.21,ORANGE,Seismic GLOF Warning,1
76.69,88.18,33.23,9.92,1.31,64.93,ORANGE,Cloudburst Flash Flood,1
6.48,19.08,7.36,2.74,0.03,5.05,GREEN,Normal Hydrological State,0
40.17,70.5,47.68,5.11,2.34,8.97,GREEN,Normal Hydrological State,0
3.34,27.7,30.86,3.21,0.64,5.09,GREEN,Normal Hydrological State,0
2.04,54.54,55.37,8.02,5.45,49.36,YELLOW,Seismic GLOF Warning,0
0.09,17.99,21.4,2.77,0.14,5.02,GREEN,Normal Hydrological State,0
3.59,77.98,32.23,12.4,6.03,95.88,RED,Seismic GLOF Warning,1
55.37,72.56,18.22,6.31,3.12,8.27,GREEN,Normal Hydrological State,0
9.32,45.7,30.84,2.52,0.08,5.36,GREEN,Normal Hydrological State,0
3.92,33.28,35.14,11.04,7.1,94.94,RED,Seismic GLOF Warning,1
49.21,56.3,34.2,5.83,2.29,7.94,GREEN,Normal Hydrological State,0
1.96,48.16,31.67,2.4,0.71,5.1,GREEN,Normal Hydrological State,0
2.17,31.28,29.77,3.1,0.88,5.07,GREEN,Normal Hydrological State,0
9.79,24.33,23.61,2.87,0.34,5.18,GREEN,Normal Hydrological State,0
7.92,34.95,27.6,3.43,0.7,5.22,GREEN,Normal Hydrological State,0
36.38,59.72,22.01,4.96,2.19,6.52,GREEN,Normal Hydrological State,0
33.12,64.63,37.02,5.12,2.07,7.31,GREEN,Normal Hydrological State,0
3.84,54.02,30.17,3.36,0.24,5.18,GREEN,Normal Hydrological State,0
0.0,61.07,55.29,10.52,5.92,91.74,RED,Seismic GLOF Warning,1
8.68,23.57,15.1,3.51,1.23,5.12,GREEN,Normal Hydrological State,0
46.3,73.79,27.01,4.62,3.46,8.08,GREEN,Normal Hydrological State,0
4.4,49.17,27.6,2.25,1.75,5.18,GREEN,Normal Hydrological State,0
3.41,35.29,40.69,2.41,1.02,5.14,GREEN,Normal Hydrological State,0
1.27,39.46,13.11,1.84,0.49,5.04,GREEN,Normal Hydrological State,0
0.65,45.63,30.9,3.57,0.09,5.04,GREEN,Normal Hydrological State,0
6.62,48.73,29.62,3.35,0.48,5.27,GREEN,Normal Hydrological State,0
13.62,29.78,13.35,0.82,0.19,5.19,GREEN,Normal Hydrological State,0
4.07,33.48,46.13,7.2,6.16,48.13,YELLOW,Seismic GLOF Warning,0
5.44,27.99,24.08,0.79,0.12,5.12,GREEN,Normal Hydrological State,0
5.91,50.09,12.11,2.46,0.46,5.14,GREEN,Normal Hydrological State,0
13.96,27.25,31.84,2.7,0.34,5.33,GREEN,Normal Hydrological State,0
135.15,91.3,34.62,9.6,0.77,80.14,RED,Cloudburst Flash Flood,1
87.84,90.36,44.83,10.38,0.71,81.68,RED,Cloudburst Flash Flood,1
1.86,37.27,42.69,7.69,5.71,39.65,YELLOW,Seismic GLOF Warning,0
4.8,24.91,7.43,2.97,0.06,5.05,GREEN,Normal Hydrological State,0
2.08,19.47,16.93,3.07,0.25,5.04,GREEN,Normal Hydrological State,0
119.48,97.91,41.78,8.55,1.12,68.82,ORANGE,Cloudburst Flash Flood,1
31.82,74.15,37.34,7.19,2.66,12.04,GREEN,River Overflow / Stage Exceeded,0
51.3,59.21,26.58,5.11,2.15,7.64,GREEN,Normal Hydrological State,0
2.48,29.83,30.45,3.3,1.66,5.08,GREEN,Normal Hydrological State,0
2.23,18.72,36.75,2.67,0.99,5.06,GREEN,Normal Hydrological State,0
2.8,21.17,36.93,3.02,0.73,5.07,GREEN,Normal Hydrological State,0
93.64,100.0,31.49,9.03,1.12,58.17,ORANGE,Cloudburst Flash Flood,1
2.75,43.89,28.44,1.75,0.91,5.11,GREEN,Normal Hydrological State,0
1.35,48.85,35.26,3.28,0.55,5.08,GREEN,Normal Hydrological State,0
2.92,53.87,49.3,11.14,6.96,98.0,RED,Seismic GLOF Warning,1
13.83,43.31,15.82,3.3,0.27,5.31,GREEN,Normal Hydrological State,0
4.4,28.75,31.68,2.69,0.73,5.12,GREEN,Normal Hydrological State,0
13.58,44.46,31.54,2.32,0.72,5.52,GREEN,Normal Hydrological State,0
5.72,40.6,14.15,2.49,0.0,5.12,GREEN,Normal Hydrological State,0
0.0,68.07,34.52,10.89,7.4,95.16,RED,Seismic GLOF Warning,1
14.08,20.42,15.33,1.93,0.28,5.16,GREEN,Normal Hydrological State,0
30.33,78.67,15.24,4.38,1.55,6.24,GREEN,Normal Hydrological State,0
0.69,44.49,31.41,1.84,0.65,5.05,GREEN,Normal Hydrological State,0
2.28,19.41,13.63,2.7,0.16,5.04,GREEN,Normal Hydrological State,0
6.57,72.93,49.12,8.15,4.95,34.41,GREEN,River Overflow / Stage Exceeded,0
3.02,41.28,31.98,2.56,0.0,5.12,GREEN,Normal Hydrological State,0
2.93,34.53,31.71,3.08,0.42,5.1,GREEN,Normal Hydrological State,0
8.15,48.15,6.33,1.64,0.29,5.11,GREEN,Normal Hydrological State,0
2.11,36.41,49.51,11.45,4.99,86.83,RED,Seismic GLOF Warning,1
13.23,27.25,28.43,2.33,0.09,5.29,GREEN,Normal Hydrological State,0
6.93,17.86,32.33,1.68,0.24,5.12,GREEN,Normal Hydrological State,0
0.0,40.66,18.48,1.76,0.45,5.02,GREEN,Normal Hydrological State,0
0.42,39.12,37.08,2.55,1.0,5.04,GREEN,Normal Hydrological State,0
11.22,50.18,29.87,3.63,0.24,5.47,GREEN,Normal Hydrological State,0
6.02,27.05,30.39,2.06,0.14,5.15,GREEN,Normal Hydrological State,0
134.74,81.53,35.06,10.87,1.51,89.98,RED,Cloudburst Flash Flood,1
3.5,28.1,37.14,3.83,0.53,5.11,GREEN,Normal Hydrological State,0
0.46,19.17,16.45,1.79,0.52,5.03,GREEN,Normal Hydrological State,0
109.58,76.89,50.56,9.1,0.02,67.67,ORANGE,Cloudburst Flash Flood,1
6.09,31.0,25.47,2.22,0.17,5.15,GREEN,Normal Hydrological State,0
2.44,63.63,38.55,8.95,4.54,31.67,GREEN,River Overflow / Stage Exceeded,0
6.49,38.18,30.91,2.73,0.32,5.22,GREEN,Normal Hydrological State,0
3.71,68.67,36.22,11.7,7.39,97.93,RED,Seismic GLOF Warning,1
26.84,51.1,41.58,4.57,0.85,6.52,GREEN,Normal Hydrological State,0
4.93,22.96,43.96,2.17,0.24,5.14,GREEN,Normal Hydrological State,0
6.56,59.65,55.09,9.8,4.75,60.29,ORANGE,River Overflow / Stage Exceeded,1
28.12,75.98,20.19,6.01,1.37,6.39,GREEN,Normal Hydrological State,0
93.92,99.9,30.99,9.55,1.74,66.93,ORANGE,Cloudburst Flash Flood,1
11.94,21.71,6.98,2.46,1.03,5.09,GREEN,Normal Hydrological State,0
3.7,57.49,43.74,7.39,4.86,19.83,GREEN,River Overflow / Stage Exceeded,0
45.47,75.94,36.26,4.75,3.34,9.07,GREEN,Normal Hydrological State,0
53.4,71.87,29.71,4.92,2.07,8.89,GREEN,Normal Hydrological State,0
1.32,49.83,37.52,10.49,5.91,83.08,RED,Seismic GLOF Warning,1
3.82,53.86,7.13,1.01,0.31,5.07,GREEN,Normal Hydrological State,0
1.23,39.67,39.79,10.57,5.61,81.41,RED,Seismic GLOF Warning,1
30.76,78.58,22.23,5.65,1.09,6.73,GREEN,Normal Hydrological State,0
1.41,41.12,35.25,9.72,6.0,72.1,ORANGE,Seismic GLOF Warning,1
10.45,19.86,20.37,2.35,0.31,5.14,GREEN,Normal Hydrological State,0
130.8,99.65,46.62,8.09,0.86,71.96,ORANGE,Cloudburst Flash Flood,1
9.26,39.65,10.56,3.07,1.2,5.15,GREEN,Normal Hydrological State,0
4.96,70.44,60.2,9.98,4.45,55.29,ORANGE,River Overflow / Stage Exceeded,1
60.4,55.92,37.54,5.55,1.2,9.08,GREEN,Normal Hydrological State,0
0.0,45.14,19.63,4.33,0.09,5.02,GREEN,Normal Hydrological State,0
4.77,20.23,39.99,2.06,0.89,5.11,GREEN,Normal Hydrological State,0
5.3,51.89,5.51,3.03,0.73,5.08,GREEN,Normal Hydrological State,0
4.92,45.04,8.62,3.0,0.47,5.09,GREEN,Normal Hydrological State,0
2.96,39.94,33.74,3.12,0.0,5.12,GREEN,Normal Hydrological State,0
59.23,59.72,43.83,6.03,2.66,9.99,GREEN,Normal Hydrological State,0
5.08,25.29,30.52,2.86,0.04,5.12,GREEN,Normal Hydrological State,0
10.08,59.4,23.37,4.24,1.25,5.42,GREEN,Normal Hydrological State,0
6.99,34.33,5.71,2.06,0.35,5.07,GREEN,Normal Hydrological State,0
6.79,35.27,38.09,2.72,1.32,5.24,GREEN,Normal Hydrological State,0
40.76,71.49,43.35,5.03,3.0,8.82,GREEN,Normal Hydrological State,0
70.84,93.86,27.75,11.37,0.75,84.09,RED,Cloudburst Flash Flood,1
0.0,69.75,54.38,10.65,6.61,96.63,RED,Seismic GLOF Warning,1
14.23,25.61,18.62,2.53,0.55,5.22,GREEN,Normal Hydrological State,0
16.15,48.37,11.26,1.97,0.29,5.31,GREEN,Normal Hydrological State,0
0.46,35.07,35.07,2.62,1.37,5.04,GREEN,Normal Hydrological State,0
7.91,30.61,38.23,2.76,0.62,5.25,GREEN,Normal Hydrological State,0
6.82,21.34,10.64,2.86,0.16,5.07,GREEN,Normal Hydrological State,0
41.88,56.31,16.31,5.87,3.39,6.29,GREEN,Normal Hydrological State,0
4.69,40.72,26.74,3.57,0.27,5.16,GREEN,Normal Hydrological State,0
1.64,16.57,33.41,2.88,0.15,5.04,GREEN,Normal Hydrological State,0
9.88,35.41,27.02,2.22,3.21,5.28,GREEN,Normal Hydrological State,0
6.65,72.26,38.1,11.77,4.45,81.65,RED,River Overflow / Stage Exceeded,1
5.06,51.96,36.87,3.44,0.74,5.26,GREEN,Normal Hydrological State,0
129.85,85.86,41.4,9.93,1.1,84.55,RED,Cloudburst Flash Flood,1
43.28,69.19,34.94,5.99,1.84,8.29,GREEN,Normal Hydrological State,0
6.61,31.44,44.01,1.73,0.09,5.23,GREEN,Normal Hydrological State,0
7.57,67.57,37.33,11.74,6.0,94.35,RED,Seismic GLOF Warning,1
0.92,36.03,36.43,2.0,0.61,5.05,GREEN,Normal Hydrological State,0
106.67,79.84,51.92,7.51,1.35,43.01,YELLOW,Cloudburst Flash Flood,0
3.55,31.04,10.41,2.71,0.33,5.06,GREEN,Normal Hydrological State,0
3.29,55.77,38.96,3.81,0.85,5.19,GREEN,Normal Hydrological State,0
9.29,45.32,23.91,1.51,0.83,5.3,GREEN,Normal Hydrological State,0
34.64,74.51,27.52,6.8,1.96,9.56,GREEN,Normal Hydrological State,0
115.46,85.15,26.35,11.27,0.92,88.12,RED,Cloudburst Flash Flood,1
0.21,40.27,41.38,3.48,0.6,5.03,GREEN,Normal Hydrological State,0
0.0,56.94,37.95,3.85,1.34,5.02,GREEN,Normal Hydrological State,0
3.7,30.96,8.87,2.68,1.33,5.06,GREEN,Normal Hydrological State,0
0.79,48.91,41.43,9.32,5.54,61.76,ORANGE,Seismic GLOF Warning,1
8.64,24.92,27.48,2.49,0.14,5.18,GREEN,Normal Hydrological State,0
12.93,30.69,37.33,2.81,2.31,5.39,GREEN,Normal Hydrological State,0
3.5,18.26,12.71,3.03,1.04,5.05,GREEN,Normal Hydrological State,0
18.43,44.92,33.07,3.57,0.28,5.75,GREEN,Normal Hydrological State,0
112.33,84.3,25.74,7.03,0.21,23.9,GREEN,Cloudburst Flash Flood,0
115.58,79.7,29.02,8.4,2.39,44.18,YELLOW,Cloudburst Flash Flood,0
0.0,67.94,46.32,12.25,6.94,99.0,RED,Seismic GLOF Warning,1
0.76,31.83,25.45,3.33,0.71,5.04,GREEN,Normal Hydrological State,0
0.81,52.62,24.93,3.31,0.77,5.05,GREEN,Normal Hydrological State,0
16.99,33.93,49.69,9.46,5.37,69.21,ORANGE,Seismic GLOF Warning,1
3.36,39.04,13.27,1.07,1.55,5.08,GREEN,Normal Hydrological State,0
36.16,79.29,47.75,5.64,0.75,9.04,GREEN,Normal Hydrological State,0
8.0,40.12,37.4,2.45,1.85,5.32,GREEN,Normal Hydrological State,0
34.75,70.97,13.89,6.36,2.46,6.84,GREEN,Normal Hydrological State,0
10.69,22.59,36.56,2.37,0.0,5.24,GREEN,Normal Hydrological State,0
0.49,40.77,59.56,9.5,5.29,71.53,ORANGE,Seismic GLOF Warning,1
99.93,84.09,38.31,9.54,1.72,68.0,ORANGE,Cloudburst Flash Flood,1
67.33,75.78,39.32,7.12,2.3,18.54,GREEN,River Overflow / Stage Exceeded,0
58.8,62.48,28.05,6.21,3.01,8.92,GREEN,Normal Hydrological State,0
2.57,13.59,13.28,1.83,0.87,5.04,GREEN,Normal Hydrological State,0
0.0,29.72,41.98,1.81,0.53,5.02,GREEN,Normal Hydrological State,0
9.5,31.14,32.58,2.13,0.93,5.27,GREEN,Normal Hydrological State,0
5.82,18.01,30.36,2.12,0.09,5.1,GREEN,Normal Hydrological State,0
0.0,39.5,11.73,2.57,0.13,5.02,GREEN,Normal Hydrological State,0
33.74,63.31,23.62,6.99,1.91,9.49,GREEN,Normal Hydrological State,0
9.82,59.9,49.53,9.12,5.17,57.79,ORANGE,Seismic GLOF Warning,1
1.64,29.52,7.12,0.78,1.01,5.03,GREEN,Normal Hydrological State,0
1.15,48.04,46.53,9.37,4.94,51.36,YELLOW,River Overflow / Stage Exceeded,1
46.28,59.89,37.47,6.48,3.17,9.42,GREEN,Normal Hydrological State,0
4.55,56.98,40.01,8.39,7.3,80.86,RED,Seismic GLOF Warning,1
50.11,75.8,37.6,4.81,3.41,9.76,GREEN,Normal Hydrological State,0
6.17,33.31,38.06,3.45,1.17,5.21,GREEN,Normal Hydrological State,0
3.35,44.75,37.21,11.62,6.12,93.93,RED,Seismic GLOF Warning,1
49.72,77.85,40.53,5.83,3.31,10.23,GREEN,Normal Hydrological State,0
0.29,42.79,31.39,1.62,0.51,5.03,GREEN,Normal Hydrological State,0
46.33,80.78,19.75,5.72,3.34,7.59,GREEN,Normal Hydrological State,0
2.62,17.74,39.56,1.98,0.11,5.06,GREEN,Normal Hydrological State,0
2.39,25.35,43.93,3.04,0.43,5.08,GREEN,Normal Hydrological State,0
4.63,24.55,19.28,2.0,0.38,5.08,GREEN,Normal Hydrological State,0
2.7,50.61,45.0,9.89,5.09,64.64,ORANGE,Seismic GLOF Warning,1
47.26,76.21,40.79,6.36,1.73,10.77,GREEN,Normal Hydrological State,0
8.96,20.41,18.05,3.49,3.16,5.12,GREEN,Normal Hydrological State,0
1.82,31.57,26.31,2.9,0.2,5.06,GREEN,Normal Hydrological State,0
134.16,89.11,31.27,8.25,2.12,55.01,ORANGE,Cloudburst Flash Flood,1
2.39,55.38,43.38,8.77,6.75,80.06,RED,Seismic GLOF Warning,1
3.45,36.89,34.54,7.87,4.18,13.47,GREEN,River Overflow / Stage Exceeded,0
30.73,56.13,29.41,6.43,2.56,7.38,GREEN,Normal Hydrological State,0
2.76,21.45,43.57,3.68,0.07,5.08,GREEN,Normal Hydrological State,0
32.97,59.77,43.93,4.92,0.89,7.39,GREEN,Normal Hydrological State,0
2.73,54.01,42.96,2.38,1.0,5.17,GREEN,Normal Hydrological State,0
55.11,66.81,44.62,4.59,2.27,10.31,GREEN,Normal Hydrological State,0
0.0,59.14,34.64,7.86,5.24,26.22,GREEN,River Overflow / Stage Exceeded,0
20.23,40.79,13.35,2.67,0.87,5.37,GREEN,Normal Hydrological State,0
41.0,75.2,46.6,6.03,3.03,9.38,GREEN,Normal Hydrological State,0
9.87,35.35,29.29,3.15,0.29,5.29,GREEN,Normal Hydrological State,0
7.86,51.41,11.56,1.9,0.4,5.17,GREEN,Normal Hydrological State,0
0.0,41.78,55.4,8.55,4.35,24.4,GREEN,River Overflow / Stage Exceeded,0
46.2,54.99,35.76,4.97,2.88,7.75,GREEN,Normal Hydrological State,0
41.69,76.41,20.01,6.08,2.26,7.27,GREEN,Normal Hydrological State,0
8.18,25.78,30.45,2.39,0.17,5.19,GREEN,Normal Hydrological State,0
8.38,41.6,54.8,10.84,5.56,90.76,RED,Seismic GLOF Warning,1
1.74,63.18,42.35,7.55,7.14,71.15,ORANGE,Seismic GLOF Warning,1
15.73,42.96,41.13,1.31,0.8,5.71,GREEN,Normal Hydrological State,0
0.47,19.26,26.2,2.53,0.53,5.03,GREEN,Normal Hydrological State,0
0.68,29.77,27.38,1.74,0.0,5.04,GREEN,Normal Hydrological State,0
1.38,35.51,16.43,1.21,0.43,5.05,GREEN,Normal Hydrological State,0
6.05,49.02,7.5,1.92,0.0,5.1,GREEN,Normal Hydrological State,0
5.62,47.71,56.46,8.76,4.54,34.24,GREEN,River Overflow / Stage Exceeded,0
5.63,28.44,15.92,1.81,0.26,5.1,GREEN,Normal Hydrological State,0
1.08,40.32,17.98,2.69,0.49,5.04,GREEN,Normal Hydrological State,0
55.83,55.21,16.8,5.8,1.69,6.78,GREEN,Normal Hydrological State,0
42.88,77.55,40.29,6.28,2.28,9.91,GREEN,Normal Hydrological State,0
5.9,27.86,24.3,3.37,0.41,5.13,GREEN,Normal Hydrological State,0
10.14,20.15,41.58,2.48,0.33,5.22,GREEN,Normal Hydrological State,0
4.43,52.42,57.64,11.46,6.89,99.0,RED,Seismic GLOF Warning,1
5.69,54.8,27.45,2.55,0.54,5.25,GREEN,Normal Hydrological State,0
1.25,40.6,53.53,8.67,5.18,49.9,YELLOW,Seismic GLOF Warning,0
6.34,34.25,39.43,7.59,5.48,31.06,GREEN,Seismic GLOF Warning,0
8.9,13.56,37.0,2.6,0.78,5.13,GREEN,Normal Hydrological State,0
19.03,55.71,4.37,1.78,0.64,5.2,GREEN,Normal Hydrological State,0
2.97,54.41,57.01,11.83,5.06,92.51,RED,Seismic GLOF Warning,1
52.39,68.04,47.86,5.52,1.62,10.39,GREEN,Normal Hydrological State,0
41.4,72.83,23.01,6.5,1.77,8.49,GREEN,Normal Hydrological State,0
0.0,59.31,49.62,11.04,7.28,98.47,RED,Seismic GLOF Warning,1
6.3,32.9,13.39,2.89,0.35,5.11,GREEN,Normal Hydrological State,0
2.5,20.13,7.13,3.15,0.68,5.03,GREEN,Normal Hydrological State,0
13.13,25.71,11.47,1.34,0.0,5.15,GREEN,Normal Hydrological State,0
1.28,55.34,41.68,11.51,6.57,96.41,RED,Seismic GLOF Warning,1
3.98,46.01,6.06,0.71,0.25,5.06,GREEN,Normal Hydrological State,0
0.66,14.37,22.05,1.57,0.62,5.03,GREEN,Normal Hydrological State,0
4.75,35.46,35.87,2.05,0.13,5.17,GREEN,Normal Hydrological State,0
81.49,97.27,39.84,8.06,1.09,41.25,YELLOW,Cloudburst Flash Flood,0
6.73,52.84,40.89,1.32,0.3,5.37,GREEN,Normal Hydrological State,0
0.85,35.09,18.59,2.5,0.35,5.04,GREEN,Normal Hydrological State,0
15.78,15.35,27.47,3.76,0.51,5.2,GREEN,Normal Hydrological State,0
8.07,50.48,27.8,1.02,0.46,5.32,GREEN,Normal Hydrological State,0
27.67,80.17,28.12,7.13,1.76,10.67,GREEN,River Overflow / Stage Exceeded,0
4.67,27.26,33.26,3.93,0.0,5.13,GREEN,Normal Hydrological State,0
29.7,77.28,38.8,6.84,1.61,10.18,GREEN,Normal Hydrological State,0
43.09,67.44,50.21,6.49,1.29,10.72,GREEN,Normal Hydrological State,0
148.48,83.25,38.2,8.58,1.22,69.03,ORANGE,Cloudburst Flash Flood,1
4.8,49.83,17.49,1.76,0.29,5.14,GREEN,Normal Hydrological State,0
1.82,41.82,6.04,3.61,0.14,5.04,GREEN,Normal Hydrological State,0
7.19,42.49,35.71,2.71,0.22,5.29,GREEN,Normal Hydrological State,0
40.29,74.6,26.51,7.1,0.78,11.51,GREEN,River Overflow / Stage Exceeded,0
6.18,42.79,12.35,2.95,0.18,5.12,GREEN,Normal Hydrological State,0
1.08,45.9,39.67,3.32,0.22,5.07,GREEN,Normal Hydrological State,0
3.38,14.66,39.73,2.52,0.24,5.07,GREEN,Normal Hydrological State,0
4.83,28.79,50.29,8.09,5.9,59.22,ORANGE,Seismic GLOF Warning,1
38.54,63.71,47.53,6.4,0.72,9.28,GREEN,Normal Hydrological State,0
3.89,23.16,15.72,2.98,0.26,5.06,GREEN,Normal Hydrological State,0
6.14,22.66,31.07,1.93,0.03,5.13,GREEN,Normal Hydrological State,0
13.78,15.5,6.87,2.19,1.83,5.07,GREEN,Normal Hydrological State,0
30.5,81.77,29.01,5.39,1.5,7.25,GREEN,Normal Hydrological State,0
53.73,71.41,26.73,6.2,1.2,8.93,GREEN,Normal Hydrological State,0
4.23,21.54,30.4,0.74,0.1,5.09,GREEN,Normal Hydrological State,0
6.41,31.69,45.31,3.26,0.28,5.23,GREEN,Normal Hydrological State,0
5.03,56.33,25.93,2.81,0.23,5.22,GREEN,Normal Hydrological State,0
52.07,57.15,27.57,6.62,1.12,9.36,GREEN,Normal Hydrological State,0
2.66,58.58,52.72,7.75,6.03,60.56,ORANGE,Seismic GLOF Warning,1
12.94,41.37,10.26,1.73,0.17,5.2,GREEN,Normal Hydrological State,0
6.36,35.22,11.38,3.0,0.61,5.1,GREEN,Normal Hydrological State,0
4.01,18.37,24.33,2.57,0.99,5.07,GREEN,Normal Hydrological State,0
43.48,74.45,19.57,5.83,0.88,7.16,GREEN,Normal Hydrological State,0
4.38,60.06,33.08,10.03,5.85,73.35,ORANGE,Seismic GLOF Warning,1
12.49,47.5,16.12,2.0,0.71,5.31,GREEN,Normal Hydrological State,0
0.0,35.94,10.1,2.37,0.8,5.02,GREEN,Normal Hydrological State,0
4.53,28.78,16.63,3.28,0.49,5.09,GREEN,Normal Hydrological State,0
3.39,42.23,21.99,2.67,1.33,5.11,GREEN,Normal Hydrological State,0
4.76,28.26,27.66,4.18,1.13,5.12,GREEN,Normal Hydrological State,0
10.67,46.75,38.56,1.79,0.32,5.5,GREEN,Normal Hydrological State,0
50.37,26.15,14.13,1.84,0.19,5.62,GREEN,Normal Hydrological State,0
2.48,34.78,25.16,2.54,0.17,5.08,GREEN,Normal Hydrological State,0
0.25,45.84,22.5,4.27,0.09,5.03,GREEN,Normal Hydrological State,0
44.96,78.0,37.17,6.4,1.08,10.31,GREEN,Normal Hydrological State,0
0.31,63.66,55.84,9.81,5.32,74.73,ORANGE,Seismic GLOF Warning,1
111.09,94.67,42.21,10.89,0.46,91.56,RED,Cloudburst Flash Flood,1
4.84,46.2,6.39,1.03,0.9,5.07,GREEN,Normal Hydrological State,0
7.41,28.37,4.08,2.53,0.84,5.06,GREEN,Normal Hydrological State,0
1.72,17.72,26.4,3.17,1.14,5.04,GREEN,Normal Hydrological State,0
45.32,77.32,48.79,5.81,1.94,10.35,GREEN,Normal Hydrological State,0
0.58,51.61,15.81,3.57,0.81,5.04,GREEN,Normal Hydrological State,0
13.92,48.21,33.92,3.82,1.23,5.61,GREEN,Normal Hydrological State,0
39.42,58.39,35.06,5.06,3.28,7.4,GREEN,Normal Hydrological State,0
0.0,55.15,10.63,2.21,0.27,5.02,GREEN,Normal Hydrological State,0
9.81,43.66,34.02,1.78,1.42,5.39,GREEN,Normal Hydrological State,0
45.76,57.82,25.53,5.73,2.76,7.16,GREEN,Normal Hydrological State,0
108.11,77.27,26.51,10.68,2.56,78.48,RED,Cloudburst Flash Flood,1
122.92,78.73,39.95,9.19,1.73,68.64,ORANGE,Cloudburst Flash Flood,1
6.9,33.77,27.0,2.49,0.23,5.19,GREEN,Normal Hydrological State,0
2.44,54.45,37.36,2.79,0.3,5.14,GREEN,Normal Hydrological State,0
122.68,87.45,51.55,7.43,1.76,54.26,YELLOW,Cloudburst Flash Flood,1
6.97,45.87,43.35,8.4,6.51,71.63,ORANGE,Seismic GLOF Warning,1
7.45,15.95,38.87,1.45,0.63,5.13,GREEN,Normal Hydrological State,0
14.8,21.27,7.55,2.25,0.89,5.1,GREEN,Normal Hydrological State,0
3.44,47.97,23.33,1.62,0.07,5.13,GREEN,Normal Hydrological State,0
31.7,68.97,25.33,5.42,2.26,6.73,GREEN,Normal Hydrological State,0
82.27,77.36,26.97,10.81,0.2,75.43,RED,Cloudburst Flash Flood,1
1.46,66.74,36.98,8.97,6.84,76.76,RED,Seismic GLOF Warning,1
6.5,41.24,31.11,11.46,5.81,89.01,RED,Seismic GLOF Warning,1
22.88,25.15,29.33,1.98,1.66,5.47,GREEN,Normal Hydrological State,0
134.14,84.1,36.82,8.74,2.16,65.82,ORANGE,Cloudburst Flash Flood,1
64.8,84.45,44.77,9.61,0.0,58.89,ORANGE,River Overflow / Stage Exceeded,1
1.27,32.01,34.67,2.26,0.26,5.06,GREEN,Normal Hydrological State,0
12.4,26.21,35.84,2.74,0.47,5.31,GREEN,Normal Hydrological State,0
4.58,18.63,16.38,2.48,0.76,5.06,GREEN,Normal Hydrological State,0
3.89,33.92,32.61,2.46,0.85,5.13,GREEN,Normal Hydrological State,0
0.29,37.51,50.73,9.52,4.5,43.23,YELLOW,River Overflow / Stage Exceeded,0
17.35,28.6,21.66,3.63,0.17,5.33,GREEN,Normal Hydrological State,0
37.27,77.06,48.47,6.48,2.88,10.48,GREEN,Normal Hydrological State,0
5.35,36.74,39.68,2.76,0.53,5.21,GREEN,Normal Hydrological State,0
9.87,13.5,7.36,2.09,0.77,5.06,GREEN,Normal Hydrological State,0
2.58,30.49,44.2,3.55,0.44,5.1,GREEN,Normal Hydrological State,0
7.31,37.17,40.42,1.81,1.19,5.28,GREEN,Normal Hydrological State,0
59.35,69.24,41.59,4.69,0.69,10.8,GREEN,Normal Hydrological State,0
108.58,85.38,49.11,10.89,2.54,91.01,RED,Cloudburst Flash Flood,1
14.87,42.45,45.28,1.78,0.44,5.7,GREEN,Normal Hydrological State,0
2.11,18.29,20.98,1.92,0.39,5.04,GREEN,Normal Hydrological State,0
3.95,48.19,12.53,1.81,0.03,5.1,GREEN,Normal Hydrological State,0
3.91,37.27,26.41,2.14,1.56,5.12,GREEN,Normal Hydrological State,0
7.34,22.2,14.53,1.9,0.31,5.09,GREEN,Normal Hydrological State,0
4.04,42.29,24.31,3.03,0.54,5.13,GREEN,Normal Hydrological State,0
2.02,40.76,15.06,1.32,1.38,5.06,GREEN,Normal Hydrological State,0
8.43,39.34,9.5,3.56,0.16,5.13,GREEN,Normal Hydrological State,0
116.99,77.58,45.16,9.46,2.29,73.42,ORANGE,Cloudburst Flash Flood,1
13.12,40.02,38.92,1.49,0.14,5.53,GREEN,Normal Hydrological State,0
6.96,67.55,31.03,9.07,4.96,39.42,YELLOW,River Overflow / Stage Exceeded,0
5.0,41.07,7.9,1.04,0.64,5.08,GREEN,Normal Hydrological State,0
0.0,30.28,41.17,2.33,2.12,5.02,GREEN,Normal Hydrological State,0
6.15,22.31,40.81,3.03,0.75,5.15,GREEN,Normal Hydrological State,0
41.26,69.0,40.48,6.58,3.11,10.18,GREEN,Normal Hydrological State,0
1.91,24.39,19.15,3.14,0.09,5.05,GREEN,Normal Hydrological State,0
3.09,50.57,7.6,2.95,0.16,5.06,GREEN,Normal Hydrological State,0
50.72,70.22,44.6,6.06,2.6,10.17,GREEN,Normal Hydrological State,0
1.27,69.06,45.16,8.07,5.94,54.08,YELLOW,Seismic GLOF Warning,1
1.17,37.74,39.25,3.44,0.63,5.06,GREEN,Normal Hydrological State,0
5.36,27.0,48.22,8.05,5.58,47.48,YELLOW,Seismic GLOF Warning,0
0.43,50.68,54.84,11.56,6.02,96.8,RED,Seismic GLOF Warning,1
78.82,89.21,37.19,10.62,1.88,79.14,RED,Cloudburst Flash Flood,1
1.82,28.38,31.45,11.19,6.83,92.98,RED,Seismic GLOF Warning,1
2.46,21.2,5.59,3.17,0.53,5.03,GREEN,Normal Hydrological State,0
0.0,47.91,44.8,3.21,0.06,5.02,GREEN,Normal Hydrological State,0
3.14,38.49,8.67,1.01,0.77,5.06,GREEN,Normal Hydrological State,0
2.69,20.17,31.57,2.08,0.33,5.06,GREEN,Normal Hydrological State,0
7.64,38.92,35.53,3.79,0.43,5.28,GREEN,Normal Hydrological State,0
0.66,42.78,23.48,1.8,0.11,5.04,GREEN,Normal Hydrological State,0
3.33,64.07,56.77,8.88,5.67,71.55,ORANGE,Seismic GLOF Warning,1
5.52,23.8,36.53,2.41,0.56,5.14,GREEN,Normal Hydrological State,0
0.29,32.13,40.54,2.86,0.14,5.03,GREEN,Normal Hydrological State,0
39.69,74.04,30.56,6.79,1.37,10.3,GREEN,Normal Hydrological State,0
2.45,32.33,45.99,11.65,4.42,79.78,RED,River Overflow / Stage Exceeded,1
14.32,46.4,25.34,2.57,1.41,5.49,GREEN,Normal Hydrological State,0
33.18,59.49,37.49,4.76,2.51,7.12,GREEN,Normal Hydrological State,0
0.0,29.55,21.54,3.39,0.44,5.02,GREEN,Normal Hydrological State,0
3.42,29.73,36.78,3.16,1.15,5.11,GREEN,Normal Hydrological State,0
0.02,16.77,38.68,4.05,0.11,5.02,GREEN,Normal Hydrological State,0
5.6,55.6,9.58,1.88,0.41,5.12,GREEN,Normal Hydrological State,0
12.72,32.12,28.47,2.41,0.27,5.33,GREEN,Normal Hydrological State,0
32.41,80.03,39.41,5.05,2.74,8.05,GREEN,Normal Hydrological State,0
5.19,37.07,40.97,1.27,0.88,5.21,GREEN,Normal Hydrological State,0
8.29,40.9,29.73,3.33,0.35,5.29,GREEN,Normal Hydrological State,0
2.94,32.59,35.39,2.03,1.64,5.1,GREEN,Normal Hydrological State,0
11.09,31.2,16.68,2.04,0.11,5.19,GREEN,Normal Hydrological State,0
0.27,31.81,43.49,2.44,0.0,5.03,GREEN,Normal Hydrological State,0
117.59,89.19,52.91,9.45,1.1,82.22,RED,Cloudburst Flash Flood,1
10.62,68.91,57.12,7.35,4.32,14.93,GREEN,River Overflow / Stage Exceeded,0
102.9,75.62,52.65,8.68,0.84,58.16,ORANGE,Cloudburst Flash Flood,1
12.39,32.04,40.96,1.11,0.75,5.41,GREEN,Normal Hydrological State,0
5.71,51.01,15.35,2.45,0.41,5.16,GREEN,Normal Hydrological State,0
28.7,66.7,39.78,6.07,0.39,7.23,GREEN,Normal Hydrological State,0
2.25,42.01,39.01,2.19,0.09,5.11,GREEN,Normal Hydrological State,0
14.68,28.87,8.86,1.28,0.41,5.15,GREEN,Normal Hydrological State,0
29.41,76.03,49.4,5.52,2.7,8.03,GREEN,Normal Hydrological State,0
44.86,78.57,46.38,5.08,1.66,10.17,GREEN,Normal Hydrological State,0
37.13,56.41,17.6,6.07,3.11,6.28,GREEN,Normal Hydrological State,0
33.18,76.1,40.34,5.94,3.42,8.01,GREEN,Normal Hydrological State,0
34.0,59.42,38.09,4.43,2.62,7.2,GREEN,Normal Hydrological State,0
4.34,42.27,7.69,3.44,0.66,5.07,GREEN,Normal Hydrological State,0
10.62,30.65,10.56,3.05,0.32,5.13,GREEN,Normal Hydrological State,0
38.69,78.4,25.86,5.96,1.43,7.57,GREEN,Normal Hydrological State,0
104.32,97.47,47.38,8.88,1.69,70.73,ORANGE,Cloudburst Flash Flood,1
12.21,16.95,11.91,3.51,0.71,5.1,GREEN,Normal Hydrological State,0
13.31,19.93,30.09,3.32,0.66,5.23,GREEN,Normal Hydrological State,0
1.7,17.35,37.53,2.06,0.15,5.05,GREEN,Normal Hydrological State,0
2.24,29.4,37.4,1.62,0.32,5.08,GREEN,Normal Hydrological State,0
4.83,45.84,49.97,10.51,6.95,96.81,RED,Seismic GLOF Warning,1
54.66,66.85,34.55,7.05,1.37,13.5,GREEN,River Overflow / Stage Exceeded,0
32.24,71.92,44.48,5.84,2.13,7.93,GREEN,Normal Hydrological State,0
1.88,27.47,7.05,3.68,0.15,5.03,GREEN,Normal Hydrological State,0
2.74,56.63,16.17,2.04,0.41,5.1,GREEN,Normal Hydrological State,0
0.79,28.98,27.01,2.43,0.43,5.04,GREEN,Normal Hydrological State,0
3.85,34.33,17.58,1.2,0.39,5.09,GREEN,Normal Hydrological State,0
36.33,67.75,17.4,6.68,1.51,8.08,GREEN,Normal Hydrological State,0
38.09,74.53,24.27,6.68,2.79,9.07,GREEN,Normal Hydrological State,0
5.82,52.79,18.38,2.31,0.85,5.19,GREEN,Normal Hydrological State,0
16.69,39.62,10.44,0.5,0.14,5.25,GREEN,Normal Hydrological State,0
3.45,31.78,36.15,3.44,0.08,5.12,GREEN,Normal Hydrological State,0
4.65,39.3,42.7,1.38,1.73,5.2,GREEN,Normal Hydrological State,0
3.66,49.78,19.38,3.1,0.43,5.12,GREEN,Normal Hydrological State,0
3.0,28.04,27.57,1.82,0.16,5.08,GREEN,Normal Hydrological State,0
40.32,68.77,26.81,6.52,0.99,8.65,GREEN,Normal Hydrological State,0
13.0,12.65,21.86,1.84,0.3,5.12,GREEN,Normal Hydrological State,0
2.62,54.16,28.84,2.84,0.43,5.13,GREEN,Normal Hydrological State,0
3.2,47.22,32.66,2.27,0.57,5.15,GREEN,Normal Hydrological State,0
0.44,63.09,46.01,11.77,5.02,89.15,RED,River Overflow / Stage Exceeded,1
2.92,19.77,31.57,2.99,1.25,5.07,GREEN,Normal Hydrological State,0
111.08,84.53,48.78,7.06,1.69,39.94,YELLOW,Cloudburst Flash Flood,0
0.19,44.34,32.52,2.05,0.24,5.03,GREEN,Normal Hydrological State,0
103.04,80.36,43.77,9.06,0.89,62.61,ORANGE,Cloudburst Flash Flood,1
18.49,74.52,43.6,7.71,6.31,62.36,ORANGE,Seismic GLOF Warning,1
0.79,36.1,38.03,1.81,0.24,5.05,GREEN,Normal Hydrological State,0
1.41,33.33,43.85,1.94,0.27,5.07,GREEN,Normal Hydrological State,0
143.39,91.87,27.87,6.6,1.81,32.67,GREEN,Cloudburst Flash Flood,0
4.58,68.21,35.88,7.13,7.29,58.55,ORANGE,Seismic GLOF Warning,1
0.0,35.55,17.37,1.91,0.1,5.02,GREEN,Normal Hydrological State,0
115.45,84.31,34.58,6.82,2.36,29.02,GREEN,Cloudburst Flash Flood,0
1.76,21.06,15.52,2.13,1.06,5.04,GREEN,Normal Hydrological State,0
2.32,47.0,50.12,8.51,5.88,65.05,ORANGE,Seismic GLOF Warning,1
99.87,87.98,36.55,9.81,0.34,72.88,ORANGE,Cloudburst Flash Flood,1
4.67,37.79,22.13,2.15,0.17,5.13,GREEN,Normal Hydrological State,0
121.1,80.39,41.13,8.05,1.77,50.85,YELLOW,Cloudburst Flash Flood,1
11.58,38.73,32.38,10.85,4.25,61.61,ORANGE,River Overflow / Stage Exceeded,1
4.62,25.57,29.92,3.74,0.18,5.11,GREEN,Normal Hydrological State,0
5.2,21.74,25.75,2.34,1.03,5.1,GREEN,Normal Hydrological State,0
1.92,50.17,38.6,12.14,4.71,87.99,RED,River Overflow / Stage Exceeded,1
4.81,26.16,24.92,3.58,1.85,5.11,GREEN,Normal Hydrological State,0
15.96,32.67,27.38,2.06,1.26,5.41,GREEN,Normal Hydrological State,0
94.53,97.79,35.27,10.09,0.45,77.67,RED,Cloudburst Flash Flood,1
30.87,75.54,26.47,5.93,2.74,6.93,GREEN,Normal Hydrological State,0
9.64,37.26,33.7,2.45,0.0,5.33,GREEN,Normal Hydrological State,0
7.79,59.88,32.08,7.86,6.68,51.21,YELLOW,Seismic GLOF Warning,1
1.19,39.36,48.97,7.92,5.84,52.97,YELLOW,Seismic GLOF Warning,1
7.68,38.35,30.01,1.6,0.33,5.25,GREEN,Normal Hydrological State,0
86.81,99.22,47.4,8.4,1.88,55.27,ORANGE,Cloudburst Flash Flood,1
33.37,78.33,20.72,6.72,1.72,8.63,GREEN,Normal Hydrological State,0
2.84,49.51,20.13,3.29,0.98,5.1,GREEN,Normal Hydrological State,0
93.21,95.18,48.42,8.75,0.25,62.97,ORANGE,Cloudburst Flash Flood,1
128.41,96.31,28.52,10.62,0.37,87.37,RED,Cloudburst Flash Flood,1
1.54,51.36,29.93,1.25,0.33,5.08,GREEN,Normal Hydrological State,0
10.54,37.92,15.38,2.5,0.14,5.21,GREEN,Normal Hydrological State,0
3.05,38.69,39.15,2.09,1.02,5.13,GREEN,Normal Hydrological State,0
3.53,17.69,17.76,2.1,1.62,5.05,GREEN,Normal Hydrological State,0
8.01,36.46,43.84,3.35,0.18,5.32,GREEN,Normal Hydrological State,0
7.45,54.68,33.08,2.78,0.21,5.37,GREEN,Normal Hydrological State,0
10.15,68.79,33.56,8.71,4.79,32.77,GREEN,River Overflow / Stage Exceeded,0
102.45,83.24,48.74,8.03,0.81,49.39,YELLOW,Cloudburst Flash Flood,0
14.26,49.44,42.0,2.05,0.48,5.75,GREEN,Normal Hydrological State,0
108.91,90.58,29.23,9.81,1.87,71.38,ORANGE,Cloudburst Flash Flood,1
9.7,51.01,56.65,7.5,6.21,68.66,ORANGE,Seismic GLOF Warning,1
140.57,99.25,44.71,10.92,0.0,96.15,RED,Cloudburst Flash Flood,1
136.45,97.19,35.65,8.78,1.59,73.01,ORANGE,Cloudburst Flash Flood,1
24.3,59.34,22.56,4.62,1.92,6.0,GREEN,Normal Hydrological State,0
119.46,93.34,54.56,10.67,2.37,93.74,RED,Cloudburst Flash Flood,1
26.43,77.08,47.83,7.14,2.19,11.81,GREEN,River Overflow / Stage Exceeded,0
5.11,50.13,33.94,2.86,0.43,5.24,GREEN,Normal Hydrological State,0
50.94,67.82,34.23,6.48,0.83,10.22,GREEN,Normal Hydrological State,0
7.16,36.55,13.17,4.44,0.17,5.13,GREEN,Normal Hydrological State,0
0.0,40.89,42.09,1.41,1.24,5.02,GREEN,Normal Hydrological State,0
7.11,21.83,39.28,0.89,0.59,5.17,GREEN,Normal Hydrological State,0
12.07,42.56,8.99,3.49,1.14,5.18,GREEN,Normal Hydrological State,0
3.9,52.5,32.81,2.33,0.68,5.19,GREEN,Normal Hydrological State,0
0.75,41.63,15.99,2.64,0.39,5.04,GREEN,Normal Hydrological State,0
8.86,17.14,8.75,2.22,1.01,5.07,GREEN,Normal Hydrological State,0
2.39,21.12,44.16,3.88,0.0,5.07,GREEN,Normal Hydrological State,0
40.64,67.74,35.61,4.93,1.9,8.02,GREEN,Normal Hydrological State,0
59.73,76.86,43.23,4.57,1.92,12.02,GREEN,Saturated Soil Runoff,0
131.63,76.13,34.71,7.04,0.92,32.61,GREEN,Cloudburst Flash Flood,0
2.0,40.05,42.47,3.0,0.04,5.1,GREEN,Normal Hydrological State,0
133.17,96.13,31.77,8.8,2.42,67.93,ORANGE,Cloudburst Flash Flood,1
5.49,36.96,36.57,2.6,0.0,5.2,GREEN,Normal Hydrological State,0
7.8,41.4,25.15,3.28,1.14,5.24,GREEN,Normal Hydrological State,0
8.55,50.74,37.58,1.19,0.16,5.43,GREEN,Normal Hydrological State,0
3.78,45.02,23.07,2.4,0.0,5.13,GREEN,Normal Hydrological State,0
5.51,28.21,43.15,2.03,0.2,5.18,GREEN,Normal Hydrological State,0
30.28,78.24,45.59,5.14,1.97,8.07,GREEN,Normal Hydrological State,0
146.67,94.91,34.52,8.21,1.21,66.1,ORANGE,Cloudburst Flash Flood,1
0.0,40.31,33.11,1.55,0.35,5.02,GREEN,Normal Hydrological State,0
28.28,28.13,31.89,2.63,0.52,5.7,GREEN,Normal Hydrological State,0
3.42,19.89,22.25,3.38,0.29,5.06,GREEN,Normal Hydrological State,0
16.68,27.28,22.46,3.35,0.08,5.31,GREEN,Normal Hydrological State,0
57.76,55.15,41.48,4.94,2.91,9.12,GREEN,Normal Hydrological State,0
94.4,100.0,48.41,9.71,0.32,79.87,RED,Cloudburst Flash Flood,1
2.83,55.93,57.86,11.92,4.57,87.54,RED,River Overflow / Stage Exceeded,1
47.69,71.04,39.34,6.18,3.28,9.64,GREEN,Normal Hydrological State,0
7.72,35.21,13.32,2.19,0.61,5.13,GREEN,Normal Hydrological State,0
3.57,32.87,36.52,1.76,0.0,5.13,GREEN,Normal Hydrological State,0
1.03,45.88,28.0,2.32,0.21,5.06,GREEN,Normal Hydrological State,0
6.93,28.25,8.91,1.55,0.13,5.08,GREEN,Normal Hydrological State,0
36.76,78.97,47.22,4.57,1.92,9.07,GREEN,Normal Hydrological State,0
14.32,54.09,34.96,2.12,0.0,5.73,GREEN,Normal Hydrological State,0
2.11,52.89,36.85,3.3,1.53,5.12,GREEN,Normal Hydrological State,0
4.9,46.02,34.38,3.97,0.14,5.22,GREEN,Normal Hydrological State,0
0.08,29.52,35.99,3.06,0.03,5.02,GREEN,Normal Hydrological State,0
10.31,22.09,39.33,3.41,0.27,5.24,GREEN,Normal Hydrological State,0
3.1,53.02,44.37,2.2,0.0,5.19,GREEN,Normal Hydrological State,0
4.7,30.81,46.41,7.89,5.96,53.54,YELLOW,Seismic GLOF Warning,1
3.95,21.34,23.94,2.52,0.03,5.08,GREEN,Normal Hydrological State,0
3.89,38.19,24.11,3.2,0.07,5.12,GREEN,Normal Hydrological State,0
0.0,40.18,44.24,10.26,4.96,66.93,ORANGE,River Overflow / Stage Exceeded,1
1.93,17.81,27.56,1.63,0.92,5.05,GREEN,Normal Hydrological State,0
9.78,19.37,9.63,2.02,0.69,5.08,GREEN,Normal Hydrological State,0
8.94,33.7,22.29,0.5,0.56,5.21,GREEN,Normal Hydrological State,0
6.04,22.1,34.6,2.96,0.0,5.14,GREEN,Normal Hydrological State,0
10.68,43.87,35.77,1.78,0.88,5.44,GREEN,Normal Hydrological State,0
5.84,51.43,13.76,1.78,0.61,5.15,GREEN,Normal Hydrological State,0
48.23,63.48,20.01,5.48,1.04,7.07,GREEN,Normal Hydrological State,0
0.0,55.87,28.2,2.18,0.13,5.02,GREEN,Normal Hydrological State,0
104.25,77.22,38.48,10.89,0.73,85.64,RED,Cloudburst Flash Flood,1
83.6,77.82,32.35,7.99,2.56,30.05,GREEN,Cloudburst Flash Flood,0
4.92,40.72,41.93,2.25,0.85,5.22,GREEN,Normal Hydrological State,0
9.25,32.05,38.06,1.79,0.64,5.3,GREEN,Normal Hydrological State,0
10.69,48.29,25.56,3.05,1.62,5.38,GREEN,Normal Hydrological State,0
2.38,48.22,16.44,3.05,0.59,5.08,GREEN,Normal Hydrological State,0
9.3,29.22,44.81,4.51,0.76,5.3,GREEN,Normal Hydrological State,0
0.0,22.78,23.87,2.98,0.75,5.02,GREEN,Normal Hydrological State,0
10.49,40.02,52.1,10.99,5.78,93.02,RED,Seismic GLOF Warning,1
5.2,46.41,6.19,0.94,0.3,5.08,GREEN,Normal Hydrological State,0
11.9,32.69,19.05,3.08,1.41,5.24,GREEN,Normal Hydrological State,0
29.64,65.07,36.76,6.02,1.55,7.05,GREEN,Normal Hydrological State,0
0.92,64.59,43.45,8.83,5.7,58.81,ORANGE,Seismic GLOF Warning,1
12.68,21.53,36.86,2.24,0.22,5.27,GREEN,Normal Hydrological State,0
6.02,55.97,27.01,2.58,0.23,5.27,GREEN,Normal Hydrological State,0
0.0,38.28,27.29,2.98,1.05,5.02,GREEN,Normal Hydrological State,0
2.04,47.21,4.74,3.25,0.52,5.04,GREEN,Normal Hydrological State,0
2.63,51.07,45.13,10.4,4.23,52.64,YELLOW,River Overflow / Stage Exceeded,1
14.0,20.99,7.63,3.09,0.76,5.1,GREEN,Normal Hydrological State,0
18.47,42.41,22.55,3.26,0.25,5.53,GREEN,Normal Hydrological State,0
117.05,73.57,36.96,8.89,0.24,56.7,ORANGE,Cloudburst Flash Flood,1
90.62,85.11,36.98,7.45,2.29,30.06,GREEN,Cloudburst Flash Flood,0
5.21,25.8,31.33,2.44,0.16,5.13,GREEN,Normal Hydrological State,0
2.14,42.58,51.13,9.84,4.46,48.76,YELLOW,River Overflow / Stage Exceeded,0
44.51,73.6,31.06,4.39,0.96,8.32,GREEN,Normal Hydrological State,0
6.29,48.94,21.28,2.39,0.88,5.21,GREEN,Normal Hydrological State,0
3.82,17.06,17.97,2.54,0.96,5.06,GREEN,Normal Hydrological State,0
1.41,34.82,5.19,3.9,0.0,5.03,GREEN,Normal Hydrological State,0
4.73,30.51,42.35,1.99,0.16,5.16,GREEN,Normal Hydrological State,0
1.46,28.11,44.75,2.4,0.03,5.06,GREEN,Normal Hydrological State,0
11.49,17.03,13.31,2.75,1.08,5.1,GREEN,Normal Hydrological State,0
3.33,16.58,16.21,2.55,0.0,5.05,GREEN,Normal Hydrological State,0
54.8,54.89,30.88,6.6,2.28,9.66,GREEN,Normal Hydrological State,0
12.1,22.5,24.92,3.07,0.05,5.21,GREEN,Normal Hydrological State,0
10.28,34.3,35.43,3.45,0.33,5.33,GREEN,Normal Hydrological State,0
31.13,61.51,32.36,5.62,2.29,6.82,GREEN,Normal Hydrological State,0
1.94,35.91,57.86,10.39,6.37,95.42,RED,Seismic GLOF Warning,1
3.48,73.13,36.92,9.63,5.76,68.59,ORANGE,Seismic GLOF Warning,1
8.42,55.99,35.3,10.4,7.07,92.07,RED,Seismic GLOF Warning,1
44.55,58.95,46.45,5.77,2.83,8.54,GREEN,Normal Hydrological State,0
0.0,68.38,57.99,11.48,7.3,99.0,RED,Seismic GLOF Warning,1
11.04,39.81,51.0,9.9,5.37,76.16,RED,Seismic GLOF Warning,1
11.75,41.38,35.2,1.93,0.33,5.46,GREEN,Normal Hydrological State,0
1.98,50.3,39.03,0.99,1.92,5.11,GREEN,Normal Hydrological State,0
1.89,38.63,7.79,3.32,0.26,5.04,GREEN,Normal Hydrological State,0
10.69,30.74,12.14,3.22,0.12,5.15,GREEN,Normal Hydrological State,0
0.0,18.13,8.07,2.37,0.0,5.02,GREEN,Normal Hydrological State,0
4.64,20.46,36.85,2.01,0.46,5.11,GREEN,Normal Hydrological State,0
40.94,66.54,33.32,5.15,1.57,7.82,GREEN,Normal Hydrological State,0
45.4,77.22,29.78,6.95,0.69,11.9,GREEN,Normal Hydrological State,0
0.97,44.32,8.53,3.6,0.0,5.03,GREEN,Normal Hydrological State,0
2.32,63.98,58.77,7.83,4.84,29.66,GREEN,Seismic GLOF Warning,0
49.31,61.99,17.63,4.98,2.17,6.84,GREEN,Normal Hydrological State,0
15.47,44.07,7.89,2.88,0.1,5.21,GREEN,Normal Hydrological State,0
113.86,95.22,26.81,6.76,2.22,25.89,GREEN,Cloudburst Flash Flood,0
4.85,16.63,42.27,4.22,1.98,5.1,GREEN,Normal Hydrological State,0
4.11,75.4,39.05,11.58,7.5,98.35,RED,Seismic GLOF Warning,1
5.38,51.42,9.21,1.82,1.77,5.11,GREEN,Normal Hydrological State,0
10.91,51.71,18.75,3.07,1.17,5.33,GREEN,Normal Hydrological State,0
6.5,42.32,31.64,8.21,6.7,55.62,ORANGE,Seismic GLOF Warning,1
115.85,79.05,29.18,9.59,0.06,65.23,ORANGE,Cloudburst Flash Flood,1
1.22,55.44,5.95,3.1,0.43,5.04,GREEN,Normal Hydrological State,0
5.65,15.86,31.45,4.25,0.41,5.09,GREEN,Normal Hydrological State,0
3.27,14.15,11.3,1.18,0.14,5.04,GREEN,Normal Hydrological State,0
0.0,37.22,51.75,11.28,7.09,98.66,RED,Seismic GLOF Warning,1
24.15,21.88,23.21,3.21,0.86,5.37,GREEN,Normal Hydrological State,0
26.53,59.4,19.08,5.04,3.1,5.95,GREEN,Normal Hydrological State,0
122.12,97.3,33.88,7.32,0.79,43.2,YELLOW,Cloudburst Flash Flood,0
0.0,61.64,51.56,7.99,7.39,89.39,RED,Seismic GLOF Warning,1
2.46,35.15,49.06,8.02,4.51,20.87,GREEN,River Overflow / Stage Exceeded,0
7.69,40.27,26.99,1.97,0.31,5.25,GREEN,Normal Hydrological State,0
146.96,74.35,51.57,10.25,1.75,90.25,RED,Cloudburst Flash Flood,1
34.45,79.46,34.25,4.94,2.95,7.9,GREEN,Normal Hydrological State,0
18.88,19.24,20.12,3.32,0.1,5.23,GREEN,Normal Hydrological State,0
0.0,26.3,33.25,1.64,0.23,5.02,GREEN,Normal Hydrological State,0
50.07,78.78,24.2,5.79,3.24,8.33,GREEN,Normal Hydrological State,0
1.04,63.67,47.55,10.06,6.31,89.42,RED,Seismic GLOF Warning,1
2.15,46.44,11.01,2.78,0.23,5.06,GREEN,Normal Hydrological State,0
32.74,65.43,26.75,6.06,2.51,6.83,GREEN,Normal Hydrological State,0
2.96,40.4,39.65,2.97,0.58,5.13,GREEN,Normal Hydrological State,0
1.79,46.59,33.02,9.63,6.78,79.82,RED,Seismic GLOF Warning,1
2.84,51.87,32.49,8.17,4.42,18.46,GREEN,River Overflow / Stage Exceeded,0
1.03,49.1,14.58,3.4,0.7,5.04,GREEN,Normal Hydrological State,0
35.69,77.32,42.42,6.39,0.67,9.47,GREEN,Normal Hydrological State,0
3.07,67.25,39.64,8.74,6.33,67.99,ORANGE,Seismic GLOF Warning,1
92.49,100.0,54.8,9.88,0.92,83.5,RED,Cloudburst Flash Flood,1
3.91,46.87,32.65,9.7,7.19,85.0,RED,Seismic GLOF Warning,1
43.1,53.92,17.81,6.68,2.93,8.0,GREEN,Normal Hydrological State,0
2.07,17.79,31.91,1.61,1.6,5.05,GREEN,Normal Hydrological State,0
9.67,30.18,20.56,1.88,0.41,5.19,GREEN,Normal Hydrological State,0
144.29,86.36,55.42,10.03,0.22,92.57,RED,Cloudburst Flash Flood,1
1.48,33.44,40.96,1.54,0.28,5.07,GREEN,Normal Hydrological State,0
11.34,58.03,40.56,10.05,6.34,86.87,RED,Seismic GLOF Warning,1
7.07,42.41,32.46,3.43,0.28,5.27,GREEN,Normal Hydrological State,0
2.89,35.84,35.01,1.61,0.22,5.11,GREEN,Normal Hydrological State,0
1.07,22.14,32.05,1.35,0.22,5.04,GREEN,Normal Hydrological State,0
110.14,91.5,49.65,9.21,1.73,76.28,RED,Cloudburst Flash Flood,1
45.42,73.55,36.85,6.07,2.9,9.06,GREEN,Normal Hydrological State,0
0.23,27.28,17.9,1.87,0.68,5.02,GREEN,Normal Hydrological State,0
109.1,90.93,24.74,7.36,0.6,27.87,GREEN,Cloudburst Flash Flood,0
5.64,18.56,13.66,2.4,0.0,5.07,GREEN,Normal Hydrological State,0
0.0,47.65,42.71,4.6,0.21,5.02,GREEN,Normal Hydrological State,0
1.19,25.41,45.05,1.65,0.89,5.05,GREEN,Normal Hydrological State,0
10.58,46.62,40.75,1.6,0.14,5.51,GREEN,Normal Hydrological State,0
3.4,49.03,17.2,3.06,0.38,5.11,GREEN,Normal Hydrological State,0
0.0,65.89,48.47,9.16,6.53,84.89,RED,Seismic GLOF Warning,1
6.27,41.89,19.22,0.71,0.21,5.17,GREEN,Normal Hydrological State,0
15.57,39.38,22.56,4.72,0.77,5.42,GREEN,Normal Hydrological State,0
2.69,37.28,44.67,2.23,0.46,5.12,GREEN,Normal Hydrological State,0
5.55,29.07,18.24,3.32,0.1,5.11,GREEN,Normal Hydrological State,0
20.85,15.0,33.46,2.69,0.13,5.29,GREEN,Normal Hydrological State,0
14.69,21.87,32.15,3.41,2.17,5.29,GREEN,Normal Hydrological State,0
6.0,47.55,26.57,3.86,0.43,5.23,GREEN,Normal Hydrological State,0
5.67,34.66,29.72,3.62,0.16,5.17,GREEN,Normal Hydrological State,0
7.16,49.53,13.82,1.88,0.5,5.17,GREEN,Normal Hydrological State,0
1.82,53.85,52.13,8.75,6.51,83.71,RED,Seismic GLOF Warning,1
67.03,95.06,53.4,8.44,2.3,46.16,YELLOW,River Overflow / Stage Exceeded,0
2.99,12.58,14.99,2.36,0.2,5.04,GREEN,Normal Hydrological State,0
3.95,30.14,36.43,4.62,0.14,5.13,GREEN,Normal Hydrological State,0
87.01,74.51,47.31,11.3,1.61,88.17,RED,Cloudburst Flash Flood,1
3.84,37.55,37.5,2.27,0.58,5.15,GREEN,Normal Hydrological State,0
52.48,77.89,17.04,4.97,2.47,7.51,GREEN,Normal Hydrological State,0
11.58,27.47,31.38,1.87,0.72,5.28,GREEN,Normal Hydrological State,0
48.35,77.89,44.35,4.67,1.63,10.45,GREEN,Normal Hydrological State,0
2.35,15.96,37.58,1.19,1.77,5.05,GREEN,Normal Hydrological State,0
0.0,46.37,48.69,9.8,7.2,95.21,RED,Seismic GLOF Warning,1
1.57,25.47,9.38,2.5,0.75,5.03,GREEN,Normal Hydrological State,0
0.34,35.83,21.5,1.12,0.65,5.03,GREEN,Normal Hydrological State,0
9.17,28.38,29.58,2.17,0.27,5.22,GREEN,Normal Hydrological State,0
36.12,62.1,39.96,6.04,2.9,7.64,GREEN,Normal Hydrological State,0
6.2,37.73,34.77,3.55,0.2,5.22,GREEN,Normal Hydrological State,0
2.89,65.66,32.93,11.15,5.42,83.06,RED,River Overflow / Stage Exceeded,1
3.98,29.72,17.03,1.5,0.81,5.08,GREEN,Normal Hydrological State,0
0.0,31.85,39.71,9.53,7.19,89.06,RED,Seismic GLOF Warning,1
0.02,24.97,15.01,2.38,0.0,5.02,GREEN,Normal Hydrological State,0
5.81,43.3,6.46,3.56,0.1,5.08,GREEN,Normal Hydrological State,0
72.67,88.25,40.17,8.63,0.65,43.72,YELLOW,Cloudburst Flash Flood,0
14.1,25.36,36.68,2.97,0.21,5.35,GREEN,Normal Hydrological State,0
0.55,39.17,32.77,11.93,5.21,88.92,RED,River Overflow / Stage Exceeded,1
13.88,46.42,18.73,2.28,0.63,5.38,GREEN,Normal Hydrological State,0
7.04,30.01,39.11,2.71,1.28,5.22,GREEN,Normal Hydrological State,0
36.69,70.73,39.48,5.89,1.66,8.06,GREEN,Normal Hydrological State,0
0.49,34.66,24.57,1.99,0.13,5.03,GREEN,Normal Hydrological State,0
2.56,42.58,41.02,1.86,0.21,5.13,GREEN,Normal Hydrological State,0
2.29,37.42,38.0,7.1,5.76,28.81,GREEN,Seismic GLOF Warning,0
44.78,74.29,28.88,5.24,2.39,8.17,GREEN,Normal Hydrological State,0
0.0,28.28,34.71,2.47,0.98,5.02,GREEN,Normal Hydrological State,0
38.02,82.56,25.99,6.32,2.63,8.37,GREEN,Normal Hydrological State,0
122.61,98.16,31.34,8.46,0.51,58.94,ORANGE,Cloudburst Flash Flood,1
7.04,51.12,22.25,3.05,0.62,5.25,GREEN,Normal Hydrological State,0
81.59,96.45,35.05,9.61,0.62,65.03,ORANGE,Cloudburst Flash Flood,1
2.21,54.77,4.66,1.79,0.58,5.04,GREEN,Normal Hydrological State,0
2.5,65.12,49.93,9.66,6.42,89.04,RED,Seismic GLOF Warning,1
25.6,77.97,45.51,5.9,3.28,7.49,GREEN,Normal Hydrological State,0
4.17,38.25,6.98,2.64,1.51,5.06,GREEN,Normal Hydrological State,0
4.24,34.71,22.46,2.44,0.41,5.11,GREEN,Normal Hydrological State,0
0.41,54.68,34.85,10.35,5.48,73.12,ORANGE,Seismic GLOF Warning,1
130.82,99.0,34.27,11.58,2.2,95.8,RED,Cloudburst Flash Flood,1
12.11,50.99,40.38,7.53,5.05,24.48,GREEN,River Overflow / Stage Exceeded,0
11.57,22.19,43.97,2.2,0.19,5.28,GREEN,Normal Hydrological State,0
12.54,51.51,27.4,2.61,0.29,5.51,GREEN,Normal Hydrological State,0
2.12,45.11,25.2,2.33,0.42,5.09,GREEN,Normal Hydrological State,0
0.26,71.65,49.54,7.52,7.37,84.02,RED,Seismic GLOF Warning,1
95.27,94.02,46.98,10.35,1.78,85.13,RED,Cloudburst Flash Flood,1
8.02,24.89,40.08,3.04,1.39,5.21,GREEN,Normal Hydrological State,0
16.42,36.43,14.2,2.37,0.98,5.29,GREEN,Normal Hydrological State,0
39.83,69.85,35.56,5.12,2.09,8.05,GREEN,Normal Hydrological State,0
105.65,86.41,40.22,11.26,1.18,91.36,RED,Cloudburst Flash Flood,1
44.37,68.36,19.75,6.24,2.88,7.44,GREEN,Normal Hydrological State,0
3.97,35.51,28.8,1.96,0.3,5.13,GREEN,Normal Hydrological State,0
5.95,44.19,42.55,2.46,0.13,5.28,GREEN,Normal Hydrological State,0
2.05,36.25,31.85,1.19,0.12,5.08,GREEN,Normal Hydrological State,0
9.21,47.88,25.8,3.9,0.61,5.33,GREEN,Normal Hydrological State,0
28.04,70.59,32.97,4.86,1.43,6.92,GREEN,Normal Hydrological State,0
7.36,26.24,12.83,3.48,0.09,5.1,GREEN,Normal Hydrological State,0
10.03,44.57,43.62,0.74,1.26,5.48,GREEN,Normal Hydrological State,0
4.06,34.27,7.52,2.41,0.0,5.06,GREEN,Normal Hydrological State,0
4.03,14.55,19.68,1.45,1.28,5.05,GREEN,Normal Hydrological State,0
4.1,24.0,12.29,2.36,0.0,5.06,GREEN,Normal Hydrological State,0
109.3,83.23,52.41,8.02,2.32,54.61,YELLOW,Cloudburst Flash Flood,1
111.93,97.79,38.87,10.92,1.67,91.5,RED,Cloudburst Flash Flood,1
5.84,23.88,11.35,2.97,0.3,5.07,GREEN,Normal Hydrological State,0
9.75,47.51,21.28,3.8,1.25,5.3,GREEN,Normal Hydrological State,0
2.56,24.49,11.0,2.52,0.76,5.04,GREEN,Normal Hydrological State,0
67.37,100.0,36.33,10.47,0.08,75.66,RED,River Overflow / Stage Exceeded,1
1.09,21.26,20.79,2.15,1.72,5.03,GREEN,Normal Hydrological State,0
3.62,40.93,12.84,2.53,0.64,5.08,GREEN,Normal Hydrological State,0
1.01,53.35,44.38,3.2,2.01,5.08,GREEN,Normal Hydrological State,0
2.96,49.87,42.19,9.82,4.49,46.93,YELLOW,River Overflow / Stage Exceeded,0
9.21,51.45,2.91,1.61,1.46,5.08,GREEN,Normal Hydrological State,0
7.61,28.37,14.37,4.78,0.31,5.12,GREEN,Normal Hydrological State,0
68.04,96.49,32.64,11.11,2.18,82.49,RED,River Overflow / Stage Exceeded,1
9.67,30.88,44.77,2.26,0.79,5.33,GREEN,Normal Hydrological State,0
48.66,74.12,28.8,5.41,2.38,8.49,GREEN,Normal Hydrological State,0
7.22,22.89,37.56,1.93,2.46,5.17,GREEN,Normal Hydrological State,0
140.67,87.15,25.9,7.6,0.56,39.54,YELLOW,Cloudburst Flash Flood,0
4.06,28.58,54.72,9.92,4.25,44.96,YELLOW,River Overflow / Stage Exceeded,0
10.61,44.39,26.59,2.82,0.18,5.36,GREEN,Normal Hydrological State,0
35.56,54.44,24.34,6.42,1.63,7.28,GREEN,Normal Hydrological State,0
16.44,45.99,39.32,2.16,0.46,5.77,GREEN,Normal Hydrological State,0
5.35,46.7,44.02,1.91,0.81,5.28,GREEN,Normal Hydrological State,0
0.0,44.43,25.32,3.84,0.18,5.02,GREEN,Normal Hydrological State,0
5.29,50.75,9.87,2.91,0.09,5.11,GREEN,Normal Hydrological State,0
0.0,31.4,35.95,3.83,0.07,5.02,GREEN,Normal Hydrological State,0
0.0,51.3,56.35,10.37,5.07,77.21,RED,Seismic GLOF Warning,1
11.39,24.5,40.87,2.3,0.0,5.29,GREEN,Normal Hydrological State,0
5.45,50.13,51.89,9.37,5.75,76.82,RED,Seismic GLOF Warning,1
6.98,57.04,50.7,7.31,5.21,30.02,GREEN,Seismic GLOF Warning,0
5.24,26.11,32.68,3.28,0.0,5.13,GREEN,Normal Hydrological State,0
11.8,53.16,8.33,2.93,0.1,5.2,GREEN,Normal Hydrological State,0
0.0,62.51,47.4,11.23,6.8,97.43,RED,Seismic GLOF Warning,1
2.6,70.58,36.34,9.22,5.52,55.71,ORANGE,Seismic GLOF Warning,1
1.33,46.57,17.7,2.32,0.0,5.05,GREEN,Normal Hydrological State,0
146.93,82.29,40.45,7.16,0.59,48.57,YELLOW,Cloudburst Flash Flood,0
0.0,39.98,57.98,7.54,4.45,16.54,GREEN,River Overflow / Stage Exceeded,0
51.24,79.7,18.21,6.19,2.29,8.01,GREEN,Normal Hydrological State,0
0.45,42.62,14.34,1.99,0.12,5.03,GREEN,Normal Hydrological State,0
4.85,69.93,38.74,8.65,7.51,84.92,RED,Seismic GLOF Warning,1
6.06,52.97,43.98,2.75,0.02,5.35,GREEN,Normal Hydrological State,0
12.83,23.61,45.93,2.96,0.27,5.34,GREEN,Normal Hydrological State,0
27.75,73.53,46.03,5.15,2.52,7.58,GREEN,Normal Hydrological State,0
0.28,43.13,22.87,1.26,1.06,5.03,GREEN,Normal Hydrological State,0
7.78,34.67,7.57,2.79,0.23,5.09,GREEN,Normal Hydrological State,0
26.08,61.71,27.24,6.23,1.93,6.67,GREEN,Normal Hydrological State,0
8.43,34.78,34.22,3.51,0.24,5.27,GREEN,Normal Hydrological State,0
35.51,67.7,25.76,5.58,2.89,6.95,GREEN,Normal Hydrological State,0
63.02,81.58,43.64,7.27,2.32,21.07,GREEN,River Overflow / Stage Exceeded,0
11.04,41.76,9.39,2.92,0.2,5.17,GREEN,Normal Hydrological State,0
2.39,39.88,29.51,7.31,4.2,9.87,GREEN,River Overflow / Stage Exceeded,0
0.74,56.18,27.45,3.43,1.75,5.05,GREEN,Normal Hydrological State,0
4.15,25.11,23.5,2.12,0.41,5.09,GREEN,Normal Hydrological State,0
0.6,24.15,41.02,3.55,0.31,5.04,GREEN,Normal Hydrological State,0
97.21,82.02,34.2,9.94,1.97,70.55,ORANGE,Cloudburst Flash Flood,1
4.24,40.6,25.81,3.24,0.49,5.14,GREEN,Normal Hydrological State,0
4.08,39.34,5.75,1.91,0.56,5.06,GREEN,Normal Hydrological State,0
8.66,40.41,14.57,2.76,0.89,5.18,GREEN,Normal Hydrological State,0
0.99,41.46,42.98,10.12,6.61,90.29,RED,Seismic GLOF Warning,1
0.66,42.66,17.74,0.86,0.16,5.04,GREEN,Normal Hydrological State,0
4.43,39.7,4.68,1.1,0.0,5.05,GREEN,Normal Hydrological State,0
46.15,80.58,45.77,5.05,2.75,10.5,GREEN,Normal Hydrological State,0
5.5,38.45,43.35,9.06,5.07,47.95,YELLOW,River Overflow / Stage Exceeded,0
60.09,57.49,36.28,6.97,2.32,12.84,GREEN,Normal Hydrological State,0
11.81,17.18,25.23,1.1,0.1,5.16,GREEN,Normal Hydrological State,0
57.83,79.79,42.96,6.6,3.13,14.41,GREEN,Saturated Soil Runoff,0
5.82,37.29,50.19,8.76,7.26,92.0,RED,Seismic GLOF Warning,1
10.23,37.38,24.22,2.16,1.77,5.28,GREEN,Normal Hydrological State,0
3.75,13.21,43.74,2.34,2.17,5.07,GREEN,Normal Hydrological State,0
29.97,59.79,31.39,6.33,2.56,7.26,GREEN,Normal Hydrological State,0
1.43,43.62,40.02,2.23,1.06,5.08,GREEN,Normal Hydrological State,0
2.02,53.2,42.97,1.96,0.05,5.13,GREEN,Normal Hydrological State,0
8.12,43.71,14.18,3.85,0.9,5.18,GREEN,Normal Hydrological State,0
4.36,51.75,35.83,8.83,7.17,78.83,RED,Seismic GLOF Warning,1
45.62,62.18,32.51,6.19,3.29,8.23,GREEN,Normal Hydrological State,0
5.07,45.36,27.89,1.7,0.11,5.19,GREEN,Normal Hydrological State,0
3.29,21.99,22.71,0.95,0.86,5.07,GREEN,Normal Hydrological State,0
0.0,47.79,14.98,2.78,0.69,5.02,GREEN,Normal Hydrological State,0
57.53,61.33,24.77,5.8,1.03,7.96,GREEN,Normal Hydrological State,0
3.24,53.02,41.84,2.13,1.19,5.19,GREEN,Normal Hydrological State,0
3.33,52.26,50.06,7.32,5.88,46.8,YELLOW,Seismic GLOF Warning,0
13.5,13.94,18.17,2.16,0.44,5.12,GREEN,Normal Hydrological State,0
56.72,75.71,42.82,5.05,0.83,11.33,GREEN,Saturated Soil Runoff,0
127.4,86.71,42.95,9.44,2.5,79.38,RED,Cloudburst Flash Flood,1
10.07,41.8,23.81,1.64,0.19,5.3,GREEN,Normal Hydrological State,0
3.79,21.7,28.05,0.93,0.29,5.08,GREEN,Normal Hydrological State,0
6.49,30.1,35.15,1.67,1.49,5.19,GREEN,Normal Hydrological State,0
8.63,28.9,24.27,2.72,0.15,5.19,GREEN,Normal Hydrological State,0
0.0,23.91,44.29,2.74,0.31,5.02,GREEN,Normal Hydrological State,0
4.1,27.57,32.5,1.98,0.4,5.11,GREEN,Normal Hydrological State,0
4.49,46.07,12.16,4.06,0.65,5.1,GREEN,Normal Hydrological State,0
6.08,55.53,28.87,2.08,0.22,5.28,GREEN,Normal Hydrological State,0
0.0,47.15,49.11,10.48,4.89,71.56,ORANGE,River Overflow / Stage Exceeded,1
6.62,17.66,14.9,1.94,0.11,5.07,GREEN,Normal Hydrological State,0
50.21,65.62,16.33,5.09,1.93,6.88,GREEN,Normal Hydrological State,0
3.18,45.78,45.42,0.93,0.69,5.17,GREEN,Normal Hydrological State,0
3.72,30.95,13.18,2.84,0.2,5.07,GREEN,Normal Hydrological State,0
14.67,32.83,40.37,2.88,0.53,5.5,GREEN,Normal Hydrological State,0
98.71,95.65,29.07,7.57,1.24,32.5,GREEN,Cloudburst Flash Flood,0
0.26,58.42,19.67,1.47,0.34,5.03,GREEN,Normal Hydrological State,0
7.18,39.71,21.34,3.16,0.7,5.19,GREEN,Normal Hydrological State,0
0.63,62.69,32.89,10.53,6.05,82.01,RED,Seismic GLOF Warning,1
10.83,54.53,7.52,3.0,0.1,5.18,GREEN,Normal Hydrological State,0
4.41,18.13,14.57,3.15,0.49,5.06,GREEN,Normal Hydrological State,0
5.67,34.91,39.64,3.49,0.08,5.21,GREEN,Normal Hydrological State,0
34.44,76.16,25.66,5.27,1.54,7.15,GREEN,Normal Hydrological State,0
1.56,42.37,6.4,3.13,0.38,5.04,GREEN,Normal Hydrological State,0
59.94,69.05,23.3,6.67,1.35,10.46,GREEN,Normal Hydrological State,0
15.99,42.19,20.8,1.49,0.67,5.43,GREEN,Normal Hydrological State,0
0.0,23.54,14.95,1.86,0.26,5.02,GREEN,Normal Hydrological State,0
2.73,24.97,24.37,2.17,0.2,5.07,GREEN,Normal Hydrological State,0
3.57,62.92,55.1,10.51,4.59,67.72,ORANGE,River Overflow / Stage Exceeded,1
55.04,74.96,36.32,5.64,1.11,10.15,GREEN,Normal Hydrological State,0
4.63,37.15,19.82,1.32,0.68,5.12,GREEN,Normal Hydrological State,0
13.51,32.6,34.48,1.79,0.49,5.41,GREEN,Normal Hydrological State,0
17.79,24.04,35.02,3.05,2.9,5.4,GREEN,Normal Hydrological State,0
2.8,29.98,29.01,2.85,1.69,5.08,GREEN,Normal Hydrological State,0
9.77,30.53,23.12,3.47,0.3,5.21,GREEN,Normal Hydrological State,0
1.43,56.44,44.08,10.87,6.92,96.27,RED,Seismic GLOF Warning,1
3.93,21.42,13.99,2.22,0.57,5.06,GREEN,Normal Hydrological State,0
139.57,96.77,37.81,8.29,1.95,69.07,ORANGE,Cloudburst Flash Flood,1
6.15,50.66,12.63,2.89,0.07,5.15,GREEN,Normal Hydrological State,0
5.07,55.44,45.46,11.18,4.49,74.43,ORANGE,River Overflow / Stage Exceeded,1
0.58,65.88,56.26,10.68,5.45,87.74,RED,Seismic GLOF Warning,1
1.01,57.03,41.24,7.47,5.61,32.85,GREEN,Seismic GLOF Warning,0
1.8,32.28,18.07,3.38,0.55,5.05,GREEN,Normal Hydrological State,0
24.78,71.16,19.7,5.01,1.17,6.11,GREEN,Normal Hydrological State,0
4.93,50.87,26.36,3.54,0.09,5.2,GREEN,Normal Hydrological State,0
27.76,34.61,7.8,2.24,0.06,5.29,GREEN,Normal Hydrological State,0
6.59,44.07,38.61,1.9,0.0,5.29,GREEN,Normal Hydrological State,0
8.89,47.55,24.41,3.42,0.1,5.31,GREEN,Normal Hydrological State,0
0.55,46.21,39.18,2.65,1.04,5.04,GREEN,Normal Hydrological State,0
4.57,40.25,27.76,1.04,1.06,5.16,GREEN,Normal Hydrological State,0
5.58,38.15,30.33,3.45,0.88,5.19,GREEN,Normal Hydrological State,0
0.04,39.61,8.94,3.38,1.55,5.02,GREEN,Normal Hydrological State,0
4.5,47.96,19.07,3.29,0.58,5.14,GREEN,Normal Hydrological State,0
3.42,39.95,56.65,8.62,6.69,88.8,RED,Seismic GLOF Warning,1
18.8,32.24,39.71,2.57,0.8,5.62,GREEN,Normal Hydrological State,0
145.71,93.83,48.68,7.29,0.7,66.06,ORANGE,Cloudburst Flash Flood,1
7.05,38.55,41.29,1.28,0.96,5.29,GREEN,Normal Hydrological State,0
5.09,49.1,16.19,2.12,0.72,5.14,GREEN,Normal Hydrological State,0
0.71,47.51,4.23,2.73,0.36,5.03,GREEN,Normal Hydrological State,0
3.02,47.75,33.82,3.67,0.34,5.14,GREEN,Normal Hydrological State,0
57.55,71.18,35.28,6.77,0.5,12.87,GREEN,Normal Hydrological State,0
7.68,34.29,24.46,2.52,0.15,5.2,GREEN,Normal Hydrological State,0
51.5,77.74,31.97,5.56,3.2,9.4,GREEN,Normal Hydrological State,0
6.5,23.7,47.47,2.47,0.9,5.18,GREEN,Normal Hydrological State,0
3.17,31.78,16.87,3.14,0.35,5.07,GREEN,Normal Hydrological State,0
6.87,25.25,22.97,3.6,1.06,5.13,GREEN,Normal Hydrological State,0
1.61,37.75,22.29,2.38,1.88,5.06,GREEN,Normal Hydrological State,0
8.73,41.86,19.85,2.74,0.02,5.23,GREEN,Normal Hydrological State,0
14.73,15.88,18.25,3.73,0.0,5.15,GREEN,Normal Hydrological State,0
2.88,67.43,48.37,8.48,6.55,78.55,RED,Seismic GLOF Warning,1
2.93,30.96,19.55,3.98,1.14,5.07,GREEN,Normal Hydrological State,0
5.66,13.94,39.65,0.83,0.76,5.1,GREEN,Normal Hydrological State,0
26.02,72.01,21.9,5.96,1.33,6.29,GREEN,Normal Hydrological State,0
144.45,80.95,33.67,8.26,1.51,56.75,ORANGE,Cloudburst Flash Flood,1
29.11,75.91,16.23,5.42,2.53,6.2,GREEN,Normal Hydrological State,0
88.49,74.93,37.55,9.62,1.47,61.28,ORANGE,Cloudburst Flash Flood,1
77.55,81.75,48.89,10.29,1.23,76.14,RED,Cloudburst Flash Flood,1
5.76,16.86,21.34,3.88,1.78,5.08,GREEN,Normal Hydrological State,0
9.73,25.31,17.44,2.92,0.13,5.15,GREEN,Normal Hydrological State,0
2.24,63.36,32.36,8.93,6.22,59.72,ORANGE,Seismic GLOF Warning,1
4.95,29.05,26.48,3.21,0.07,5.12,GREEN,Normal Hydrological State,0
0.0,36.37,30.48,1.08,0.52,5.02,GREEN,Normal Hydrological State,0
6.42,28.61,18.19,1.52,0.4,5.12,GREEN,Normal Hydrological State,0
7.2,48.22,40.18,2.81,0.52,5.36,GREEN,Normal Hydrological State,0
4.18,34.7,16.29,3.67,0.27,5.09,GREEN,Normal Hydrological State,0
2.99,52.83,56.87,11.28,7.11,99.0,RED,Seismic GLOF Warning,1
0.0,30.37,43.98,3.05,0.85,5.02,GREEN,Normal Hydrological State,0
4.63,61.96,56.95,7.6,7.15,88.74,RED,Seismic GLOF Warning,1
5.47,28.38,32.48,7.12,5.53,21.67,GREEN,Seismic GLOF Warning,0
0.0,69.17,52.28,11.32,5.34,90.39,RED,Seismic GLOF Warning,1
13.74,32.26,39.06,2.48,3.2,5.45,GREEN,Normal Hydrological State,0
1.33,60.09,56.0,7.97,5.65,55.33,ORANGE,Seismic GLOF Warning,1
8.29,50.07,30.16,1.78,0.07,5.35,GREEN,Normal Hydrological State,0
0.81,54.62,39.84,1.52,0.79,5.06,GREEN,Normal Hydrological State,0
118.55,88.99,41.63,11.4,0.97,94.29,RED,Cloudburst Flash Flood,1
64.75,84.42,44.02,10.16,2.05,68.58,ORANGE,River Overflow / Stage Exceeded,1
67.58,89.24,34.98,8.67,1.14,39.97,YELLOW,River Overflow / Stage Exceeded,0
49.73,64.8,28.91,4.86,1.23,8.05,GREEN,Normal Hydrological State,0
3.3,40.77,30.34,1.6,0.28,5.13,GREEN,Normal Hydrological State,0
3.98,33.21,34.21,1.96,0.32,5.13,GREEN,Normal Hydrological State,0
6.26,45.3,23.04,0.77,0.8,5.2,GREEN,Normal Hydrological State,0
41.95,77.16,41.34,6.57,2.76,10.95,GREEN,Normal Hydrological State,0
4.36,31.74,39.67,2.18,1.72,5.15,GREEN,Normal Hydrological State,0
8.81,55.88,35.27,2.24,0.0,5.46,GREEN,Normal Hydrological State,0
4.57,66.27,46.62,11.76,7.3,99.0,RED,Seismic GLOF Warning,1
1.04,27.77,7.61,2.31,0.37,5.03,GREEN,Normal Hydrological State,0
6.43,53.51,9.41,2.15,0.36,5.13,GREEN,Normal Hydrological State,0
3.19,38.94,5.37,1.28,0.11,5.05,GREEN,Normal Hydrological State,0
9.74,56.2,31.63,3.8,0.53,5.48,GREEN,Normal Hydrological State,0
142.18,79.92,27.03,6.95,2.35,29.54,GREEN,Cloudburst Flash Flood,0
72.66,83.31,36.05,10.47,0.71,73.06,ORANGE,Cloudburst Flash Flood,1
32.26,59.33,40.27,5.77,2.6,7.16,GREEN,Normal Hydrological State,0
3.77,55.78,39.83,7.5,6.22,46.27,YELLOW,Seismic GLOF Warning,0
3.31,52.03,23.32,1.58,0.9,5.13,GREEN,Normal Hydrological State,0
47.7,64.76,43.76,6.07,0.48,9.24,GREEN,Normal Hydrological State,0
2.67,37.26,40.46,2.68,0.05,5.12,GREEN,Normal Hydrological State,0
0.0,22.5,7.91,1.51,0.83,5.02,GREEN,Normal Hydrological State,0
2.81,46.75,32.2,0.7,0.82,5.13,GREEN,Normal Hydrological State,0
4.08,30.72,30.15,3.07,0.41,5.12,GREEN,Normal Hydrological State,0
8.2,32.13,6.64,2.53,0.2,5.08,GREEN,Normal Hydrological State,0
107.69,95.6,28.37,9.15,1.47,60.87,ORANGE,Cloudburst Flash Flood,1
16.41,18.11,37.03,1.27,0.34,5.29,GREEN,Normal Hydrological State,0
2.08,15.17,42.81,1.45,0.74,5.05,GREEN,Normal Hydrological State,0
2.37,27.45,40.78,3.67,1.58,5.08,GREEN,Normal Hydrological State,0
9.94,51.07,43.25,1.67,0.59,5.55,GREEN,Normal Hydrological State,0
25.53,66.55,47.94,6.32,2.92,7.77,GREEN,Normal Hydrological State,0
141.04,74.39,29.94,10.55,2.3,83.77,RED,Cloudburst Flash Flood,1
1.27,39.79,15.65,1.26,0.36,5.04,GREEN,Normal Hydrological State,0
25.22,39.39,40.55,2.71,0.35,6.05,GREEN,Normal Hydrological State,0
75.99,86.94,27.54,10.11,0.86,64.56,ORANGE,Cloudburst Flash Flood,1
113.2,93.77,49.27,9.63,1.21,83.18,RED,Cloudburst Flash Flood,1
0.04,57.31,8.9,2.9,0.33,5.02,GREEN,Normal Hydrological State,0
47.95,55.36,21.67,4.6,2.3,6.88,GREEN,Normal Hydrological State,0
5.21,55.37,26.47,2.67,0.62,5.23,GREEN,Normal Hydrological State,0
4.3,18.25,20.77,1.65,0.24,5.07,GREEN,Normal Hydrological State,0
6.84,16.97,17.06,2.38,0.76,5.08,GREEN,Normal Hydrological State,0
7.34,32.75,34.9,3.27,0.4,5.23,GREEN,Normal Hydrological State,0
5.33,37.56,30.74,0.72,0.47,5.18,GREEN,Normal Hydrological State,0
8.19,36.56,13.72,1.59,0.27,5.15,GREEN,Normal Hydrological State,0
70.97,95.72,45.07,10.31,0.36,76.9,RED,Cloudburst Flash Flood,1
4.29,24.98,15.23,3.1,0.69,5.07,GREEN,Normal Hydrological State,0
3.71,38.81,45.98,2.84,0.13,5.17,GREEN,Normal Hydrological State,0
2.34,42.43,11.7,1.21,0.07,5.06,GREEN,Normal Hydrological State,0
9.47,51.21,5.7,1.09,0.02,5.12,GREEN,Normal Hydrological State,0
6.14,46.17,39.63,8.63,5.85,56.14,ORANGE,Seismic GLOF Warning,1
1.77,34.3,24.16,2.25,0.09,5.06,GREEN,Normal Hydrological State,0
31.67,72.91,32.3,5.94,2.63,7.25,GREEN,Normal Hydrological State,0
55.06,66.94,32.4,6.07,2.77,9.11,GREEN,Normal Hydrological State,0
70.59,98.26,36.62,8.36,1.76,39.54,YELLOW,Cloudburst Flash Flood,0
4.55,33.06,12.59,3.58,0.77,5.08,GREEN,Normal Hydrological State,0
10.21,17.65,5.94,2.84,0.17,5.06,GREEN,Normal Hydrological State,0
7.9,37.46,23.33,3.27,0.01,5.21,GREEN,Normal Hydrological State,0
2.25,68.56,35.91,11.51,6.69,95.52,RED,Seismic GLOF Warning,1
17.31,54.25,23.85,2.31,0.75,5.66,GREEN,Normal Hydrological State,0
11.48,28.03,37.71,3.08,0.65,5.32,GREEN,Normal Hydrological State,0
29.27,59.2,30.53,5.08,1.23,6.55,GREEN,Normal Hydrological State,0
26.9,49.61,16.44,3.5,0.53,5.71,GREEN,Normal Hydrological State,0
3.35,51.84,24.55,2.11,0.01,5.14,GREEN,Normal Hydrological State,0
0.49,41.19,9.38,4.13,0.23,5.03,GREEN,Normal Hydrological State,0
8.94,31.61,6.24,1.43,0.69,5.09,GREEN,Normal Hydrological State,0
0.0,49.11,43.28,1.97,0.81,5.02,GREEN,Normal Hydrological State,0
8.46,50.29,29.11,2.78,0.32,5.35,GREEN,Normal Hydrological State,0
5.5,33.49,37.85,3.45,1.26,5.19,GREEN,Normal Hydrological State,0
34.97,62.59,13.94,5.75,1.4,6.04,GREEN,Normal Hydrological State,0
1.29,69.74,31.29,11.51,4.34,73.93,ORANGE,River Overflow / Stage Exceeded,1
6.54,27.47,34.66,2.88,0.57,5.18,GREEN,Normal Hydrological State,0
2.04,40.98,11.3,2.76,0.0,5.05,GREEN,Normal Hydrological State,0
3.69,55.08,25.69,2.01,0.23,5.16,GREEN,Normal Hydrological State,0
138.33,78.95,37.35,9.4,2.43,74.97,ORANGE,Cloudburst Flash Flood,1
5.09,28.68,19.61,3.54,0.73,5.1,GREEN,Normal Hydrological State,0
6.79,45.84,12.16,2.23,0.29,5.14,GREEN,Normal Hydrological State,0
0.0,22.53,24.09,2.59,0.18,5.02,GREEN,Normal Hydrological State,0
11.59,35.06,46.98,9.6,7.13,93.79,RED,Seismic GLOF Warning,1
4.93,37.61,35.5,3.21,0.43,5.18,GREEN,Normal Hydrological State,0
27.79,64.5,33.05,6.93,3.01,9.43,GREEN,Normal Hydrological State,0
3.87,32.61,27.09,2.8,0.52,5.11,GREEN,Normal Hydrological State,0
2.7,53.33,11.87,1.48,0.37,5.08,GREEN,Normal Hydrological State,0
67.02,78.2,44.84,11.11,0.99,82.27,RED,River Overflow / Stage Exceeded,1
0.0,13.91,34.26,3.36,0.17,5.02,GREEN,Normal Hydrological State,0
6.97,57.29,44.54,1.12,0.59,5.44,GREEN,Normal Hydrological State,0
7.54,23.02,23.39,2.99,0.14,5.13,GREEN,Normal Hydrological State,0
118.19,86.48,53.85,8.2,0.6,64.55,ORANGE,Cloudburst Flash Flood,1
7.41,44.73,21.11,2.13,0.18,5.22,GREEN,Normal Hydrological State,0
4.24,39.83,23.19,2.46,0.08,5.13,GREEN,Normal Hydrological State,0
0.62,58.11,43.1,3.27,0.07,5.06,GREEN,Normal Hydrological State,0
2.68,54.24,9.53,1.27,1.23,5.07,GREEN,Normal Hydrological State,0
5.95,33.25,27.47,3.31,0.22,5.17,GREEN,Normal Hydrological State,0
0.44,47.62,26.27,3.49,0.09,5.04,GREEN,Normal Hydrological State,0
5.96,32.21,37.1,9.87,4.8,53.51,YELLOW,River Overflow / Stage Exceeded,1
44.45,63.34,33.77,6.37,3.12,8.83,GREEN,Normal Hydrological State,0
2.06,48.62,26.07,2.16,0.07,5.09,GREEN,Normal Hydrological State,0
9.26,42.97,43.61,1.33,0.17,5.43,GREEN,Normal Hydrological State,0
54.1,70.06,44.07,6.94,2.62,14.52,GREEN,Normal Hydrological State,0
9.41,29.28,12.38,2.34,1.27,5.13,GREEN,Normal Hydrological State,0
9.48,38.05,21.77,3.12,0.2,5.24,GREEN,Normal Hydrological State,0
52.25,57.76,41.65,5.83,3.19,8.86,GREEN,Normal Hydrological State,0
3.26,28.21,28.2,2.81,0.98,5.09,GREEN,Normal Hydrological State,0
4.41,28.89,18.08,1.46,0.19,5.09,GREEN,Normal Hydrological State,0
98.92,82.07,47.8,8.51,2.17,54.61,YELLOW,Cloudburst Flash Flood,1
116.64,93.35,52.9,9.43,2.39,83.31,RED,Cloudburst Flash Flood,1
6.09,20.28,34.96,3.61,0.13,5.13,GREEN,Normal Hydrological State,0
124.1,95.33,49.48,9.26,2.33,83.2,RED,Cloudburst Flash Flood,1
1.82,46.29,42.59,2.59,1.39,5.1,GREEN,Normal Hydrological State,0
15.61,35.6,12.56,1.61,1.67,5.24,GREEN,Normal Hydrological State,0
5.93,24.51,33.67,2.83,0.94,5.14,GREEN,Normal Hydrological State,0
3.36,53.32,31.39,1.0,0.0,5.17,GREEN,Normal Hydrological State,0
12.76,47.83,8.27,3.94,0.0,5.2,GREEN,Normal Hydrological State,0
13.35,33.23,29.42,8.85,5.4,41.7,YELLOW,River Overflow / Stage Exceeded,0
0.4,64.95,51.49,7.68,6.68,74.57,ORANGE,Seismic GLOF Warning,1
6.33,45.95,13.81,2.42,1.42,5.15,GREEN,Normal Hydrological State,0
3.57,39.59,24.49,2.77,0.51,5.12,GREEN,Normal Hydrological State,0
3.54,37.95,10.02,2.36,0.42,5.07,GREEN,Normal Hydrological State,0
4.89,41.74,16.22,2.67,0.32,5.12,GREEN,Normal Hydrological State,0
49.45,75.18,39.68,5.03,0.8,9.86,GREEN,Normal Hydrological State,0
57.06,72.48,39.55,5.39,0.64,10.59,GREEN,Normal Hydrological State,0
13.11,46.78,30.19,2.83,1.08,5.52,GREEN,Normal Hydrological State,0
4.21,28.44,17.66,2.75,1.15,5.08,GREEN,Normal Hydrological State,0
74.48,79.43,31.03,8.9,2.27,41.2,YELLOW,Cloudburst Flash Flood,0
3.16,29.17,25.87,1.34,3.29,5.08,GREEN,Normal Hydrological State,0
0.0,42.35,39.76,1.9,0.78,5.02,GREEN,Normal Hydrological State,0
5.85,35.38,18.06,2.52,0.08,5.13,GREEN,Normal Hydrological State,0
0.0,58.0,43.81,8.65,6.68,77.42,RED,Seismic GLOF Warning,1
3.67,31.79,13.54,3.65,1.99,5.07,GREEN,Normal Hydrological State,0
132.99,83.19,46.93,8.41,0.3,67.61,ORANGE,Cloudburst Flash Flood,1
5.94,14.86,13.39,2.57,1.23,5.06,GREEN,Normal Hydrological State,0
36.31,78.78,17.84,4.94,3.11,6.73,GREEN,Normal Hydrological State,0
3.8,46.43,31.9,1.21,0.25,5.16,GREEN,Normal Hydrological State,0
0.0,40.88,45.92,0.64,0.41,5.02,GREEN,Normal Hydrological State,0
4.78,26.89,36.4,3.08,0.0,5.14,GREEN,Normal Hydrological State,0
0.0,46.04,11.85,2.16,0.38,5.02,GREEN,Normal Hydrological State,0
47.77,65.81,23.74,4.71,2.19,7.48,GREEN,Normal Hydrological State,0
48.62,75.28,41.32,5.55,1.69,9.93,GREEN,Normal Hydrological State,0
6.39,43.77,44.92,0.94,0.16,5.31,GREEN,Normal Hydrological State,0
2.74,54.42,17.83,3.08,0.27,5.1,GREEN,Normal Hydrological State,0
4.24,61.52,48.04,11.26,7.13,98.41,RED,Seismic GLOF Warning,1
1.58,29.91,24.91,0.88,0.16,5.05,GREEN,Normal Hydrological State,0
1.66,23.08,35.8,1.75,0.11,5.05,GREEN,Normal Hydrological State,0
1.33,46.43,39.79,2.55,1.23,5.08,GREEN,Normal Hydrological State,0
4.03,49.98,55.16,8.08,6.06,69.14,ORANGE,Seismic GLOF Warning,1
0.34,21.81,4.84,4.06,0.63,5.02,GREEN,Normal Hydrological State,0
5.11,28.5,32.53,1.65,0.17,5.14,GREEN,Normal Hydrological State,0
1.67,23.0,7.24,2.46,0.21,5.03,GREEN,Normal Hydrological State,0
0.44,31.05,23.78,3.16,0.76,5.03,GREEN,Normal Hydrological State,0
0.24,55.54,50.47,9.87,7.43,96.92,RED,Seismic GLOF Warning,1
58.56,76.88,29.18,4.77,0.76,9.71,GREEN,Normal Hydrological State,0
2.38,41.13,57.69,8.81,5.31,59.84,ORANGE,Seismic GLOF Warning,1
10.92,52.14,24.78,1.81,0.88,5.41,GREEN,Normal Hydrological State,0
1.15,70.4,42.6,11.66,6.49,96.75,RED,Seismic GLOF Warning,1
2.23,42.11,15.79,3.82,0.11,5.07,GREEN,Normal Hydrological State,0
0.87,40.97,28.6,1.78,0.25,5.05,GREEN,Normal Hydrological State,0
4.1,31.3,41.05,2.41,0.32,5.14,GREEN,Normal Hydrological State,0
9.3,47.54,37.73,1.1,0.14,5.43,GREEN,Normal Hydrological State,0
145.75,80.54,32.84,8.97,0.7,67.73,ORANGE,Cloudburst Flash Flood,1
110.13,80.37,27.37,10.31,0.64,74.89,ORANGE,Cloudburst Flash Flood,1
45.54,61.17,43.84,6.09,3.36,8.77,GREEN,Normal Hydrological State,0
16.62,51.82,43.93,1.61,0.13,5.95,GREEN,Normal Hydrological State,0
45.92,69.37,29.97,5.5,2.95,8.11,GREEN,Normal Hydrological State,0
5.74,29.61,22.19,2.81,0.31,5.13,GREEN,Normal Hydrological State,0
15.68,20.78,41.74,3.09,0.19,5.34,GREEN,Normal Hydrological State,0
4.06,59.99,39.01,10.82,5.61,84.47,RED,Seismic GLOF Warning,1
11.24,39.46,24.9,1.42,0.41,5.33,GREEN,Normal Hydrological State,0
3.37,33.82,30.04,1.7,0.2,5.11,GREEN,Normal Hydrological State,0
82.04,91.8,38.93,8.66,0.56,48.84,YELLOW,Cloudburst Flash Flood,0
43.59,64.7,46.15,5.62,1.2,8.85,GREEN,Normal Hydrological State,0
4.44,31.73,16.29,2.26,0.02,5.09,GREEN,Normal Hydrological State,0
18.97,46.68,45.58,2.37,2.45,6.01,GREEN,Normal Hydrological State,0
3.13,41.93,30.27,3.01,0.48,5.12,GREEN,Normal Hydrological State,0
134.26,79.46,48.53,11.31,1.42,95.11,RED,Cloudburst Flash Flood,1
3.74,46.57,5.36,2.21,1.25,5.06,GREEN,Normal Hydrological State,0
20.32,25.66,10.74,2.7,0.27,5.21,GREEN,Normal Hydrological State,0
0.0,65.28,54.73,8.23,7.14,90.14,RED,Seismic GLOF Warning,1
7.76,18.36,15.26,1.33,2.43,5.09,GREEN,Normal Hydrological State,0
5.01,38.8,25.21,2.37,0.0,5.15,GREEN,Normal Hydrological State,0
118.57,88.87,47.3,7.3,1.94,48.41,YELLOW,Cloudburst Flash Flood,0
3.93,14.03,18.55,1.43,0.78,5.05,GREEN,Normal Hydrological State,0
0.0,20.23,9.35,2.63,0.57,5.02,GREEN,Normal Hydrological State,0
49.46,71.91,38.16,6.58,2.52,11.29,GREEN,Normal Hydrological State,0
6.29,50.68,58.01,8.84,7.44,96.64,RED,Seismic GLOF Warning,1
5.76,51.96,29.34,3.26,0.0,5.25,GREEN,Normal Hydrological State,0
11.96,45.05,18.0,2.6,0.43,5.31,GREEN,Normal Hydrological State,0
5.14,42.68,7.98,4.27,0.9,5.08,GREEN,Normal Hydrological State,0
0.0,31.66,10.84,2.95,0.0,5.02,GREEN,Normal Hydrological State,0
80.88,87.13,53.92,7.47,1.74,35.25,YELLOW,Cloudburst Flash Flood,0
1.62,61.18,58.78,10.38,5.46,86.33,RED,Seismic GLOF Warning,1
11.88,48.13,7.7,3.04,0.05,5.18,GREEN,Normal Hydrological State,0
0.8,45.27,12.28,2.47,0.92,5.04,GREEN,Normal Hydrological State,0
5.25,17.33,39.08,3.01,0.87,5.11,GREEN,Normal Hydrological State,0
6.54,43.49,32.93,9.84,6.54,79.98,RED,Seismic GLOF Warning,1
9.47,37.0,38.71,1.58,0.38,5.35,GREEN,Normal Hydrological State,0
2.03,41.71,19.6,3.55,0.29,5.07,GREEN,Normal Hydrological State,0
2.57,46.48,17.57,2.81,0.17,5.08,GREEN,Normal Hydrological State,0
0.0,44.21,30.09,1.29,0.12,5.02,GREEN,Normal Hydrological State,0
9.92,15.38,33.61,2.98,1.33,5.15,GREEN,Normal Hydrological State,0
3.49,30.67,20.39,4.14,1.26,5.08,GREEN,Normal Hydrological State,0
1.53,52.51,53.42,8.66,6.83,88.58,RED,Seismic GLOF Warning,1
29.51,62.45,36.11,4.95,1.16,6.9,GREEN,Normal Hydrological State,0
4.13,44.18,13.81,1.34,0.18,5.1,GREEN,Normal Hydrological State,0
95.94,95.57,47.96,8.98,0.42,67.99,ORANGE,Cloudburst Flash Flood,1
12.55,30.01,39.11,2.05,2.13,5.38,GREEN,Normal Hydrological State,0
41.95,76.04,34.04,4.85,1.06,8.48,GREEN,Normal Hydrological State,0
5.33,35.79,17.0,2.36,2.3,5.12,GREEN,Normal Hydrological State,0
3.98,43.26,35.39,2.92,0.32,5.17,GREEN,Normal Hydrological State,0
6.47,41.13,38.18,2.56,1.11,5.27,GREEN,Normal Hydrological State,0
5.65,38.43,56.76,11.23,4.83,84.31,RED,River Overflow / Stage Exceeded,1
38.31,82.19,47.96,5.87,2.44,9.58,GREEN,Normal Hydrological State,0
1.47,43.23,21.87,3.12,1.23,5.06,GREEN,Normal Hydrological State,0
1.31,16.99,43.84,1.32,0.51,5.04,GREEN,Normal Hydrological State,0
6.58,45.13,17.03,2.5,1.51,5.17,GREEN,Normal Hydrological State,0
7.38,35.92,6.08,2.05,0.67,5.08,GREEN,Normal Hydrological State,0
1.94,17.67,26.1,1.95,1.59,5.04,GREEN,Normal Hydrological State,0
51.03,74.68,32.14,6.2,1.02,9.56,GREEN,Normal Hydrological State,0
2.11,57.98,34.65,7.19,5.65,25.4,GREEN,Seismic GLOF Warning,0
3.06,51.2,36.75,1.6,0.0,5.16,GREEN,Normal Hydrological State,0
7.01,38.09,13.34,3.14,0.33,5.13,GREEN,Normal Hydrological State,0
3.85,41.46,21.61,2.53,0.22,5.12,GREEN,Normal Hydrological State,0
0.0,55.87,50.19,8.92,5.54,61.95,ORANGE,Seismic GLOF Warning,1
31.83,66.28,22.05,6.54,0.91,7.68,GREEN,Normal Hydrological State,0
47.63,71.11,16.67,6.59,3.32,8.41,GREEN,Normal Hydrological State,0
12.16,28.55,20.18,2.54,0.17,5.22,GREEN,Normal Hydrological State,0
14.63,41.8,26.24,1.45,0.2,5.46,GREEN,Normal Hydrological State,0
4.77,49.98,42.78,2.16,2.11,5.26,GREEN,Normal Hydrological State,0
51.31,60.06,36.37,5.79,0.82,8.53,GREEN,Normal Hydrological State,0
100.95,90.24,28.14,7.51,1.03,29.97,GREEN,Cloudburst Flash Flood,0
5.63,16.61,15.96,1.0,0.23,5.07,GREEN,Normal Hydrological State,0
23.34,49.55,8.29,2.78,0.77,5.36,GREEN,Normal Hydrological State,0
77.86,88.7,40.07,10.85,1.44,82.74,RED,Cloudburst Flash Flood,1
117.61,95.71,34.2,8.7,1.84,62.67,ORANGE,Cloudburst Flash Flood,1
0.45,13.31,23.72,3.17,0.83,5.03,GREEN,Normal Hydrological State,0
3.97,15.98,26.72,1.67,0.69,5.07,GREEN,Normal Hydrological State,0
0.05,54.14,13.33,1.64,1.92,5.02,GREEN,Normal Hydrological State,0
16.15,55.8,39.93,1.5,0.0,5.94,GREEN,Normal Hydrological State,0
95.24,99.82,47.07,8.53,0.74,61.92,ORANGE,Cloudburst Flash Flood,1
2.8,69.97,46.52,10.44,4.64,64.63,ORANGE,River Overflow / Stage Exceeded,1
6.13,46.54,21.44,1.45,1.57,5.19,GREEN,Normal Hydrological State,0
3.04,32.44,12.23,3.45,0.26,5.06,GREEN,Normal Hydrological State,0
2.27,40.64,43.75,3.17,0.31,5.11,GREEN,Normal Hydrological State,0
4.4,58.23,39.4,8.01,4.5,19.31,GREEN,River Overflow / Stage Exceeded,0
112.34,94.72,30.44,7.33,0.77,34.8,GREEN,Cloudburst Flash Flood,0
2.22,22.72,39.23,2.3,3.38,5.07,GREEN,Normal Hydrological State,0
95.13,75.94,33.67,9.17,0.41,53.29,YELLOW,Cloudburst Flash Flood,1
12.64,37.31,7.41,2.59,0.31,5.14,GREEN,Normal Hydrological State,0
4.09,17.63,20.41,1.98,0.19,5.06,GREEN,Normal Hydrological State,0
7.81,32.22,42.48,10.07,4.47,52.07,YELLOW,River Overflow / Stage Exceeded,1
39.65,72.14,40.12,4.46,1.33,8.5,GREEN,Normal Hydrological State,0
59.57,66.95,39.38,5.51,0.71,10.3,GREEN,Normal Hydrological State,0
8.23,49.13,21.68,1.52,0.48,5.27,GREEN,Normal Hydrological State,0
7.6,48.21,9.0,2.12,0.56,5.13,GREEN,Normal Hydrological State,0
127.9,82.71,33.24,10.29,2.5,82.83,RED,Cloudburst Flash Flood,1
30.8,67.42,37.26,4.37,2.89,7.24,GREEN,Normal Hydrological State,0
4.29,54.24,58.66,11.61,7.38,99.0,RED,Seismic GLOF Warning,1
3.76,42.22,21.29,2.6,0.76,5.12,GREEN,Normal Hydrological State,0
31.55,59.91,36.64,4.61,1.51,6.98,GREEN,Normal Hydrological State,0
10.62,33.71,23.35,2.91,2.04,5.25,GREEN,Normal Hydrological State,0
1.95,43.01,55.87,9.93,6.33,92.55,RED,Seismic GLOF Warning,1
6.58,32.11,23.35,1.28,0.71,5.16,GREEN,Normal Hydrological State,0
4.25,31.37,23.43,2.8,1.14,5.11,GREEN,Normal Hydrological State,0
10.43,24.79,30.36,2.09,0.94,5.22,GREEN,Normal Hydrological State,0
37.73,69.06,21.96,6.59,0.52,8.3,GREEN,Normal Hydrological State,0
14.5,30.17,27.59,2.73,0.85,5.35,GREEN,Normal Hydrological State,0
3.03,52.91,44.88,10.5,5.87,87.04,RED,Seismic GLOF Warning,1
7.89,30.19,20.66,3.16,0.86,5.16,GREEN,Normal Hydrological State,0
53.69,54.87,37.84,6.15,3.21,8.72,GREEN,Normal Hydrological State,0
133.52,83.25,31.12,8.15,1.49,49.67,YELLOW,Cloudburst Flash Flood,0
4.63,50.08,4.59,3.34,0.04,5.06,GREEN,Normal Hydrological State,0
1.56,22.1,31.44,2.23,1.05,5.05,GREEN,Normal Hydrological State,0
2.53,36.7,8.34,1.88,0.09,5.05,GREEN,Normal Hydrological State,0
3.81,22.14,44.56,2.81,0.0,5.11,GREEN,Normal Hydrological State,0
59.1,68.38,48.16,5.07,1.03,11.45,GREEN,Saturated Soil Runoff,0
8.54,25.92,22.48,2.29,0.88,5.16,GREEN,Normal Hydrological State,0
7.45,29.97,29.54,3.78,2.44,5.19,GREEN,Normal Hydrological State,0
5.91,28.18,17.67,3.64,0.33,5.11,GREEN,Normal Hydrological State,0
7.76,29.37,31.71,2.36,0.1,5.21,GREEN,Normal Hydrological State,0
0.0,41.64,51.66,10.45,6.84,96.42,RED,Seismic GLOF Warning,1
70.6,86.26,40.95,8.68,1.71,43.35,YELLOW,Cloudburst Flash Flood,0
91.97,83.98,37.46,6.86,2.3,23.97,GREEN,Cloudburst Flash Flood,0
13.48,50.42,14.53,2.61,0.1,5.33,GREEN,Normal Hydrological State,0
2.81,24.28,25.28,2.48,1.56,5.07,GREEN,Normal Hydrological State,0
4.9,47.3,26.5,2.16,1.32,5.19,GREEN,Normal Hydrological State,0
2.15,44.12,34.91,8.53,6.96,69.79,ORANGE,Seismic GLOF Warning,1
9.73,48.41,46.03,8.23,6.47,72.32,ORANGE,Seismic GLOF Warning,1
6.95,15.98,25.44,2.5,0.57,5.1,GREEN,Normal Hydrological State,0
7.57,31.31,39.45,3.26,1.87,5.25,GREEN,Normal Hydrological State,0
2.36,41.18,26.68,2.86,0.02,5.09,GREEN,Normal Hydrological State,0
1.91,26.95,36.39,3.81,0.21,5.07,GREEN,Normal Hydrological State,0
39.07,75.96,19.52,5.81,2.06,6.95,GREEN,Normal Hydrological State,0
17.9,49.65,18.08,2.55,0.31,5.51,GREEN,Normal Hydrological State,0
4.66,31.73,36.97,2.17,0.33,5.15,GREEN,Normal Hydrological State,0
38.38,64.29,21.1,6.76,0.77,8.69,GREEN,Normal Hydrological State,0
26.47,71.91,19.49,6.26,3.03,6.6,GREEN,Normal Hydrological State,0
1.4,22.01,26.97,1.72,2.93,5.04,GREEN,Normal Hydrological State,0
5.78,44.4,14.78,1.51,0.46,5.14,GREEN,Normal Hydrological State,0
3.99,14.08,26.83,1.88,1.3,5.06,GREEN,Normal Hydrological State,0
59.29,65.26,30.16,4.91,1.93,8.99,GREEN,Normal Hydrological State,0
2.21,42.93,31.84,2.16,0.21,5.1,GREEN,Normal Hydrological State,0
10.69,36.48,42.46,2.66,0.52,5.42,GREEN,Normal Hydrological State,0
6.58,34.37,36.74,2.47,1.4,5.23,GREEN,Normal Hydrological State,0
1.96,54.79,31.75,11.01,4.69,70.49,ORANGE,River Overflow / Stage Exceeded,1
3.26,41.22,23.18,2.71,0.56,5.11,GREEN,Normal Hydrological State,0
3.38,35.31,16.03,1.35,0.02,5.08,GREEN,Normal Hydrological State,0
3.86,31.42,5.84,4.2,0.45,5.05,GREEN,Normal Hydrological State,0
1.04,40.92,24.25,4.01,0.14,5.05,GREEN,Normal Hydrological State,0
7.01,71.12,50.41,9.79,6.69,93.23,RED,Seismic GLOF Warning,1
3.6,31.92,49.26,9.98,7.48,97.11,RED,Seismic GLOF Warning,1
13.14,57.21,33.1,1.83,0.0,5.68,GREEN,Normal Hydrological State,0
1.01,57.69,57.12,11.58,6.61,98.7,RED,Seismic GLOF Warning,1
2.61,42.38,14.47,2.5,0.06,5.07,GREEN,Normal Hydrological State,0
4.45,40.53,44.04,2.39,0.06,5.2,GREEN,Normal Hydrological State,0
69.93,78.77,36.85,10.82,0.31,76.99,RED,River Overflow / Stage Exceeded,1
11.99,54.52,4.93,2.03,0.15,5.15,GREEN,Normal Hydrological State,0
33.05,63.89,19.48,6.44,0.72,7.2,GREEN,Normal Hydrological State,0
7.41,28.71,40.38,2.39,1.14,5.23,GREEN,Normal Hydrological State,0
8.6,51.01,19.55,1.79,0.27,5.27,GREEN,Normal Hydrological State,0
5.22,40.62,29.62,2.3,0.15,5.18,GREEN,Normal Hydrological State,0
1.87,21.33,6.28,2.24,0.55,5.03,GREEN,Normal Hydrological State,0
0.88,35.71,22.1,2.56,0.53,5.04,GREEN,Normal Hydrological State,0
7.13,24.91,40.37,3.06,1.61,5.19,GREEN,Normal Hydrological State,0
49.85,67.05,26.9,5.99,1.37,7.99,GREEN,Normal Hydrological State,0
43.19,57.98,47.58,5.29,2.8,8.39,GREEN,Normal Hydrological State,0
14.82,41.41,16.99,3.13,0.23,5.34,GREEN,Normal Hydrological State,0
15.17,18.1,13.34,3.77,0.81,5.14,GREEN,Normal Hydrological State,0
2.24,32.69,20.1,3.74,0.75,5.06,GREEN,Normal Hydrological State,0
144.34,98.85,44.88,8.73,0.74,82.81,RED,Cloudburst Flash Flood,1
1.97,41.05,36.65,2.34,0.29,5.09,GREEN,Normal Hydrological State,0
60.57,78.81,28.09,4.99,0.8,9.9,GREEN,Normal Hydrological State,0
1.8,45.55,21.74,1.68,0.21,5.07,GREEN,Normal Hydrological State,0
12.45,19.25,18.39,2.06,1.38,5.15,GREEN,Normal Hydrological State,0
6.28,19.69,38.0,2.55,0.38,5.13,GREEN,Normal Hydrological State,0
2.43,26.67,37.04,2.08,0.0,5.08,GREEN,Normal Hydrological State,0
48.49,59.3,36.01,5.44,1.0,8.21,GREEN,Normal Hydrological State,0
1.18,41.14,32.36,2.97,0.95,5.06,GREEN,Normal Hydrological State,0
6.32,26.72,21.84,2.14,0.15,5.12,GREEN,Normal Hydrological State,0
2.13,55.22,33.21,9.9,5.46,64.26,ORANGE,Seismic GLOF Warning,1
47.75,66.77,19.81,5.77,2.69,7.15,GREEN,Normal Hydrological State,0
2.35,22.21,29.56,2.37,0.63,5.06,GREEN,Normal Hydrological State,0
80.49,83.58,42.03,6.84,0.9,22.22,GREEN,Cloudburst Flash Flood,0
41.72,68.33,27.45,5.82,1.66,7.51,GREEN,Normal Hydrological State,0
4.86,40.14,44.66,2.85,0.38,5.22,GREEN,Normal Hydrological State,0
5.66,32.53,16.09,2.89,0.1,5.11,GREEN,Normal Hydrological State,0
27.36,41.67,36.27,3.04,0.32,6.12,GREEN,Normal Hydrological State,0
3.74,47.09,23.73,3.41,0.17,5.14,GREEN,Normal Hydrological State,0
3.46,28.91,9.92,2.76,0.85,5.05,GREEN,Normal Hydrological State,0
3.11,55.6,51.23,10.49,5.15,78.97,RED,Seismic GLOF Warning,1
47.09,57.54,16.62,7.09,0.94,9.89,GREEN,River Overflow / Stage Exceeded,0
78.96,93.02,32.24,9.65,0.14,61.74,ORANGE,Cloudburst Flash Flood,1
30.13,71.99,47.22,5.57,0.59,7.83,GREEN,Normal Hydrological State,0
46.26,76.47,18.92,5.88,3.2,7.33,GREEN,Normal Hydrological State,0
51.82,82.09,38.82,6.72,1.59,13.52,GREEN,Normal Hydrological State,0
40.03,66.45,46.95,4.4,0.83,8.62,GREEN,Normal Hydrological State,0
0.0,24.22,19.92,1.93,0.68,5.02,GREEN,Normal Hydrological State,0
4.96,48.52,6.27,2.25,2.03,5.08,GREEN,Normal Hydrological State,0
42.68,76.66,34.49,4.72,0.91,8.64,GREEN,Normal Hydrological State,0
5.16,26.83,14.25,2.1,1.12,5.08,GREEN,Normal Hydrological State,0
6.47,44.35,23.77,3.96,2.16,5.21,GREEN,Normal Hydrological State,0
36.14,65.94,22.1,5.85,1.3,6.69,GREEN,Normal Hydrological State,0
85.4,90.02,48.85,8.91,0.23,59.72,ORANGE,Cloudburst Flash Flood,1
2.94,36.87,55.43,7.87,5.08,35.14,YELLOW,Seismic GLOF Warning,0
84.21,85.31,54.02,8.21,0.19,47.34,YELLOW,Cloudburst Flash Flood,0
5.86,35.98,36.04,2.46,1.0,5.21,GREEN,Normal Hydrological State,0
146.44,74.05,49.52,7.7,2.15,57.57,ORANGE,Cloudburst Flash Flood,1
1.19,45.48,10.31,2.03,0.98,5.04,GREEN,Normal Hydrological State,0
116.42,83.72,26.09,10.37,1.34,77.25,RED,Cloudburst Flash Flood,1
37.41,76.53,20.31,5.58,2.48,6.94,GREEN,Normal Hydrological State,0
3.03,31.84,31.38,1.89,0.25,5.1,GREEN,Normal Hydrological State,0
6.75,35.51,7.21,2.39,0.0,5.08,GREEN,Normal Hydrological State,0
12.38,53.21,3.84,3.11,1.18,5.12,GREEN,Normal Hydrological State,0
2.94,26.64,31.56,2.82,0.47,5.08,GREEN,Normal Hydrological State,0
21.41,29.47,30.27,2.1,0.47,5.53,GREEN,Normal Hydrological State,0
139.96,92.19,46.21,9.85,0.99,89.78,RED,Cloudburst Flash Flood,1
0.03,41.29,45.09,10.8,4.38,63.85,ORANGE,River Overflow / Stage Exceeded,1
3.6,52.34,47.18,9.03,6.64,84.72,RED,Seismic GLOF Warning,1
3.98,53.57,15.25,1.08,0.89,5.12,GREEN,Normal Hydrological State,0
67.67,74.34,33.61,7.74,0.42,22.6,GREEN,River Overflow / Stage Exceeded,0
26.5,66.94,33.48,5.1,3.18,6.71,GREEN,Normal Hydrological State,0
0.19,19.39,8.32,3.37,0.21,5.02,GREEN,Normal Hydrological State,0
0.0,45.38,37.64,1.29,0.66,5.02,GREEN,Normal Hydrological State,0
6.5,54.82,26.41,2.82,0.2,5.28,GREEN,Normal Hydrological State,0
15.23,29.63,34.59,3.44,0.68,5.42,GREEN,Normal Hydrological State,0
16.25,47.49,23.53,2.01,0.02,5.54,GREEN,Normal Hydrological State,0
6.08,32.68,23.23,1.6,0.79,5.15,GREEN,Normal Hydrological State,0
3.17,53.84,35.67,9.37,6.41,74.14,ORANGE,Seismic GLOF Warning,1
9.87,40.98,38.57,1.12,0.13,5.4,GREEN,Normal Hydrological State,0
15.26,46.9,41.85,2.49,0.01,5.76,GREEN,Normal Hydrological State,0
29.45,75.61,39.56,6.34,2.11,8.26,GREEN,Normal Hydrological State,0
1.87,23.18,25.9,2.23,0.87,5.05,GREEN,Normal Hydrological State,0
3.74,33.53,9.65,1.65,0.95,5.06,GREEN,Normal Hydrological State,0
5.43,50.97,16.9,1.86,0.94,5.16,GREEN,Normal Hydrological State,0
2.93,63.73,51.68,10.0,5.98,87.36,RED,Seismic GLOF Warning,1
4.68,44.31,9.59,2.99,1.66,5.09,GREEN,Normal Hydrological State,0
0.0,24.54,41.94,0.86,1.23,5.02,GREEN,Normal Hydrological State,0
40.43,73.67,33.34,6.02,1.72,8.16,GREEN,Normal Hydrological State,0
43.83,61.91,21.78,5.33,2.2,6.94,GREEN,Normal Hydrological State,0
0.0,56.77,41.45,1.69,0.48,5.02,GREEN,Normal Hydrological State,0
6.51,63.9,48.3,11.81,5.96,96.58,RED,Seismic GLOF Warning,1
1.72,18.07,41.5,2.05,0.77,5.05,GREEN,Normal Hydrological State,0
11.44,22.77,44.3,1.41,0.41,5.29,GREEN,Normal Hydrological State,0
2.43,41.06,39.79,2.08,2.85,5.12,GREEN,Normal Hydrological State,0
102.05,95.27,52.97,8.82,0.79,70.89,ORANGE,Cloudburst Flash Flood,1
4.36,30.2,16.17,3.35,0.03,5.08,GREEN,Normal Hydrological State,0
43.75,70.25,30.37,5.23,3.65,8.01,GREEN,Normal Hydrological State,0
5.24,16.51,45.89,2.91,0.27,5.11,GREEN,Normal Hydrological State,0
2.49,62.29,59.05,8.02,5.33,48.71,YELLOW,Seismic GLOF Warning,0
5.47,34.88,6.83,3.05,0.91,5.07,GREEN,Normal Hydrological State,0
0.82,32.41,27.07,2.27,0.38,5.04,GREEN,Normal Hydrological State,0
5.59,18.17,13.19,2.73,0.3,5.06,GREEN,Normal Hydrological State,0
42.24,62.93,39.89,6.06,0.77,8.25,GREEN,Normal Hydrological State,0
99.72,95.58,50.08,9.21,0.64,74.31,ORANGE,Cloudburst Flash Flood,1
43.26,60.7,16.01,6.5,1.56,7.49,GREEN,Normal Hydrological State,0
0.0,45.29,15.44,2.94,0.11,5.02,GREEN,Normal Hydrological State,0
2.95,56.88,42.9,3.15,0.68,5.19,GREEN,Normal Hydrological State,0
14.28,44.72,31.03,1.48,0.45,5.55,GREEN,Normal Hydrological State,0
3.35,33.69,24.22,3.4,0.51,5.1,GREEN,Normal Hydrological State,0
13.48,57.08,15.5,4.21,1.03,5.39,GREEN,Normal Hydrological State,0
1.44,41.94,21.18,2.12,0.4,5.06,GREEN,Normal Hydrological State,0
19.01,34.32,40.45,3.43,0.51,5.67,GREEN,Normal Hydrological State,0
53.65,65.48,25.17,5.78,2.97,7.99,GREEN,Normal Hydrological State,0
0.0,64.41,58.5,11.39,6.21,97.57,RED,Seismic GLOF Warning,1
53.63,67.97,33.59,6.43,1.03,10.26,GREEN,Normal Hydrological State,0
29.83,82.57,26.13,5.0,2.62,7.03,GREEN,Normal Hydrological State,0
6.22,17.94,40.84,2.27,0.11,5.13,GREEN,Normal Hydrological State,0
0.54,13.76,6.94,1.31,0.78,5.02,GREEN,Normal Hydrological State,0
118.28,93.68,47.15,9.27,1.05,79.69,RED,Cloudburst Flash Flood,1
9.34,32.37,56.24,11.36,4.62,82.16,RED,River Overflow / Stage Exceeded,1
9.96,52.05,11.21,1.14,0.0,5.21,GREEN,Normal Hydrological State,0
21.49,46.93,12.36,3.11,1.73,5.43,GREEN,Normal Hydrological State,0
15.56,28.15,29.57,0.73,0.12,5.36,GREEN,Normal Hydrological State,0
19.85,36.65,18.5,1.69,0.65,5.42,GREEN,Normal Hydrological State,0
6.29,31.83,58.97,7.56,6.77,83.79,RED,Seismic GLOF Warning,1
7.78,28.55,34.45,2.02,1.05,5.21,GREEN,Normal Hydrological State,0
0.0,50.73,14.78,1.93,0.07,5.02,GREEN,Normal Hydrological State,0
55.44,79.09,20.8,6.85,2.95,11.13,GREEN,Normal Hydrological State,0
7.48,42.88,38.64,2.77,0.62,5.32,GREEN,Normal Hydrological State,0
10.35,18.79,20.6,4.0,0.19,5.13,GREEN,Normal Hydrological State,0
7.35,32.35,18.13,1.52,0.31,5.15,GREEN,Normal Hydrological State,0
50.58,63.75,40.29,5.19,3.24,9.09,GREEN,Normal Hydrological State,0
5.57,41.79,35.87,9.5,6.92,83.23,RED,Seismic GLOF Warning,1
37.99,57.06,46.73,4.87,3.08,7.81,GREEN,Normal Hydrological State,0
12.01,47.04,51.8,9.07,7.22,94.37,RED,Seismic GLOF Warning,1
1.37,64.9,49.84,8.86,4.28,26.62,GREEN,River Overflow / Stage Exceeded,0
58.06,67.46,48.87,6.47,1.25,12.87,GREEN,Saturated Soil Runoff,0
10.08,47.88,47.86,7.88,6.83,77.7,RED,Seismic GLOF Warning,1
0.0,50.88,56.19,11.12,7.34,99.0,RED,Seismic GLOF Warning,1
8.09,16.94,21.7,2.19,0.75,5.1,GREEN,Normal Hydrological State,0
54.39,67.61,33.78,6.53,3.17,10.74,GREEN,Normal Hydrological State,0
7.08,34.33,39.49,2.85,1.0,5.25,GREEN,Normal Hydrological State,0
6.14,42.34,33.94,3.96,2.63,5.24,GREEN,Normal Hydrological State,0
35.28,72.36,44.99,5.55,0.6,8.33,GREEN,Normal Hydrological State,0
33.1,71.36,28.06,5.4,1.7,7.05,GREEN,Normal Hydrological State,0
6.06,28.68,43.03,2.81,0.08,5.19,GREEN,Normal Hydrological State,0
4.34,41.55,10.91,3.4,0.71,5.09,GREEN,Normal Hydrological State,0
3.7,31.96,30.48,2.65,0.28,5.11,GREEN,Normal Hydrological State,0
2.34,54.55,50.83,9.41,5.89,79.02,RED,Seismic GLOF Warning,1
9.73,49.02,18.04,1.56,0.0,5.28,GREEN,Normal Hydrological State,0
105.14,95.46,27.51,9.7,2.31,68.83,ORANGE,Cloudburst Flash Flood,1
38.95,58.34,40.39,4.83,1.27,7.65,GREEN,Normal Hydrological State,0
5.22,35.4,47.83,10.73,6.85,96.52,RED,Seismic GLOF Warning,1
1.02,40.8,45.78,2.61,1.99,5.06,GREEN,Normal Hydrological State,0
5.37,39.62,40.54,1.07,1.22,5.23,GREEN,Normal Hydrological State,0
6.43,53.78,23.13,2.36,0.0,5.24,GREEN,Normal Hydrological State,0
11.06,31.11,9.17,3.42,1.07,5.13,GREEN,Normal Hydrological State,0
15.17,48.71,34.49,2.6,2.11,5.69,GREEN,Normal Hydrological State,0
45.2,62.7,43.15,6.91,2.34,11.97,GREEN,Normal Hydrological State,0
35.29,74.59,31.1,7.32,2.54,12.74,GREEN,River Overflow / Stage Exceeded,0
3.98,35.86,20.04,3.49,1.0,5.1,GREEN,Normal Hydrological State,0
6.97,36.72,25.87,2.76,2.16,5.2,GREEN,Normal Hydrological State,0
2.74,47.22,30.05,8.53,7.49,70.67,ORANGE,Seismic GLOF Warning,1
8.8,37.72,45.84,1.94,0.24,5.37,GREEN,Normal Hydrological State,0
4.68,53.91,28.86,2.49,1.88,5.21,GREEN,Normal Hydrological State,0
11.62,52.52,9.71,3.82,1.26,5.22,GREEN,Normal Hydrological State,0
110.87,92.98,52.57,10.52,0.85,91.15,RED,Cloudburst Flash Flood,1
1.89,47.58,27.64,2.49,1.87,5.09,GREEN,Normal Hydrological State,0
123.08,85.76,52.74,7.28,1.75,52.04,YELLOW,Cloudburst Flash Flood,1
0.0,50.46,48.47,11.87,7.3,99.0,RED,Seismic GLOF Warning,1
0.0,54.01,12.26,3.0,0.84,5.02,GREEN,Normal Hydrological State,0
1.87,29.23,23.37,4.07,0.24,5.06,GREEN,Normal Hydrological State,0
64.74,95.22,30.85,9.88,0.54,60.43,ORANGE,River Overflow / Stage Exceeded,1
12.63,48.6,15.23,2.21,1.11,5.31,GREEN,Normal Hydrological State,0
14.52,23.19,35.28,1.83,0.0,5.32,GREEN,Normal Hydrological State,0
12.16,20.2,6.6,3.4,1.05,5.08,GREEN,Normal Hydrological State,0
1.82,52.65,45.01,3.66,0.51,5.12,GREEN,Normal Hydrological State,0
151.19,91.16,55.2,9.47,1.0,91.64,RED,Cloudburst Flash Flood,1
1.03,17.59,4.83,3.6,0.26,5.02,GREEN,Normal Hydrological State,0
3.6,72.13,53.39,9.49,5.38,70.89,ORANGE,Seismic GLOF Warning,1
5.52,27.74,30.66,1.51,0.12,5.14,GREEN,Normal Hydrological State,0
10.52,21.39,39.8,3.43,0.13,5.24,GREEN,Normal Hydrological State,0
113.83,86.22,34.09,9.79,2.1,74.49,ORANGE,Cloudburst Flash Flood,1
11.32,53.1,29.89,2.02,0.26,5.5,GREEN,Normal Hydrological State,0
7.37,54.57,41.1,3.87,0.15,5.42,GREEN,Normal Hydrological State,0
45.2,60.93,21.8,4.72,3.09,6.97,GREEN,Normal Hydrological State,0
4.64,29.05,25.49,1.98,0.26,5.11,GREEN,Normal Hydrological State,0
5.36,21.97,14.07,2.49,0.87,5.07,GREEN,Normal Hydrological State,0
8.81,35.9,48.15,9.37,5.83,75.82,RED,Seismic GLOF Warning,1
144.6,89.84,36.92,9.06,1.57,77.06,RED,Cloudburst Flash Flood,1
2.19,55.25,6.39,1.5,0.59,5.05,GREEN,Normal Hydrological State,0
141.98,94.88,38.51,10.15,2.65,90.16,RED,Cloudburst Flash Flood,1
5.87,28.24,9.79,2.45,0.25,5.07,GREEN,Normal Hydrological State,0
9.86,16.94,43.36,3.17,0.5,5.19,GREEN,Normal Hydrological State,0
46.84,64.01,25.29,5.2,1.48,7.48,GREEN,Normal Hydrological State,0
14.42,49.76,19.14,4.01,0.26,5.43,GREEN,Normal Hydrological State,0
6.36,29.35,19.13,2.77,0.24,5.12,GREEN,Normal Hydrological State,0
4.52,51.53,43.39,11.24,6.53,95.91,RED,Seismic GLOF Warning,1
13.87,18.56,45.6,3.85,0.27,5.29,GREEN,Normal Hydrological State,0
27.22,69.93,46.53,6.33,0.71,8.09,GREEN,Normal Hydrological State,0
41.57,57.96,20.15,6.83,3.51,8.84,GREEN,Normal Hydrological State,0
49.92,58.96,21.28,4.88,2.73,7.08,GREEN,Normal Hydrological State,0
10.66,19.6,4.36,2.4,0.16,5.06,GREEN,Normal Hydrological State,0
0.0,68.73,52.49,8.81,4.9,42.85,YELLOW,Seismic GLOF Warning,0
11.73,36.24,8.24,2.89,0.22,5.14,GREEN,Normal Hydrological State,0
121.22,86.66,27.33,11.46,2.37,90.98,RED,Cloudburst Flash Flood,1
55.55,80.76,42.59,6.08,1.54,11.86,GREEN,Saturated Soil Runoff,0
10.29,31.05,25.62,2.46,0.12,5.24,GREEN,Normal Hydrological State,0
0.0,61.59,39.29,10.39,6.41,88.5,RED,Seismic GLOF Warning,1
37.76,75.75,32.41,4.8,3.31,7.92,GREEN,Normal Hydrological State,0
1.27,36.75,29.28,3.14,0.67,5.06,GREEN,Normal Hydrological State,0
144.94,82.62,40.2,10.46,0.12,90.43,RED,Cloudburst Flash Flood,1
50.48,63.15,41.96,6.18,0.81,9.54,GREEN,Normal Hydrological State,0
3.08,15.97,17.37,4.48,0.43,5.05,GREEN,Normal Hydrological State,0
3.08,36.16,33.25,2.48,0.3,5.11,GREEN,Normal Hydrological State,0
1.04,35.56,42.74,9.63,5.52,67.79,ORANGE,Seismic GLOF Warning,1
2.06,17.51,9.83,3.26,0.36,5.03,GREEN,Normal Hydrological State,0
3.35,18.67,26.61,2.78,0.09,5.07,GREEN,Normal Hydrological State,0
7.41,16.66,6.17,3.26,1.16,5.05,GREEN,Normal Hydrological State,0
83.86,82.66,37.45,8.24,0.61,38.09,YELLOW,Cloudburst Flash Flood,0
9.18,15.23,19.72,4.37,0.75,5.1,GREEN,Normal Hydrological State,0
4.03,18.95,17.71,2.26,1.23,5.06,GREEN,Normal Hydrological State,0
146.8,88.53,26.29,11.15,0.46,91.35,RED,Cloudburst Flash Flood,1
5.73,35.03,6.45,2.96,0.21,5.07,GREEN,Normal Hydrological State,0
5.24,18.29,11.45,1.0,1.83,5.06,GREEN,Normal Hydrological State,0
52.82,67.04,38.82,6.02,1.17,9.49,GREEN,Normal Hydrological State,0
1.35,49.48,32.83,2.67,0.0,5.08,GREEN,Normal Hydrological State,0
0.89,19.41,11.3,2.54,0.48,5.03,GREEN,Normal Hydrological State,0
7.12,16.41,12.74,1.12,0.19,5.07,GREEN,Normal Hydrological State,0
0.0,76.22,36.21,9.33,5.78,62.11,ORANGE,Seismic GLOF Warning,1
88.42,87.53,42.16,9.05,0.88,58.9,ORANGE,Cloudburst Flash Flood,1
5.86,53.48,12.8,2.42,1.7,5.15,GREEN,Normal Hydrological State,0
76.15,95.1,25.69,7.06,0.12,18.8,GREEN,Cloudburst Flash Flood,0
0.0,52.88,30.44,2.28,0.58,5.02,GREEN,Normal Hydrological State,0
1.78,41.71,8.11,2.02,0.85,5.04,GREEN,Normal Hydrological State,0
0.0,51.1,19.05,3.87,0.43,5.02,GREEN,Normal Hydrological State,0
8.58,38.18,5.78,3.07,1.05,5.09,GREEN,Normal Hydrological State,0
10.56,40.04,13.4,2.24,0.57,5.2,GREEN,Normal Hydrological State,0
30.04,77.54,45.36,4.98,2.57,7.99,GREEN,Normal Hydrological State,0
3.36,37.86,33.9,1.84,0.05,5.13,GREEN,Normal Hydrological State,0
4.78,47.62,27.57,1.68,0.18,5.19,GREEN,Normal Hydrological State,0
9.76,29.09,20.11,2.43,0.07,5.18,GREEN,Normal Hydrological State,0
1.55,51.45,27.59,0.86,0.29,5.08,GREEN,Normal Hydrological State,0
7.81,34.58,16.5,2.34,0.74,5.15,GREEN,Normal Hydrological State,0
5.86,31.88,32.8,1.56,0.7,5.18,GREEN,Normal Hydrological State,0
5.49,41.01,42.4,4.07,0.5,5.25,GREEN,Normal Hydrological State,0
49.17,68.12,40.7,6.85,3.47,12.5,GREEN,Normal Hydrological State,0
25.14,54.92,34.21,6.06,2.24,6.38,GREEN,Normal Hydrological State,0
23.56,44.58,8.23,2.99,0.17,5.33,GREEN,Normal Hydrological State,0
2.09,45.99,21.81,2.83,0.55,5.08,GREEN,Normal Hydrological State,0
46.29,65.32,25.84,5.44,0.78,7.56,GREEN,Normal Hydrological State,0
6.53,29.51,42.46,2.13,0.53,5.21,GREEN,Normal Hydrological State,0
12.23,30.35,13.85,2.94,0.39,5.18,GREEN,Normal Hydrological State,0
11.25,46.29,44.26,1.86,0.5,5.57,GREEN,Normal Hydrological State,0
46.73,76.26,45.49,6.44,2.63,11.52,GREEN,Normal Hydrological State,0
2.85,24.1,26.17,2.23,0.37,5.07,GREEN,Normal Hydrological State,0
6.03,52.42,19.66,2.58,0.0,5.2,GREEN,Normal Hydrological State,0
5.92,35.94,16.93,2.42,0.89,5.13,GREEN,Normal Hydrological State,0
1.83,29.13,33.81,7.85,6.54,49.29,YELLOW,Seismic GLOF Warning,0
133.91,90.18,36.19,8.26,1.0,60.88,ORANGE,Cloudburst Flash Flood,1
9.29,52.46,16.56,2.24,1.34,5.26,GREEN,Normal Hydrological State,0
9.19,14.78,28.14,2.52,0.11,5.12,GREEN,Normal Hydrological State,0
8.64,34.49,34.06,3.34,0.11,5.28,GREEN,Normal Hydrological State,0
1.66,46.53,39.42,3.85,0.23,5.09,GREEN,Normal Hydrological State,0
10.47,24.01,16.97,1.95,0.0,5.15,GREEN,Normal Hydrological State,0
14.81,60.77,47.64,11.94,4.96,91.84,RED,River Overflow / Stage Exceeded,1
6.4,21.08,36.07,3.07,1.21,5.14,GREEN,Normal Hydrological State,0
11.81,54.25,14.17,3.82,1.34,5.31,GREEN,Normal Hydrological State,0
6.51,23.3,34.59,0.67,2.76,5.15,GREEN,Normal Hydrological State,0
4.39,33.63,36.51,2.24,1.62,5.15,GREEN,Normal Hydrological State,0
14.75,29.79,15.54,0.7,0.63,5.23,GREEN,Normal Hydrological State,0
6.79,31.87,30.85,3.54,0.66,5.19,GREEN,Normal Hydrological State,0
68.51,90.0,30.75,10.21,1.26,66.64,ORANGE,River Overflow / Stage Exceeded,1
8.89,32.69,28.62,0.85,0.61,5.24,GREEN,Normal Hydrological State,0
8.5,29.19,17.36,2.29,0.12,5.15,GREEN,Normal Hydrological State,0
96.43,82.15,30.04,9.13,1.29,52.97,YELLOW,Cloudburst Flash Flood,1
3.46,36.71,34.88,2.58,0.18,5.13,GREEN,Normal Hydrological State,0
8.27,43.88,35.57,9.71,4.41,42.29,YELLOW,River Overflow / Stage Exceeded,0
105.71,83.48,42.99,8.08,0.27,48.1,YELLOW,Cloudburst Flash Flood,0
22.6,26.03,10.59,3.25,0.0,5.23,GREEN,Normal Hydrological State,0
94.97,83.99,38.72,11.09,2.24,87.51,RED,Cloudburst Flash Flood,1
6.7,32.98,53.12,10.45,5.68,88.13,RED,Seismic GLOF Warning,1
8.18,18.01,8.51,2.93,1.62,5.06,GREEN,Normal Hydrological State,0
4.77,46.36,41.12,1.85,0.06,5.24,GREEN,Normal Hydrological State,0
149.17,83.04,28.39,8.35,0.53,54.94,YELLOW,Cloudburst Flash Flood,1
4.17,26.36,36.52,3.09,1.39,5.12,GREEN,Normal Hydrological State,0
0.57,16.78,10.37,2.53,1.02,5.02,GREEN,Normal Hydrological State,0
1.61,28.52,38.09,1.76,1.0,5.06,GREEN,Normal Hydrological State,0
33.85,67.48,19.66,6.1,2.36,6.59,GREEN,Normal Hydrological State,0
19.73,44.92,45.24,2.29,0.26,6.0,GREEN,Normal Hydrological State,0
0.03,52.32,47.69,8.98,5.33,55.31,ORANGE,Seismic GLOF Warning,1
36.64,61.89,28.78,6.07,1.75,7.08,GREEN,Normal Hydrological State,0
2.72,51.82,27.37,2.56,0.72,5.12,GREEN,Normal Hydrological State,0
135.29,100.0,37.35,9.51,0.39,84.11,RED,Cloudburst Flash Flood,1
7.27,45.77,38.97,3.1,0.0,5.34,GREEN,Normal Hydrological State,0
2.95,26.57,5.87,1.43,0.66,5.04,GREEN,Normal Hydrological State,0
4.03,43.19,24.54,2.85,0.33,5.14,GREEN,Normal Hydrological State,0
3.4,32.88,39.76,1.99,1.11,5.13,GREEN,Normal Hydrological State,0
4.33,42.69,15.78,2.87,0.05,5.11,GREEN,Normal Hydrological State,0
0.0,29.94,41.69,1.62,0.1,5.02,GREEN,Normal Hydrological State,0
50.5,78.7,38.4,5.61,1.08,10.16,GREEN,Normal Hydrological State,0
4.54,47.41,27.83,3.88,0.62,5.18,GREEN,Normal Hydrological State,0
3.51,20.15,24.93,1.61,1.45,5.07,GREEN,Normal Hydrological State,0
0.7,34.36,39.28,3.76,1.55,5.04,GREEN,Normal Hydrological State,0
12.57,23.22,22.25,2.04,0.31,5.2,GREEN,Normal Hydrological State,0
1.24,20.32,46.46,1.32,1.03,5.05,GREEN,Normal Hydrological State,0
23.44,25.27,18.23,3.09,1.05,5.34,GREEN,Normal Hydrological State,0
5.07,33.47,41.24,3.13,1.31,5.19,GREEN,Normal Hydrological State,0
0.02,25.2,38.07,2.1,1.52,5.02,GREEN,Normal Hydrological State,0
9.35,44.84,29.31,1.32,0.38,5.35,GREEN,Normal Hydrological State,0
38.3,70.85,37.95,4.93,2.7,8.13,GREEN,Normal Hydrological State,0
8.17,22.49,26.35,3.15,0.57,5.15,GREEN,Normal Hydrological State,0
5.59,37.84,43.54,2.42,2.27,5.23,GREEN,Normal Hydrological State,0
25.59,78.73,50.12,5.63,1.15,7.7,GREEN,Normal Hydrological State,0
5.18,25.16,4.29,2.69,0.57,5.04,GREEN,Normal Hydrological State,0
4.79,27.28,23.49,0.72,0.81,5.11,GREEN,Normal Hydrological State,0
0.16,60.74,54.95,11.06,4.67,77.57,RED,River Overflow / Stage Exceeded,1
9.19,49.62,58.44,10.78,5.62,92.18,RED,Seismic GLOF Warning,1
6.3,18.2,33.94,4.79,0.26,5.12,GREEN,Normal Hydrological State,0
55.86,64.44,43.57,5.36,1.98,10.05,GREEN,Normal Hydrological State,0
0.31,48.21,33.65,8.74,4.49,25.89,GREEN,River Overflow / Stage Exceeded,0
2.09,27.81,14.6,3.32,1.23,5.05,GREEN,Normal Hydrological State,0
9.74,30.73,25.27,1.59,0.12,5.23,GREEN,Normal Hydrological State,0
3.27,37.0,55.04,7.19,4.62,16.72,GREEN,River Overflow / Stage Exceeded,0
142.29,76.96,56.01,7.06,1.16,53.4,YELLOW,Cloudburst Flash Flood,1
13.39,40.04,16.18,2.27,0.1,5.29,GREEN,Normal Hydrological State,0
53.66,80.51,16.96,5.14,1.29,7.67,GREEN,Normal Hydrological State,0
0.29,47.03,20.2,2.59,0.07,5.03,GREEN,Normal Hydrological State,0
11.85,41.9,29.46,2.52,0.37,5.41,GREEN,Normal Hydrological State,0
7.85,37.19,32.35,2.43,0.24,5.26,GREEN,Normal Hydrological State,0
31.76,66.64,21.25,5.11,0.82,6.44,GREEN,Normal Hydrological State,0
79.14,93.76,31.09,10.11,2.41,69.55,ORANGE,Cloudburst Flash Flood,1
9.81,49.22,40.25,2.94,1.37,5.5,GREEN,Normal Hydrological State,0
9.78,27.24,13.57,3.95,1.1,5.13,GREEN,Normal Hydrological State,0
1.78,21.54,25.5,2.38,0.0,5.05,GREEN,Normal Hydrological State,0
8.67,49.49,19.77,2.68,0.22,5.27,GREEN,Normal Hydrological State,0
9.82,21.56,40.47,3.49,0.37,5.23,GREEN,Normal Hydrological State,0
3.72,21.02,11.06,0.78,0.08,5.05,GREEN,Normal Hydrological State,0
12.33,46.39,34.18,3.19,0.1,5.53,GREEN,Normal Hydrological State,0
2.54,19.05,44.04,2.05,0.31,5.07,GREEN,Normal Hydrological State,0
24.7,80.72,22.73,6.74,0.59,8.26,GREEN,Normal Hydrological State,0
5.5,40.64,10.75,3.55,0.23,5.1,GREEN,Normal Hydrological State,0
0.0,30.23,33.38,2.61,0.0,5.02,GREEN,Normal Hydrological State,0
0.38,15.31,24.97,2.24,0.92,5.03,GREEN,Normal Hydrological State,0
34.0,56.91,17.01,5.73,1.01,6.08,GREEN,Normal Hydrological State,0
40.01,74.71,36.13,5.93,0.58,8.38,GREEN,Normal Hydrological State,0
1.28,49.15,42.8,4.71,0.49,5.08,GREEN,Normal Hydrological State,0
8.14,48.02,36.28,2.52,0.1,5.38,GREEN,Normal Hydrological State,0
12.64,31.78,38.31,3.16,0.26,5.4,GREEN,Normal Hydrological State,0
5.25,54.57,55.11,10.92,4.71,77.55,RED,River Overflow / Stage Exceeded,1
95.17,92.53,26.73,8.79,2.31,47.35,YELLOW,Cloudburst Flash Flood,0
5.17,50.48,28.87,2.06,0.3,5.22,GREEN,Normal Hydrological State,0
30.98,68.85,16.89,6.44,2.32,7.04,GREEN,Normal Hydrological State,0
5.86,35.59,13.3,2.95,0.12,5.11,GREEN,Normal Hydrological State,0
39.29,69.27,26.06,5.66,3.03,7.27,GREEN,Normal Hydrological State,0
39.73,74.37,19.84,5.46,1.02,6.97,GREEN,Normal Hydrological State,0
26.27,73.72,46.09,5.67,1.42,7.43,GREEN,Normal Hydrological State,0
6.16,27.76,31.08,2.64,0.27,5.16,GREEN,Normal Hydrological State,0
7.06,32.73,32.84,2.99,0.07,5.21,GREEN,Normal Hydrological State,0
6.07,16.8,12.38,2.03,0.14,5.06,GREEN,Normal Hydrological State,0
10.96,25.64,17.99,3.42,0.13,5.17,GREEN,Normal Hydrological State,0
6.72,46.51,39.8,2.3,1.44,5.32,GREEN,Normal Hydrological State,0
14.77,27.13,30.62,2.74,0.59,5.34,GREEN,Normal Hydrological State,0
39.35,69.23,34.36,6.42,1.18,8.91,GREEN,Normal Hydrological State,0
37.47,70.08,23.97,5.59,3.03,7.03,GREEN,Normal Hydrological State,0
3.02,39.27,53.63,8.63,5.49,59.31,ORANGE,Seismic GLOF Warning,1
2.86,24.31,40.76,3.13,0.74,5.09,GREEN,Normal Hydrological State,0
5.63,54.1,32.38,2.87,0.55,5.27,GREEN,Normal Hydrological State,0
79.21,83.78,28.33,9.51,0.25,53.83,YELLOW,Cloudburst Flash Flood,1
3.9,23.33,14.5,2.62,0.71,5.06,GREEN,Normal Hydrological State,0
6.54,33.27,40.23,3.99,0.17,5.23,GREEN,Normal Hydrological State,0
7.92,31.99,31.86,2.65,0.19,5.23,GREEN,Normal Hydrological State,0
94.82,84.45,43.31,8.84,0.23,57.09,ORANGE,Cloudburst Flash Flood,1
2.64,20.9,30.07,2.82,0.06,5.06,GREEN,Normal Hydrological State,0
2.95,35.7,37.2,2.59,0.74,5.12,GREEN,Normal Hydrological State,0
28.62,70.55,25.03,4.43,2.32,6.56,GREEN,Normal Hydrological State,0
106.98,85.04,30.84,8.9,1.03,54.05,YELLOW,Cloudburst Flash Flood,1
114.02,87.95,40.51,9.74,2.39,78.45,RED,Cloudburst Flash Flood,1
43.62,72.89,24.01,5.17,2.92,7.54,GREEN,Normal Hydrological State,0
79.83,93.42,49.16,9.75,1.88,72.76,ORANGE,Cloudburst Flash Flood,1
2.51,52.73,53.86,10.92,4.74,77.3,RED,River Overflow / Stage Exceeded,1
4.04,37.29,40.19,9.28,5.12,50.79,YELLOW,River Overflow / Stage Exceeded,1
7.64,57.4,52.58,7.55,4.67,21.41,GREEN,River Overflow / Stage Exceeded,0
2.43,35.79,27.4,3.27,0.48,5.08,GREEN,Normal Hydrological State,0
7.41,43.89,4.34,2.29,0.24,5.08,GREEN,Normal Hydrological State,0
42.88,68.44,27.65,6.62,2.14,9.29,GREEN,Normal Hydrological State,0
0.37,41.42,7.89,2.04,1.7,5.03,GREEN,Normal Hydrological State,0
5.21,46.93,52.18,10.1,6.08,89.83,RED,Seismic GLOF Warning,1
2.4,21.36,17.21,2.25,1.35,5.05,GREEN,Normal Hydrological State,0
4.45,40.36,9.62,2.53,0.02,5.08,GREEN,Normal Hydrological State,0
101.46,79.58,50.55,11.08,0.89,90.38,RED,Cloudburst Flash Flood,1
7.74,23.9,26.64,2.28,0.26,5.15,GREEN,Normal Hydrological State,0
12.4,21.68,14.25,4.04,1.66,5.14,GREEN,Normal Hydrological State,0
56.18,59.44,32.84,5.46,3.15,8.57,GREEN,Normal Hydrological State,0
0.46,42.96,29.41,2.58,0.99,5.04,GREEN,Normal Hydrological State,0
3.66,16.96,13.4,2.69,0.41,5.05,GREEN,Normal Hydrological State,0
40.77,76.15,14.53,5.38,1.78,6.58,GREEN,Normal Hydrological State,0
79.49,89.5,47.73,8.63,0.87,51.18,YELLOW,Cloudburst Flash Flood,1
0.41,60.24,54.26,9.69,6.74,93.96,RED,Seismic GLOF Warning,1
0.0,33.29,30.85,10.11,6.14,75.7,RED,Seismic GLOF Warning,1
5.88,24.68,32.57,2.27,1.57,5.14,GREEN,Normal Hydrological State,0
2.99,27.75,10.99,1.85,0.4,5.05,GREEN,Normal Hydrological State,0
4.19,23.56,17.21,2.36,1.1,5.07,GREEN,Normal Hydrological State,0
19.21,21.33,22.98,2.16,0.0,5.29,GREEN,Normal Hydrological State,0
7.19,29.51,45.22,10.57,5.11,76.62,RED,Seismic GLOF Warning,1
128.24,87.67,32.58,7.38,2.03,39.94,YELLOW,Cloudburst Flash Flood,0
1.26,61.68,56.3,12.36,7.1,99.0,RED,Seismic GLOF Warning,1
6.17,48.71,17.32,2.88,2.41,5.18,GREEN,Normal Hydrological State,0
4.04,41.57,14.57,3.13,0.94,5.1,GREEN,Normal Hydrological State,0
3.2,38.43,25.91,1.57,0.21,5.11,GREEN,Normal Hydrological State,0
7.86,34.1,44.18,2.23,0.93,5.3,GREEN,Normal Hydrological State,0
77.1,89.79,50.08,7.41,0.82,32.34,GREEN,Cloudburst Flash Flood,0
6.51,44.0,19.93,3.95,0.0,5.19,GREEN,Normal Hydrological State,0
5.99,11.95,25.55,1.86,1.31,5.07,GREEN,Normal Hydrological State,0
73.28,96.49,37.66,7.92,1.35,34.1,GREEN,Cloudburst Flash Flood,0
5.06,36.32,25.69,2.63,0.26,5.15,GREEN,Normal Hydrological State,0
46.36,60.9,31.62,6.01,1.5,7.82,GREEN,Normal Hydrological State,0
1.45,44.79,38.29,1.83,2.3,5.08,GREEN,Normal Hydrological State,0
4.29,35.08,29.6,1.49,0.44,5.14,GREEN,Normal Hydrological State,0
12.56,16.58,37.1,1.85,0.7,5.21,GREEN,Normal Hydrological State,0
15.43,50.29,7.62,1.26,0.49,5.23,GREEN,Normal Hydrological State,0
55.27,68.54,43.73,6.22,0.81,10.98,GREEN,Normal Hydrological State,0
0.04,19.36,37.06,3.64,0.0,5.02,GREEN,Normal Hydrological State,0
26.59,50.92,33.48,2.62,0.47,6.27,GREEN,Normal Hydrological State,0
5.82,41.97,17.92,3.36,2.03,5.15,GREEN,Normal Hydrological State,0
0.85,21.91,43.43,1.88,0.76,5.04,GREEN,Normal Hydrological State,0
48.29,65.07,22.59,6.12,2.38,7.55,GREEN,Normal Hydrological State,0
70.39,81.95,25.03,10.06,1.84,59.17,ORANGE,Cloudburst Flash Flood,1
5.22,17.58,42.13,1.26,1.04,5.11,GREEN,Normal Hydrological State,0
7.02,23.23,11.56,4.01,0.29,5.08,GREEN,Normal Hydrological State,0
6.23,35.87,13.88,2.11,0.97,5.12,GREEN,Normal Hydrological State,0
0.77,46.85,22.01,1.79,0.06,5.04,GREEN,Normal Hydrological State,0
0.0,33.6,36.39,2.85,0.66,5.02,GREEN,Normal Hydrological State,0
126.09,99.87,37.21,8.1,1.27,61.71,ORANGE,Cloudburst Flash Flood,1
20.4,37.88,39.38,2.06,0.19,5.79,GREEN,Normal Hydrological State,0
6.41,42.55,20.03,3.36,0.08,5.18,GREEN,Normal Hydrological State,0
1.72,24.96,43.21,1.51,1.07,5.06,GREEN,Normal Hydrological State,0
1.67,34.96,32.4,1.71,0.37,5.07,GREEN,Normal Hydrological State,0
8.05,45.14,27.28,4.68,0.44,5.29,GREEN,Normal Hydrological State,0
0.0,18.41,5.73,1.78,0.37,5.02,GREEN,Normal Hydrological State,0
3.11,72.81,52.55,10.6,6.13,93.46,RED,Seismic GLOF Warning,1
3.52,49.76,9.53,1.72,0.25,5.08,GREEN,Normal Hydrological State,0
51.65,58.45,30.81,4.94,1.65,7.98,GREEN,Normal Hydrological State,0
112.3,79.02,28.39,9.18,1.89,56.26,ORANGE,Cloudburst Flash Flood,1
5.84,52.76,55.95,10.44,6.11,93.64,RED,Seismic GLOF Warning,1
98.28,93.28,43.69,9.05,2.38,66.59,ORANGE,Cloudburst Flash Flood,1
2.82,51.2,14.76,2.64,1.54,5.09,GREEN,Normal Hydrological State,0
5.02,19.26,7.06,4.32,0.55,5.05,GREEN,Normal Hydrological State,0
6.96,51.6,42.0,3.16,0.34,5.38,GREEN,Normal Hydrological State,0
39.69,71.51,27.59,4.84,2.58,7.51,GREEN,Normal Hydrological State,0
13.11,14.49,15.95,2.3,0.33,5.11,GREEN,Normal Hydrological State,0
11.34,50.61,23.46,2.19,1.26,5.4,GREEN,Normal Hydrological State,0
12.72,24.91,7.29,2.53,0.13,5.1,GREEN,Normal Hydrological State,0
1.69,69.82,37.16,8.33,5.33,36.4,YELLOW,Seismic GLOF Warning,0
32.74,71.66,34.6,4.72,1.61,7.43,GREEN,Normal Hydrological State,0
5.16,48.24,40.88,2.12,0.54,5.26,GREEN,Normal Hydrological State,0
11.09,36.79,27.24,3.16,1.27,5.32,GREEN,Normal Hydrological State,0
0.0,44.47,52.35,8.26,7.04,87.44,RED,Seismic GLOF Warning,1
3.42,41.9,56.4,9.74,4.96,64.75,ORANGE,Seismic GLOF Warning,1
5.1,45.89,42.18,2.22,0.21,5.25,GREEN,Normal Hydrological State,0
8.57,38.53,40.91,2.68,0.67,5.34,GREEN,Normal Hydrological State,0
2.13,41.53,36.66,2.42,0.72,5.1,GREEN,Normal Hydrological State,0
34.53,76.22,42.32,4.79,1.49,8.29,GREEN,Normal Hydrological State,0
0.77,61.05,58.23,8.07,5.36,49.02,YELLOW,Seismic GLOF Warning,0
0.6,29.19,46.45,10.97,6.8,96.61,RED,Seismic GLOF Warning,1
34.27,62.79,37.57,4.69,0.88,7.35,GREEN,Normal Hydrological State,0
2.25,24.04,23.09,0.91,0.46,5.06,GREEN,Normal Hydrological State,0
1.44,20.72,35.48,2.89,0.3,5.05,GREEN,Normal Hydrological State,0
6.48,24.05,7.26,3.25,0.13,5.06,GREEN,Normal Hydrological State,0
8.65,68.02,54.77,9.51,5.25,70.37,ORANGE,Seismic GLOF Warning,1
101.03,91.96,43.79,8.22,1.55,53.46,YELLOW,Cloudburst Flash Flood,1
52.52,69.99,18.31,6.72,2.26,9.39,GREEN,Normal Hydrological State,0
2.6,50.87,16.0,2.2,0.16,5.08,GREEN,Normal Hydrological State,0
28.06,72.1,39.87,4.78,3.24,7.29,GREEN,Normal Hydrological State,0
39.03,64.4,29.5,5.45,3.22,7.31,GREEN,Normal Hydrological State,0
131.76,95.75,41.05,9.95,1.24,87.99,RED,Cloudburst Flash Flood,1
6.2,40.95,32.92,1.81,1.45,5.23,GREEN,Normal Hydrological State,0
5.98,22.39,12.7,3.16,0.95,5.07,GREEN,Normal Hydrological State,0
6.81,23.02,12.33,3.08,0.2,5.08,GREEN,Normal Hydrological State,0
8.9,40.51,59.87,11.07,5.33,91.3,RED,Seismic GLOF Warning,1
0.75,23.59,20.77,4.13,0.69,5.03,GREEN,Normal Hydrological State,0
0.0,40.32,28.26,3.14,0.08,5.02,GREEN,Normal Hydrological State,0
0.0,43.93,21.88,2.79,0.91,5.02,GREEN,Normal Hydrological State,0
8.62,50.49,20.98,2.72,1.69,5.28,GREEN,Normal Hydrological State,0
7.37,19.12,24.82,2.79,0.63,5.12,GREEN,Normal Hydrological State,0
1.37,57.05,31.04,2.82,0.0,5.08,GREEN,Normal Hydrological State,0
4.97,43.3,15.44,2.57,1.07,5.12,GREEN,Normal Hydrological State,0
14.48,33.6,25.86,3.03,0.69,5.37,GREEN,Normal Hydrological State,0
4.7,44.49,43.69,1.67,0.13,5.23,GREEN,Normal Hydrological State,0
133.46,77.77,51.0,11.44,0.44,95.64,RED,Cloudburst Flash Flood,1
5.46,31.18,6.3,2.43,0.46,5.06,GREEN,Normal Hydrological State,0
3.61,27.58,6.12,2.87,0.36,5.04,GREEN,Normal Hydrological State,0
16.11,30.69,14.08,1.74,0.41,5.24,GREEN,Normal Hydrological State,0
137.37,96.47,47.8,8.5,0.48,78.7,RED,Cloudburst Flash Flood,1
1.83,42.74,46.25,7.46,6.9,70.52,ORANGE,Seismic GLOF Warning,1
120.58,98.66,47.54,8.12,0.27,67.84,ORANGE,Cloudburst Flash Flood,1
0.99,29.53,40.66,1.81,0.0,5.05,GREEN,Normal Hydrological State,0
8.25,49.84,33.89,3.15,0.18,5.38,GREEN,Normal Hydrological State,0
5.28,38.71,8.09,0.99,0.49,5.08,GREEN,Normal Hydrological State,0
3.09,39.3,5.01,4.29,0.2,5.04,GREEN,Normal Hydrological State,0
5.69,55.54,40.18,4.14,0.37,5.33,GREEN,Normal Hydrological State,0
38.53,75.81,35.36,4.62,3.23,8.23,GREEN,Normal Hydrological State,0
0.0,44.15,56.46,10.37,6.68,96.56,RED,Seismic GLOF Warning,1
37.28,67.87,29.47,5.92,1.68,7.32,GREEN,Normal Hydrological State,0
2.97,42.5,42.07,3.28,1.06,5.14,GREEN,Normal Hydrological State,0
1.55,35.38,23.12,3.61,0.73,5.06,GREEN,Normal Hydrological State,0
0.0,48.34,35.66,1.56,0.44,5.02,GREEN,Normal Hydrological State,0
4.93,52.54,24.37,3.33,1.98,5.19,GREEN,Normal Hydrological State,0
14.86,57.0,34.92,10.43,6.56,88.99,RED,Seismic GLOF Warning,1
39.89,66.26,31.52,6.14,1.14,7.82,GREEN,Normal Hydrological State,0
10.97,29.86,31.5,2.59,0.03,5.29,GREEN,Normal Hydrological State,0
2.21,28.87,30.46,2.93,1.37,5.07,GREEN,Normal Hydrological State,0
1.73,21.38,7.72,2.11,0.24,5.03,GREEN,Normal Hydrological State,0
14.27,35.09,44.99,2.94,1.7,5.55,GREEN,Normal Hydrological State,0
2.09,36.91,29.15,2.61,0.66,5.08,GREEN,Normal Hydrological State,0
10.43,45.63,11.02,2.68,0.54,5.19,GREEN,Normal Hydrological State,0
9.58,35.68,23.01,2.9,0.59,5.24,GREEN,Normal Hydrological State,0
2.32,64.75,43.58,10.65,7.1,96.16,RED,Seismic GLOF Warning,1
2.84,28.58,27.63,2.77,0.0,5.08,GREEN,Normal Hydrological State,0
0.24,44.66,13.59,3.74,0.6,5.03,GREEN,Normal Hydrological State,0
3.31,37.52,22.42,2.24,0.45,5.1,GREEN,Normal Hydrological State,0
148.32,85.53,45.07,9.71,1.8,87.84,RED,Cloudburst Flash Flood,1
141.46,81.08,48.56,6.77,0.9,47.43,YELLOW,Cloudburst Flash Flood,0
8.95,20.89,15.33,4.53,0.89,5.11,GREEN,Normal Hydrological State,0
4.22,26.0,42.76,3.4,0.91,5.13,GREEN,Normal Hydrological State,0
55.52,69.25,21.89,7.12,0.6,12.12,GREEN,River Overflow / Stage Exceeded,0
7.67,15.58,11.49,3.92,0.64,5.07,GREEN,Normal Hydrological State,0
55.52,65.37,36.03,6.4,1.1,10.39,GREEN,Normal Hydrological State,0
6.08,62.19,33.91,10.57,7.46,94.17,RED,Seismic GLOF Warning,1
0.93,70.05,34.78,11.41,6.78,95.06,RED,Seismic GLOF Warning,1
4.31,26.64,22.72,1.17,0.96,5.09,GREEN,Normal Hydrological State,0
7.94,57.33,36.04,7.39,4.69,16.04,GREEN,River Overflow / Stage Exceeded,0
137.61,90.16,27.01,11.62,1.65,93.82,RED,Cloudburst Flash Flood,1
131.47,96.52,38.89,9.66,2.38,84.48,RED,Cloudburst Flash Flood,1
2.82,30.68,39.04,2.89,0.07,5.1,GREEN,Normal Hydrological State,0
0.42,41.09,26.09,2.05,1.19,5.03,GREEN,Normal Hydrological State,0
5.91,49.28,17.61,3.13,0.29,5.17,GREEN,Normal Hydrological State,0
2.87,55.98,29.2,10.09,6.02,72.76,ORANGE,Seismic GLOF Warning,1
10.94,40.48,35.44,2.38,0.0,5.42,GREEN,Normal Hydrological State,0
0.0,56.61,53.02,11.77,6.39,98.13,RED,Seismic GLOF Warning,1
6.7,42.7,12.72,2.52,0.04,5.14,GREEN,Normal Hydrological State,0
58.07,64.94,31.79,6.71,1.12,11.41,GREEN,Normal Hydrological State,0
67.81,98.74,53.85,7.23,0.12,30.36,GREEN,River Overflow / Stage Exceeded,0
12.35,17.22,16.34,2.2,0.69,5.13,GREEN,Normal Hydrological State,0
6.36,72.09,36.17,9.76,5.98,74.6,ORANGE,Seismic GLOF Warning,1
1.44,47.64,23.77,3.56,0.23,5.07,GREEN,Normal Hydrological State,0
42.15,76.76,27.72,5.94,3.08,7.95,GREEN,Normal Hydrological State,0
86.91,76.34,34.2,9.69,2.58,60.8,ORANGE,Cloudburst Flash Flood,1
102.18,86.85,28.7,10.92,1.3,83.91,RED,Cloudburst Flash Flood,1
2.42,33.52,4.85,1.54,0.0,5.04,GREEN,Normal Hydrological State,0
102.75,90.28,29.74,9.12,0.82,57.75,ORANGE,Cloudburst Flash Flood,1
0.72,37.28,14.39,2.64,0.94,5.03,GREEN,Normal Hydrological State,0
3.13,53.92,28.61,1.78,1.38,5.15,GREEN,Normal Hydrological State,0
0.0,32.79,40.82,7.68,6.75,61.56,ORANGE,Seismic GLOF Warning,1
6.77,14.97,22.53,2.93,1.01,5.08,GREEN,Normal Hydrological State,0
40.11,59.55,41.07,4.35,1.31,7.86,GREEN,Normal Hydrological State,0
3.99,37.38,26.5,1.33,0.02,5.13,GREEN,Normal Hydrological State,0
0.0,53.66,36.53,8.23,6.95,67.19,ORANGE,Seismic GLOF Warning,1
0.22,54.51,34.5,2.07,0.25,5.03,GREEN,Normal Hydrological State,0
4.54,53.2,41.82,2.76,0.78,5.26,GREEN,Normal Hydrological State,0
9.01,62.87,56.74,9.24,6.25,88.48,RED,Seismic GLOF Warning,1
36.06,72.9,44.58,5.7,1.86,8.43,GREEN,Normal Hydrological State,0
1.96,22.4,42.22,3.22,0.46,5.06,GREEN,Normal Hydrological State,0
4.21,43.1,42.74,3.86,0.15,5.2,GREEN,Normal Hydrological State,0
7.49,29.11,11.77,0.97,0.57,5.1,GREEN,Normal Hydrological State,0
6.74,48.46,15.86,3.07,0.59,5.18,GREEN,Normal Hydrological State,0
74.86,76.93,30.89,10.39,1.63,68.46,ORANGE,Cloudburst Flash Flood,1
8.77,49.33,41.81,2.53,0.06,5.46,GREEN,Normal Hydrological State,0
6.42,63.37,54.42,10.78,5.53,89.95,RED,Seismic GLOF Warning,1
9.17,39.55,31.64,8.54,5.24,35.32,YELLOW,River Overflow / Stage Exceeded,0
73.24,99.33,35.84,8.84,1.06,48.97,YELLOW,Cloudburst Flash Flood,0
1.19,47.18,22.54,2.33,0.02,5.06,GREEN,Normal Hydrological State,0
7.36,27.44,30.32,3.27,0.99,5.18,GREEN,Normal Hydrological State,0
30.19,58.06,42.57,6.63,1.36,8.61,GREEN,Normal Hydrological State,0
99.49,92.26,40.72,8.94,0.29,62.85,ORANGE,Cloudburst Flash Flood,1
7.21,54.07,45.46,2.77,0.26,5.43,GREEN,Normal Hydrological State,0
33.75,59.06,31.86,6.73,2.05,8.82,GREEN,Normal Hydrological State,0
7.1,39.14,38.55,3.43,0.04,5.28,GREEN,Normal Hydrological State,0
44.89,63.94,38.56,4.77,3.4,8.4,GREEN,Normal Hydrological State,0
1.8,44.14,18.42,3.3,0.48,5.06,GREEN,Normal Hydrological State,0
7.02,29.26,27.13,2.33,0.54,5.17,GREEN,Normal Hydrological State,0
1.44,51.96,21.09,4.04,0.68,5.07,GREEN,Normal Hydrological State,0
10.62,48.21,51.9,11.65,4.93,89.48,RED,Seismic GLOF Warning,1
56.35,59.19,16.83,5.49,2.4,6.96,GREEN,Normal Hydrological State,0
2.08,45.91,9.15,3.96,0.61,5.05,GREEN,Normal Hydrological State,0
52.4,55.77,21.05,4.64,1.3,7.05,GREEN,Normal Hydrological State,0
43.84,64.07,16.6,6.97,1.65,9.42,GREEN,Normal Hydrological State,0
5.17,51.26,4.27,2.44,0.28,5.07,GREEN,Normal Hydrological State,0
0.0,26.67,30.68,2.98,0.13,5.02,GREEN,Normal Hydrological State,0
39.02,60.65,42.37,4.66,0.63,7.89,GREEN,Normal Hydrological State,0
0.0,26.08,32.68,2.56,0.73,5.02,GREEN,Normal Hydrological State,0
10.32,46.19,11.66,2.83,0.14,5.2,GREEN,Normal Hydrological State,0
87.85,70.96,40.16,11.5,1.75,88.07,RED,Cloudburst Flash Flood,1
2.65,54.6,7.31,3.13,1.0,5.06,GREEN,Normal Hydrological State,0
7.88,48.21,26.21,2.68,0.27,5.29,GREEN,Normal Hydrological State,0
34.41,81.83,39.02,5.7,3.04,8.35,GREEN,Normal Hydrological State,0
2.61,34.18,18.25,1.76,1.26,5.07,GREEN,Normal Hydrological State,0
28.07,76.19,36.93,4.91,0.95,7.3,GREEN,Normal Hydrological State,0
4.19,29.84,24.73,2.98,0.31,5.1,GREEN,Normal Hydrological State,0
8.8,19.0,30.0,3.13,0.22,5.15,GREEN,Normal Hydrological State,0
7.15,19.41,18.14,3.76,0.56,5.09,GREEN,Normal Hydrological State,0
7.49,52.77,39.75,1.61,0.5,5.4,GREEN,Normal Hydrological State,0
7.2,49.42,38.61,1.74,0.41,5.36,GREEN,Normal Hydrological State,0
4.28,29.13,40.54,2.36,0.64,5.14,GREEN,Normal Hydrological State,0
145.12,89.58,34.43,8.89,1.14,72.61,ORANGE,Cloudburst Flash Flood,1
2.6,36.58,47.52,10.45,5.96,88.75,RED,Seismic GLOF Warning,1
0.0,30.93,27.39,2.27,0.06,5.02,GREEN,Normal Hydrological State,0
1.96,43.58,8.89,3.22,0.15,5.05,GREEN,Normal Hydrological State,0
1.46,53.09,11.01,2.66,0.6,5.05,GREEN,Normal Hydrological State,0
1.03,17.23,26.93,2.45,1.12,5.03,GREEN,Normal Hydrological State,0
3.09,68.49,31.01,10.25,4.66,55.4,ORANGE,River Overflow / Stage Exceeded,1
20.71,31.73,32.67,3.79,1.06,5.58,GREEN,Normal Hydrological State,0
4.12,45.56,34.48,1.98,0.84,5.18,GREEN,Normal Hydrological State,0
3.99,37.33,7.04,1.22,0.32,5.06,GREEN,Normal Hydrological State,0
3.13,22.84,8.32,1.57,0.47,5.04,GREEN,Normal Hydrological State,0
0.26,37.75,8.16,2.4,0.0,5.02,GREEN,Normal Hydrological State,0
2.45,49.44,37.08,7.34,5.5,26.25,GREEN,Seismic GLOF Warning,0
2.61,43.62,6.13,4.4,1.16,5.05,GREEN,Normal Hydrological State,0
8.54,44.18,40.65,1.21,0.17,5.39,GREEN,Normal Hydrological State,0
1.86,53.67,23.26,2.97,0.29,5.08,GREEN,Normal Hydrological State,0
135.45,90.68,35.7,10.61,0.01,90.39,RED,Cloudburst Flash Flood,1
42.3,69.97,25.94,6.84,0.62,10.05,GREEN,Normal Hydrological State,0
55.56,71.06,28.87,6.1,1.38,9.1,GREEN,Normal Hydrological State,0
117.94,83.77,54.71,9.08,2.23,76.07,RED,Cloudburst Flash Flood,1
1.59,53.41,38.98,2.07,1.29,5.1,GREEN,Normal Hydrological State,0
10.39,50.28,39.08,0.95,0.75,5.53,GREEN,Normal Hydrological State,0
4.0,28.19,34.89,4.06,0.98,5.12,GREEN,Normal Hydrological State,0
5.35,28.03,12.68,3.27,0.23,5.08,GREEN,Normal Hydrological State,0
10.99,31.72,24.62,2.73,0.79,5.26,GREEN,Normal Hydrological State,0
32.55,75.65,21.01,6.74,2.29,8.59,GREEN,Normal Hydrological State,0
0.47,47.14,38.9,2.13,0.02,5.04,GREEN,Normal Hydrological State,0
53.72,67.04,27.31,5.35,0.69,8.32,GREEN,Normal Hydrological State,0
59.04,66.48,21.14,5.46,2.75,7.91,GREEN,Normal Hydrological State,0
53.93,56.65,15.0,7.37,0.65,11.49,GREEN,River Overflow / Stage Exceeded,0
7.61,42.88,29.74,2.56,0.09,5.28,GREEN,Normal Hydrological State,0
49.73,60.95,18.3,6.64,2.62,8.48,GREEN,Normal Hydrological State,0
1.76,37.74,40.68,8.48,6.52,68.66,ORANGE,Seismic GLOF Warning,1
8.5,27.89,16.6,2.35,0.71,5.14,GREEN,Normal Hydrological State,0
0.88,30.73,40.42,1.01,0.15,5.05,GREEN,Normal Hydrological State,0
1.78,31.67,15.98,3.27,2.78,5.05,GREEN,Normal Hydrological State,0
4.38,30.86,36.34,3.28,0.22,5.14,GREEN,Normal Hydrological State,0
5.21,31.87,31.64,2.86,0.04,5.16,GREEN,Normal Hydrological State,0
35.0,51.77,38.57,5.35,2.26,6.96,GREEN,Normal Hydrological State,0
48.85,68.37,21.61,4.18,2.71,7.45,GREEN,Normal Hydrological State,0
0.0,68.24,32.43,10.13,5.48,67.59,ORANGE,Seismic GLOF Warning,1
46.49,76.66,26.61,5.43,2.55,8.2,GREEN,Normal Hydrological State,0
4.9,53.48,18.02,1.59,1.34,5.16,GREEN,Normal Hydrological State,0
8.32,48.22,48.9,11.13,5.63,91.71,RED,Seismic GLOF Warning,1
2.92,35.97,33.3,1.91,0.95,5.11,GREEN,Normal Hydrological State,0
37.48,71.63,21.4,4.94,1.03,6.88,GREEN,Normal Hydrological State,0
18.98,35.54,31.4,3.15,0.25,5.58,GREEN,Normal Hydrological State,0
0.3,68.09,43.07,11.47,5.33,88.97,RED,Seismic GLOF Warning,1
6.53,54.44,10.52,3.17,0.05,5.14,GREEN,Normal Hydrological State,0
3.66,43.39,22.32,3.43,0.2,5.12,GREEN,Normal Hydrological State,0
11.29,45.1,43.9,2.48,0.72,5.55,GREEN,Normal Hydrological State,0
3.27,41.83,34.11,3.73,0.31,5.14,GREEN,Normal Hydrological State,0
85.22,84.68,42.59,9.69,2.06,67.84,ORANGE,Cloudburst Flash Flood,1
5.45,46.05,32.67,4.3,0.61,5.23,GREEN,Normal Hydrological State,0
10.89,56.06,47.52,10.08,5.77,84.14,RED,Seismic GLOF Warning,1
37.5,63.86,26.29,5.37,3.2,6.98,GREEN,Normal Hydrological State,0
109.64,80.89,29.98,8.68,0.46,48.55,YELLOW,Cloudburst Flash Flood,0
51.75,65.81,18.94,5.12,0.65,7.23,GREEN,Normal Hydrological State,0
2.22,42.93,10.51,2.35,0.26,5.05,GREEN,Normal Hydrological State,0
0.0,54.99,46.22,8.1,5.57,45.26,YELLOW,Seismic GLOF Warning,0
0.03,30.66,39.45,10.34,5.15,69.93,ORANGE,River Overflow / Stage Exceeded,1
0.93,63.7,47.78,7.19,6.13,48.77,YELLOW,Seismic GLOF Warning,0
39.64,56.17,18.71,7.26,2.12,10.51,GREEN,River Overflow / Stage Exceeded,0
97.71,86.74,27.92,8.78,0.0,47.04,YELLOW,Cloudburst Flash Flood,0
0.66,67.75,42.28,10.6,7.29,96.3,RED,Seismic GLOF Warning,1
0.0,40.9,20.63,3.24,0.23,5.02,GREEN,Normal Hydrological State,0
0.87,41.7,32.18,3.27,0.07,5.05,GREEN,Normal Hydrological State,0
57.74,61.79,40.2,4.95,0.64,9.65,GREEN,Normal Hydrological State,0
1.49,19.02,37.55,3.18,0.58,5.05,GREEN,Normal Hydrological State,0
3.33,16.0,43.86,4.43,0.23,5.07,GREEN,Normal Hydrological State,0
4.39,40.78,27.41,1.7,0.0,5.15,GREEN,Normal Hydrological State,0
9.39,42.37,27.76,2.4,0.31,5.32,GREEN,Normal Hydrological State,0
3.02,36.85,5.38,3.05,0.22,5.04,GREEN,Normal Hydrological State,0
9.2,42.06,28.37,1.91,0.59,5.31,GREEN,Normal Hydrological State,0
1.44,27.0,34.76,2.96,1.02,5.05,GREEN,Normal Hydrological State,0
4.11,48.08,41.77,2.61,3.22,5.22,GREEN,Normal Hydrological State,0
9.12,37.22,8.82,2.72,0.45,5.12,GREEN,Normal Hydrological State,0
0.0,50.72,31.54,2.77,1.99,5.02,GREEN,Normal Hydrological State,0
13.21,29.41,41.78,1.84,0.12,5.41,GREEN,Normal Hydrological State,0
3.21,30.33,34.28,2.78,0.44,5.1,GREEN,Normal Hydrological State,0
8.45,38.18,38.47,4.03,0.17,5.32,GREEN,Normal Hydrological State,0
4.33,26.1,29.74,2.06,0.32,5.11,GREEN,Normal Hydrological State,0
7.22,48.24,17.77,2.42,0.12,5.2,GREEN,Normal Hydrological State,0
1.52,44.11,23.53,2.21,1.44,5.06,GREEN,Normal Hydrological State,0
9.75,52.46,32.59,10.5,5.59,77.06,RED,Seismic GLOF Warning,1
7.14,18.84,10.06,3.34,0.43,5.07,GREEN,Normal Hydrological State,0
124.32,78.23,49.65,11.35,1.32,94.4,RED,Cloudburst Flash Flood,1
109.63,74.49,35.17,8.91,1.99,53.69,YELLOW,Cloudburst Flash Flood,1
4.07,34.45,37.31,3.16,0.88,5.15,GREEN,Normal Hydrological State,0
24.36,51.82,31.15,1.81,0.5,6.11,GREEN,Normal Hydrological State,0
0.62,64.3,48.68,8.76,6.18,74.27,ORANGE,Seismic GLOF Warning,1
0.5,48.09,51.87,7.9,5.67,50.38,YELLOW,Seismic GLOF Warning,1
10.01,36.21,16.73,1.41,0.0,5.2,GREEN,Normal Hydrological State,0
4.58,60.05,47.13,10.86,6.22,93.8,RED,Seismic GLOF Warning,1
24.73,81.8,36.53,4.85,3.32,7.14,GREEN,Normal Hydrological State,0
0.0,58.59,29.98,9.75,6.93,79.66,RED,Seismic GLOF Warning,1
2.31,37.56,50.32,7.46,4.56,16.72,GREEN,River Overflow / Stage Exceeded,0
0.0,23.55,41.63,3.72,0.41,5.02,GREEN,Normal Hydrological State,0
40.94,74.4,28.98,6.62,2.29,9.58,GREEN,Normal Hydrological State,0
134.24,92.47,31.6,11.08,1.27,92.26,RED,Cloudburst Flash Flood,1
3.6,41.47,5.86,2.81,0.01,5.05,GREEN,Normal Hydrological State,0
0.95,43.32,45.02,2.66,0.08,5.06,GREEN,Normal Hydrological State,0
30.79,61.67,29.84,6.34,1.19,7.32,GREEN,Normal Hydrological State,0
48.3,80.53,44.1,5.11,2.98,10.67,GREEN,Normal Hydrological State,0
5.41,43.77,5.21,1.41,0.56,5.07,GREEN,Normal Hydrological State,0
139.84,97.09,54.03,10.69,2.48,96.37,RED,Cloudburst Flash Flood,1
15.01,54.29,41.72,10.33,6.05,87.4,RED,Seismic GLOF Warning,1
2.63,42.85,22.79,2.56,0.14,5.09,GREEN,Normal Hydrological State,0
8.54,19.11,21.22,3.47,0.0,5.12,GREEN,Normal Hydrological State,0
0.74,36.7,23.0,3.55,0.63,5.04,GREEN,Normal Hydrological State,0
1.73,32.33,35.94,3.92,1.32,5.07,GREEN,Normal Hydrological State,0
4.97,42.98,31.72,2.3,0.4,5.19,GREEN,Normal Hydrological State,0
3.0,54.16,22.52,3.26,1.09,5.12,GREEN,Normal Hydrological State,0
94.69,86.31,26.87,9.18,1.59,52.31,YELLOW,Cloudburst Flash Flood,1
59.08,73.59,33.71,6.24,0.59,10.74,GREEN,Normal Hydrological State,0
3.27,70.13,58.75,9.42,4.64,49.73,YELLOW,River Overflow / Stage Exceeded,0
150.8,85.93,38.6,7.44,0.0,54.97,YELLOW,Cloudburst Flash Flood,1
3.68,20.67,29.77,2.54,0.16,5.08,GREEN,Normal Hydrological State,0
6.24,35.35,51.9,7.77,6.11,62.52,ORANGE,Seismic GLOF Warning,1
85.41,97.65,51.7,10.23,2.37,83.42,RED,Cloudburst Flash Flood,1
29.32,66.81,21.1,6.68,3.08,7.91,GREEN,Normal Hydrological State,0
31.41,74.6,25.44,6.0,3.19,6.87,GREEN,Normal Hydrological State,0
124.24,93.69,33.53,10.93,1.71,90.89,RED,Cloudburst Flash Flood,1
60.24,76.36,25.79,5.48,1.16,9.3,GREEN,Normal Hydrological State,0
125.95,99.7,28.94,8.68,0.28,61.8,ORANGE,Cloudburst Flash Flood,1
11.45,44.91,39.54,2.57,0.25,5.52,GREEN,Normal Hydrological State,0
8.76,31.89,36.85,1.7,0.33,5.27,GREEN,Normal Hydrological State,0
3.29,50.83,13.98,1.88,0.18,5.09,GREEN,Normal Hydrological State,0
6.93,44.06,19.1,2.97,0.24,5.19,GREEN,Normal Hydrological State,0
6.08,52.94,41.49,3.35,0.07,5.34,GREEN,Normal Hydrological State,0
1.54,43.31,37.46,9.12,6.44,72.65,ORANGE,Seismic GLOF Warning,1
1.28,35.65,8.27,2.93,0.12,5.03,GREEN,Normal Hydrological State,0
144.76,87.05,38.16,10.38,2.34,90.15,RED,Cloudburst Flash Flood,1
17.65,44.64,16.09,2.24,0.0,5.41,GREEN,Normal Hydrological State,0
7.53,30.17,17.19,1.89,1.5,5.14,GREEN,Normal Hydrological State,0
108.65,89.86,36.86,7.26,0.31,35.92,YELLOW,Cloudburst Flash Flood,0
9.38,19.84,10.07,4.36,2.76,5.08,GREEN,Normal Hydrological State,0
104.21,88.22,40.96,9.89,2.16,77.83,RED,Cloudburst Flash Flood,1
1.68,40.01,56.45,8.19,4.6,26.61,GREEN,River Overflow / Stage Exceeded,0
12.53,27.95,29.26,1.61,0.04,5.29,GREEN,Normal Hydrological State,0
10.34,26.86,18.78,0.99,0.29,5.17,GREEN,Normal Hydrological State,0
1.25,49.5,31.09,2.16,1.43,5.07,GREEN,Normal Hydrological State,0
34.5,77.26,46.55,6.53,1.17,10.1,GREEN,Normal Hydrological State,0
6.0,24.4,29.74,2.04,1.15,5.13,GREEN,Normal Hydrological State,0
4.12,35.02,32.4,3.27,0.23,5.14,GREEN,Normal Hydrological State,0
150.17,89.68,48.22,11.27,0.96,97.2,RED,Cloudburst Flash Flood,1
0.52,16.64,35.32,2.35,0.09,5.03,GREEN,Normal Hydrological State,0
15.21,40.32,24.36,2.28,0.91,5.44,GREEN,Normal Hydrological State,0
9.37,23.27,36.34,2.03,0.37,5.22,GREEN,Normal Hydrological State,0
1.92,35.33,49.57,10.61,5.96,90.81,RED,Seismic GLOF Warning,1
8.87,39.43,18.46,1.86,1.73,5.21,GREEN,Normal Hydrological State,0
78.0,75.84,47.2,10.9,0.84,82.38,RED,Cloudburst Flash Flood,1
0.44,53.43,32.12,2.4,0.37,5.04,GREEN,Normal Hydrological State,0
4.51,23.25,17.12,2.49,0.15,5.07,GREEN,Normal Hydrological State,0
37.84,73.35,26.03,5.39,3.15,7.32,GREEN,Normal Hydrological State,0
57.85,67.44,18.91,4.96,0.83,7.61,GREEN,Normal Hydrological State,0
5.79,34.98,37.48,4.69,0.29,5.21,GREEN,Normal Hydrological State,0
1.69,28.26,24.89,1.18,0.63,5.05,GREEN,Normal Hydrological State,0
4.28,26.1,32.11,2.82,0.45,5.11,GREEN,Normal Hydrological State,0
2.53,46.18,3.96,3.13,2.55,5.04,GREEN,Normal Hydrological State,0
17.31,19.76,31.67,1.48,0.89,5.3,GREEN,Normal Hydrological State,0
135.65,88.13,53.97,8.56,0.28,77.79,RED,Cloudburst Flash Flood,1
7.89,41.12,33.02,2.77,0.38,5.29,GREEN,Normal Hydrological State,0
0.0,57.17,34.83,10.47,6.65,88.57,RED,Seismic GLOF Warning,1
43.6,56.77,38.25,4.54,2.19,7.81,GREEN,Normal Hydrological State,0
3.64,41.14,47.89,11.89,5.53,94.55,RED,Seismic GLOF Warning,1
6.09,22.01,27.09,2.05,1.3,5.12,GREEN,Normal Hydrological State,0
14.62,13.16,44.1,1.25,0.12,5.22,GREEN,Normal Hydrological State,0
10.53,53.0,18.08,3.01,0.42,5.32,GREEN,Normal Hydrological State,0
4.34,38.43,42.18,2.33,0.04,5.19,GREEN,Normal Hydrological State,0
4.32,33.15,9.47,3.13,0.12,5.07,GREEN,Normal Hydrological State,0
102.73,96.28,36.62,8.79,1.2,60.52,ORANGE,Cloudburst Flash Flood,1
8.22,48.89,19.46,1.88,1.35,5.25,GREEN,Normal Hydrological State,0
33.14,61.63,21.8,5.32,2.84,6.41,GREEN,Normal Hydrological State,0
141.77,81.51,54.13,7.07,1.01,55.83,ORANGE,Cloudburst Flash Flood,1
28.05,69.48,31.66,6.23,1.16,7.2,GREEN,Normal Hydrological State,0
1.83,56.56,38.05,10.24,5.15,67.74,ORANGE,River Overflow / Stage Exceeded,1
27.56,59.42,27.16,6.07,1.09,6.4,GREEN,Normal Hydrological State,0
4.62,29.16,43.31,2.37,0.02,5.16,GREEN,Normal Hydrological State,0
2.7,26.64,11.37,2.27,0.4,5.05,GREEN,Normal Hydrological State,0
0.78,35.48,55.3,11.82,4.61,86.27,RED,River Overflow / Stage Exceeded,1
30.31,71.68,34.23,5.42,0.78,7.2,GREEN,Normal Hydrological State,0
6.58,42.35,11.84,2.74,0.71,5.13,GREEN,Normal Hydrological State,0
16.67,30.3,5.29,2.73,0.64,5.12,GREEN,Normal Hydrological State,0
2.2,21.42,34.52,2.45,0.0,5.06,GREEN,Normal Hydrological State,0
59.33,68.82,39.68,5.23,1.72,10.51,GREEN,Normal Hydrological State,0
1.71,32.43,25.07,2.03,0.56,5.06,GREEN,Normal Hydrological State,0
6.21,34.24,40.72,1.76,0.55,5.23,GREEN,Normal Hydrological State,0
2.86,21.77,8.72,3.14,1.57,5.04,GREEN,Normal Hydrological State,0
0.48,62.78,38.02,10.12,7.21,92.11,RED,Seismic GLOF Warning,1
0.22,15.7,20.96,1.8,0.66,5.02,GREEN,Normal Hydrological State,0
2.28,55.52,25.75,1.59,0.0,5.11,GREEN,Normal Hydrological State,0
2.14,53.11,14.83,2.38,1.13,5.07,GREEN,Normal Hydrological State,0
5.89,51.81,26.26,2.33,1.64,5.24,GREEN,Normal Hydrological State,0
3.41,34.79,34.13,3.12,0.48,5.12,GREEN,Normal Hydrological State,0
4.21,44.86,36.99,2.73,0.22,5.19,GREEN,Normal Hydrological State,0
0.08,35.66,41.06,4.03,0.06,5.02,GREEN,Normal Hydrological State,0
16.72,53.25,33.4,2.18,0.77,5.81,GREEN,Normal Hydrological State,0
29.44,72.09,41.3,4.69,1.32,7.49,GREEN,Normal Hydrological State,0
29.28,62.39,39.79,6.02,0.74,7.05,GREEN,Normal Hydrological State,0
17.36,27.19,42.39,2.03,0.46,5.5,GREEN,Normal Hydrological State,0
5.22,21.47,29.64,1.83,0.73,5.11,GREEN,Normal Hydrological State,0
3.4,43.29,13.6,2.71,0.71,5.08,GREEN,Normal Hydrological State,0
10.35,45.91,19.3,2.75,0.98,5.29,GREEN,Normal Hydrological State,0
2.84,17.79,15.09,2.05,0.5,5.04,GREEN,Normal Hydrological State,0
4.93,32.68,41.21,3.08,0.32,5.18,GREEN,Normal Hydrological State,0
3.77,17.84,29.79,2.63,1.93,5.07,GREEN,Normal Hydrological State,0
34.11,78.81,46.66,6.26,1.33,9.23,GREEN,Normal Hydrological State,0
6.74,45.28,19.12,2.94,0.61,5.19,GREEN,Normal Hydrological State,0
122.33,88.67,52.37,8.98,1.97,77.73,RED,Cloudburst Flash Flood,1
54.73,56.72,44.4,4.86,1.86,9.22,GREEN,Normal Hydrological State,0
2.74,31.24,11.78,2.2,0.49,5.05,GREEN,Normal Hydrological State,0
86.16,83.3,29.26,8.44,1.81,37.33,YELLOW,Cloudburst Flash Flood,0
2.46,14.74,4.44,2.39,2.87,5.03,GREEN,Normal Hydrological State,0
3.37,39.62,36.57,11.79,5.7,92.42,RED,Seismic GLOF Warning,1
10.0,43.41,40.19,2.92,0.27,5.45,GREEN,Normal Hydrological State,0
9.83,34.97,4.47,3.48,0.28,5.08,GREEN,Normal Hydrological State,0
15.11,45.46,30.97,10.5,6.08,82.21,RED,Seismic GLOF Warning,1
1.98,22.27,19.02,1.35,0.4,5.05,GREEN,Normal Hydrological State,0
1.85,42.53,33.72,1.58,0.17,5.09,GREEN,Normal Hydrological State,0
6.95,16.24,22.94,2.76,2.16,5.09,GREEN,Normal Hydrological State,0
78.06,79.0,50.06,9.11,2.34,55.51,ORANGE,Cloudburst Flash Flood,1
0.0,39.49,13.82,2.39,1.32,5.02,GREEN,Normal Hydrological State,0
2.05,23.99,9.77,2.77,0.55,5.04,GREEN,Normal Hydrological State,0
6.64,33.98,18.69,2.33,1.6,5.14,GREEN,Normal Hydrological State,0
2.79,45.09,28.34,2.41,0.78,5.11,GREEN,Normal Hydrological State,0
36.23,58.81,44.43,6.42,1.62,8.63,GREEN,Normal Hydrological State,0
6.36,35.6,44.61,2.72,0.4,5.25,GREEN,Normal Hydrological State,0
20.48,37.07,37.98,3.67,0.22,5.75,GREEN,Normal Hydrological State,0
10.1,39.78,22.03,4.07,2.6,5.27,GREEN,Normal Hydrological State,0
63.72,94.07,41.7,10.22,1.82,71.11,ORANGE,River Overflow / Stage Exceeded,1
9.61,57.79,20.01,2.06,0.08,5.34,GREEN,Normal Hydrological State,0
7.18,43.14,32.53,11.57,5.5,88.27,RED,Seismic GLOF Warning,1
0.0,38.18,11.83,2.64,1.33,5.02,GREEN,Normal Hydrological State,0
2.73,40.28,29.83,10.05,5.2,59.91,ORANGE,River Overflow / Stage Exceeded,1
11.46,42.95,11.62,1.81,0.17,5.21,GREEN,Normal Hydrological State,0
40.67,65.16,29.33,5.16,3.34,7.44,GREEN,Normal Hydrological State,0
18.6,48.12,15.35,1.01,0.2,5.45,GREEN,Normal Hydrological State,0
0.7,25.46,12.13,1.61,0.39,5.03,GREEN,Normal Hydrological State,0
3.09,47.38,34.76,2.03,0.67,5.15,GREEN,Normal Hydrological State,0
1.21,22.92,34.65,1.3,0.31,5.04,GREEN,Normal Hydrological State,0
131.28,73.24,54.69,11.47,1.45,95.39,RED,Cloudburst Flash Flood,1
53.78,59.18,32.59,5.06,3.01,8.34,GREEN,Normal Hydrological State,0
5.82,48.15,39.84,9.68,6.72,86.35,RED,Seismic GLOF Warning,1
3.54,41.63,7.81,1.96,0.07,5.06,GREEN,Normal Hydrological State,0
5.7,52.15,9.42,3.26,0.38,5.12,GREEN,Normal Hydrological State,0
4.62,21.37,45.93,2.78,0.04,5.12,GREEN,Normal Hydrological State,0
4.73,58.38,60.25,9.33,6.11,88.42,RED,Seismic GLOF Warning,1
8.31,31.91,10.36,1.68,0.2,5.11,GREEN,Normal Hydrological State,0
2.31,46.2,45.2,2.83,0.99,5.13,GREEN,Normal Hydrological State,0
6.89,29.11,6.51,2.34,0.2,5.07,GREEN,Normal Hydrological State,0
0.45,46.55,37.8,2.48,0.28,5.04,GREEN,Normal Hydrological State,0
16.2,15.11,36.22,0.97,0.5,5.24,GREEN,Normal Hydrological State,0
137.83,79.13,45.28,8.09,1.06,60.78,ORANGE,Cloudburst Flash Flood,1
1.29,33.26,12.88,3.69,0.03,5.04,GREEN,Normal Hydrological State,0
2.23,23.72,30.59,2.68,2.84,5.06,GREEN,Normal Hydrological State,0
4.26,16.2,15.04,3.65,0.71,5.05,GREEN,Normal Hydrological State,0
51.81,75.22,34.79,4.14,0.86,9.59,GREEN,Normal Hydrological State,0
4.78,50.06,59.55,10.82,5.91,94.75,RED,Seismic GLOF Warning,1
46.88,62.56,28.81,6.13,1.58,7.91,GREEN,Normal Hydrological State,0
0.38,74.32,41.68,10.24,5.26,71.8,ORANGE,Seismic GLOF Warning,1
2.91,69.4,58.3,10.12,6.44,95.14,RED,Seismic GLOF Warning,1
61.49,69.2,17.74,5.7,3.03,7.73,GREEN,Normal Hydrological State,0
0.59,47.57,39.0,8.09,5.71,41.92,YELLOW,Seismic GLOF Warning,0
3.54,45.32,52.11,8.27,6.53,79.35,RED,Seismic GLOF Warning,1
19.46,23.68,20.59,2.77,0.61,5.29,GREEN,Normal Hydrological State,0
71.02,98.2,36.57,7.46,1.48,27.14,GREEN,Cloudburst Flash Flood,0
135.72,94.81,50.98,10.18,0.44,93.09,RED,Cloudburst Flash Flood,1
38.39,69.8,20.44,6.37,2.98,7.56,GREEN,Normal Hydrological State,0
8.61,56.0,25.25,1.33,1.71,5.36,GREEN,Normal Hydrological State,0
6.55,72.21,57.8,11.67,5.46,95.26,RED,Seismic GLOF Warning,1
10.17,33.24,36.74,1.78,0.47,5.33,GREEN,Normal Hydrological State,0
1.88,38.7,29.12,0.5,0.0,5.08,GREEN,Normal Hydrological State,0
26.29,60.97,15.09,6.35,3.31,6.39,GREEN,Normal Hydrological State,0
1.13,54.73,33.52,3.58,0.92,5.07,GREEN,Normal Hydrological State,0
4.7,40.47,12.7,2.38,0.06,5.1,GREEN,Normal Hydrological State,0
3.4,18.64,8.68,2.22,1.01,5.04,GREEN,Normal Hydrological State,0
5.82,51.37,30.25,3.18,0.41,5.26,GREEN,Normal Hydrological State,0
10.99,35.19,15.94,1.33,0.75,5.21,GREEN,Normal Hydrological State,0
10.48,51.02,3.43,2.1,2.08,5.1,GREEN,Normal Hydrological State,0
5.75,25.35,33.03,2.62,0.12,5.14,GREEN,Normal Hydrological State,0
29.22,82.07,22.18,6.54,3.3,7.93,GREEN,Normal Hydrological State,0
93.25,81.15,49.38,6.88,2.15,28.91,GREEN,Cloudburst Flash Flood,0
6.06,37.03,45.95,2.94,1.28,5.26,GREEN,Normal Hydrological State,0
1.19,15.42,15.2,2.21,0.82,5.03,GREEN,Normal Hydrological State,0
70.91,81.91,33.69,10.8,2.3,76.51,RED,Cloudburst Flash Flood,1
7.33,45.66,40.82,1.86,0.6,5.35,GREEN,Normal Hydrological State,0
2.63,51.64,17.23,1.84,0.6,5.09,GREEN,Normal Hydrological State,0
12.64,20.68,42.27,3.55,0.06,5.28,GREEN,Normal Hydrological State,0
3.66,51.34,19.45,3.89,0.47,5.13,GREEN,Normal Hydrological State,0
105.75,78.19,35.81,9.56,1.81,66.15,ORANGE,Cloudburst Flash Flood,1
8.19,49.31,13.09,1.69,0.91,5.19,GREEN,Normal Hydrological State,0
2.58,22.47,24.18,1.93,0.2,5.06,GREEN,Normal Hydrological State,0
4.82,42.68,10.14,2.56,2.5,5.09,GREEN,Normal Hydrological State,0
0.0,49.03,24.73,1.23,1.18,5.02,GREEN,Normal Hydrological State,0
9.51,19.76,5.41,2.33,0.3,5.06,GREEN,Normal Hydrological State,0
17.96,30.61,27.23,3.79,0.08,5.43,GREEN,Normal Hydrological State,0
2.16,44.46,27.23,4.27,0.23,5.09,GREEN,Normal Hydrological State,0
8.17,70.47,42.99,8.51,6.3,69.58,ORANGE,Seismic GLOF Warning,1
0.03,47.49,19.93,1.73,0.47,5.02,GREEN,Normal Hydrological State,0
5.41,32.06,25.34,1.68,0.14,5.14,GREEN,Normal Hydrological State,0
0.0,75.52,46.15,11.48,5.68,92.76,RED,Seismic GLOF Warning,1
15.49,38.84,18.26,2.27,1.79,5.35,GREEN,Normal Hydrological State,0
0.66,59.39,58.32,11.32,5.19,90.33,RED,Seismic GLOF Warning,1
0.0,25.24,5.99,2.2,0.2,5.02,GREEN,Normal Hydrological State,0
0.0,19.51,35.6,0.71,0.03,5.02,GREEN,Normal Hydrological State,0
60.13,73.85,17.51,5.81,1.67,7.84,GREEN,Normal Hydrological State,0
13.1,36.52,19.97,3.35,1.07,5.3,GREEN,Normal Hydrological State,0
4.58,37.36,46.99,7.99,4.5,20.21,GREEN,River Overflow / Stage Exceeded,0
145.65,93.48,42.92,7.31,2.25,60.73,ORANGE,Cloudburst Flash Flood,1
10.42,42.66,26.16,2.11,0.47,5.34,GREEN,Normal Hydrological State,0
5.48,36.68,29.0,1.35,0.26,5.17,GREEN,Normal Hydrological State,0
11.35,17.16,35.38,2.76,2.06,5.19,GREEN,Normal Hydrological State,0
2.66,52.52,25.34,2.52,0.41,5.12,GREEN,Normal Hydrological State,0
19.92,29.22,18.32,2.94,1.87,5.34,GREEN,Normal Hydrological State,0
3.74,22.87,43.0,2.22,0.47,5.11,GREEN,Normal Hydrological State,0
4.17,47.15,5.22,1.58,1.66,5.06,GREEN,Normal Hydrological State,0
2.27,51.31,34.99,2.24,0.0,5.12,GREEN,Normal Hydrological State,0
54.62,64.88,20.44,5.15,1.22,7.5,GREEN,Normal Hydrological State,0
27.14,68.59,46.01,4.67,0.44,7.31,GREEN,Normal Hydrological State,0
2.62,50.31,16.02,0.67,0.43,5.08,GREEN,Normal Hydrological State,0
8.61,24.98,22.68,2.71,1.69,5.16,GREEN,Normal Hydrological State,0
2.89,23.75,16.37,1.61,0.44,5.05,GREEN,Normal Hydrological State,0
7.64,43.89,28.63,2.73,0.16,5.28,GREEN,Normal Hydrological State,0
110.05,100.0,41.37,7.47,0.92,48.5,YELLOW,Cloudburst Flash Flood,0
7.61,22.29,11.83,1.27,1.96,5.09,GREEN,Normal Hydrological State,0
52.43,65.57,22.26,4.29,1.64,7.6,GREEN,Normal Hydrological State,0
4.02,32.22,14.36,2.39,0.17,5.08,GREEN,Normal Hydrological State,0
1.77,25.14,10.14,4.1,0.17,5.04,GREEN,Normal Hydrological State,0
2.58,72.48,50.34,11.85,6.23,97.67,RED,Seismic GLOF Warning,1
18.65,30.97,38.94,3.3,0.37,5.58,GREEN,Normal Hydrological State,0
0.54,62.87,37.9,11.3,6.27,93.16,RED,Seismic GLOF Warning,1
4.67,34.43,14.62,2.68,0.5,5.09,GREEN,Normal Hydrological State,0
1.33,38.38,45.84,8.49,7.24,86.48,RED,Seismic GLOF Warning,1
8.11,27.08,20.8,2.14,0.82,5.15,GREEN,Normal Hydrological State,0
3.79,41.45,31.14,1.82,0.26,5.15,GREEN,Normal Hydrological State,0
102.94,85.43,53.4,9.05,1.91,70.04,ORANGE,Cloudburst Flash Flood,1
11.86,27.98,26.89,2.11,0.46,5.26,GREEN,Normal Hydrological State,0
5.88,42.31,30.38,8.03,6.48,46.86,YELLOW,Seismic GLOF Warning,0
13.69,17.18,33.73,4.23,0.25,5.22,GREEN,Normal Hydrological State,0
10.13,40.07,28.03,1.93,2.28,5.33,GREEN,Normal Hydrological State,0
17.36,39.16,22.98,0.75,0.44,5.47,GREEN,Normal Hydrological State,0
1.79,22.9,14.96,0.88,0.15,5.04,GREEN,Normal Hydrological State,0
5.5,52.11,14.66,2.06,1.63,5.15,GREEN,Normal Hydrological State,0
38.18,73.62,14.86,5.73,2.38,6.45,GREEN,Normal Hydrological State,0
7.0,20.9,11.77,2.22,0.43,5.08,GREEN,Normal Hydrological State,0
43.4,61.93,30.94,5.6,3.17,7.6,GREEN,Normal Hydrological State,0
4.87,27.84,30.24,2.74,0.68,5.13,GREEN,Normal Hydrological State,0
3.44,40.12,31.35,8.27,6.6,53.98,YELLOW,Seismic GLOF Warning,1
2.09,43.96,26.7,1.95,0.19,5.09,GREEN,Normal Hydrological State,0
2.07,47.73,34.6,1.7,0.32,5.11,GREEN,Normal Hydrological State,0
0.62,51.04,52.21,10.03,7.45,97.67,RED,Seismic GLOF Warning,1
30.28,75.24,18.46,4.92,0.67,6.38,GREEN,Normal Hydrological State,0
57.95,77.89,19.54,4.74,1.22,8.21,GREEN,Normal Hydrological State,0
10.19,64.92,31.84,10.93,4.51,68.28,ORANGE,River Overflow / Stage Exceeded,1
130.16,88.19,35.59,9.76,1.32,80.24,RED,Cloudburst Flash Flood,1
76.55,98.09,48.23,7.88,1.51,41.06,YELLOW,Cloudburst Flash Flood,0
0.11,29.76,12.53,3.17,0.08,5.02,GREEN,Normal Hydrological State,0
0.0,32.63,23.95,3.53,1.2,5.02,GREEN,Normal Hydrological State,0
8.79,37.99,25.23,3.76,1.09,5.25,GREEN,Normal Hydrological State,0
17.51,39.4,41.09,1.49,1.2,5.72,GREEN,Normal Hydrological State,0
116.66,77.79,50.4,11.09,1.77,92.24,RED,Cloudburst Flash Flood,1
4.17,42.46,28.0,1.86,0.9,5.15,GREEN,Normal Hydrological State,0
1.34,23.09,41.44,2.56,0.14,5.05,GREEN,Normal Hydrological State,0
4.21,49.43,34.73,9.76,4.44,42.91,YELLOW,River Overflow / Stage Exceeded,0
2.74,48.54,34.58,2.98,0.48,5.14,GREEN,Normal Hydrological State,0
3.48,55.8,44.97,9.64,4.72,50.39,YELLOW,River Overflow / Stage Exceeded,1
10.06,46.57,11.39,2.54,0.47,5.19,GREEN,Normal Hydrological State,0
1.51,29.2,22.66,2.19,0.82,5.05,GREEN,Normal Hydrological State,0
35.47,62.34,29.36,6.89,1.99,9.59,GREEN,Normal Hydrological State,0
94.7,78.27,45.02,8.02,0.59,41.16,YELLOW,Cloudburst Flash Flood,0
9.14,27.32,9.88,2.29,1.13,5.1,GREEN,Normal Hydrological State,0
2.21,55.9,36.45,9.13,4.46,32.18,GREEN,River Overflow / Stage Exceeded,0
14.52,15.39,10.86,1.79,0.14,5.1,GREEN,Normal Hydrological State,0
4.28,24.15,34.02,2.74,0.21,5.11,GREEN,Normal Hydrological State,0
1.0,50.75,36.81,11.31,4.32,70.81,ORANGE,River Overflow / Stage Exceeded,1
1.54,39.48,10.79,3.44,0.16,5.04,GREEN,Normal Hydrological State,0
48.83,70.0,31.4,6.84,0.75,11.42,GREEN,Normal Hydrological State,0
6.82,52.37,14.18,2.23,0.49,5.18,GREEN,Normal Hydrological State,0
5.2,17.67,19.05,1.76,1.52,5.07,GREEN,Normal Hydrological State,0
5.26,51.85,39.92,3.47,0.37,5.28,GREEN,Normal Hydrological State,0
58.7,54.23,34.14,5.66,0.88,8.48,GREEN,Normal Hydrological State,0
1.1,46.39,13.74,1.33,0.29,5.04,GREEN,Normal Hydrological State,0
0.94,50.68,15.73,2.0,0.0,5.04,GREEN,Normal Hydrological State,0
22.15,22.81,22.5,2.82,0.23,5.34,GREEN,Normal Hydrological State,0
79.31,79.87,40.17,10.78,0.62,80.2,RED,Cloudburst Flash Flood,1
0.73,40.28,27.27,1.41,0.45,5.04,GREEN,Normal Hydrological State,0
6.16,55.7,24.02,3.9,1.08,5.25,GREEN,Normal Hydrological State,0
53.82,62.2,32.96,4.66,1.43,8.6,GREEN,Normal Hydrological State,0
4.29,35.33,33.76,2.31,0.25,5.15,GREEN,Normal Hydrological State,0
41.26,62.14,21.07,5.4,2.52,6.77,GREEN,Normal Hydrological State,0
5.79,51.42,5.9,2.62,0.52,5.09,GREEN,Normal Hydrological State,0
9.52,38.01,45.71,2.42,0.27,5.4,GREEN,Normal Hydrological State,0
5.73,39.47,44.0,1.55,0.29,5.25,GREEN,Normal Hydrological State,0
59.68,74.66,35.24,5.72,1.12,10.56,GREEN,Normal Hydrological State,0
0.0,47.38,34.19,11.42,7.11,95.99,RED,Seismic GLOF Warning,1
9.5,40.81,23.18,2.24,2.54,5.27,GREEN,Normal Hydrological State,0
102.76,86.71,52.06,7.53,1.31,45.67,YELLOW,Cloudburst Flash Flood,0
8.44,55.35,42.64,2.37,0.08,5.5,GREEN,Normal Hydrological State,0
11.15,52.97,21.48,3.25,0.93,5.39,GREEN,Normal Hydrological State,0
4.44,28.64,35.9,3.32,0.0,5.13,GREEN,Normal Hydrological State,0
4.82,25.36,38.41,1.71,0.51,5.13,GREEN,Normal Hydrological State,0
3.16,43.88,10.37,3.48,0.0,5.07,GREEN,Normal Hydrological State,0
29.68,58.49,31.06,5.22,2.29,6.58,GREEN,Normal Hydrological State,0
117.83,91.37,48.11,10.36,2.49,89.88,RED,Cloudburst Flash Flood,1
1.53,35.88,14.92,3.29,0.15,5.05,GREEN,Normal Hydrological State,0
143.99,90.92,33.04,8.11,1.3,59.4,ORANGE,Cloudburst Flash Flood,1
129.76,83.07,35.47,10.85,0.31,89.64,RED,Cloudburst Flash Flood,1
52.82,60.11,44.61,5.98,1.44,9.36,GREEN,Normal Hydrological State,0
6.24,30.86,7.33,1.24,0.52,5.07,GREEN,Normal Hydrological State,0
51.55,67.62,26.95,7.08,1.42,12.18,GREEN,River Overflow / Stage Exceeded,0
35.84,70.43,21.02,5.21,1.49,6.73,GREEN,Normal Hydrological State,0
2.6,63.04,46.36,8.83,4.51,31.35,GREEN,River Overflow / Stage Exceeded,0
26.67,48.14,44.23,2.58,0.43,6.47,GREEN,Normal Hydrological State,0
0.0,39.47,25.31,2.45,0.35,5.02,GREEN,Normal Hydrological State,0
12.6,49.96,44.7,1.69,0.1,5.69,GREEN,Normal Hydrological State,0
1.24,50.98,11.56,3.24,0.82,5.04,GREEN,Normal Hydrological State,0
5.86,41.02,26.29,3.04,0.0,5.19,GREEN,Normal Hydrological State,0
9.87,20.52,26.48,2.31,2.97,5.16,GREEN,Normal Hydrological State,0
6.75,16.44,13.53,3.13,0.86,5.07,GREEN,Normal Hydrological State,0
5.69,40.09,39.18,2.49,0.05,5.24,GREEN,Normal Hydrological State,0
6.29,43.97,12.48,2.95,1.88,5.13,GREEN,Normal Hydrological State,0
0.0,25.41,31.08,1.84,1.13,5.02,GREEN,Normal Hydrological State,0
66.31,76.31,55.09,7.78,0.9,29.42,GREEN,River Overflow / Stage Exceeded,0
2.99,44.1,43.58,10.62,6.28,91.36,RED,Seismic GLOF Warning,1
6.07,17.13,20.26,2.87,0.82,5.08,GREEN,Normal Hydrological State,0
0.98,42.86,5.32,1.25,0.38,5.03,GREEN,Normal Hydrological State,0
11.29,33.24,12.98,3.0,1.98,5.18,GREEN,Normal Hydrological State,0
6.1,14.58,20.6,1.71,0.11,5.07,GREEN,Normal Hydrological State,0
13.0,37.19,12.1,1.21,0.19,5.21,GREEN,Normal Hydrological State,0
11.11,62.54,32.25,9.23,4.94,43.58,YELLOW,River Overflow / Stage Exceeded,0
9.61,43.52,43.71,3.34,0.14,5.45,GREEN,Normal Hydrological State,0
4.25,24.86,30.85,1.54,0.0,5.1,GREEN,Normal Hydrological State,0
9.22,25.35,31.41,4.37,0.26,5.21,GREEN,Normal Hydrological State,0
54.2,57.73,16.61,6.7,1.62,8.58,GREEN,Normal Hydrological State,0
16.16,41.18,18.17,1.6,0.52,5.38,GREEN,Normal Hydrological State,0
3.21,27.73,15.48,1.35,1.14,5.06,GREEN,Normal Hydrological State,0
3.47,40.08,36.01,3.5,0.13,5.14,GREEN,Normal Hydrological State,0
2.54,52.43,23.25,2.79,1.52,5.11,GREEN,Normal Hydrological State,0
0.81,45.34,11.85,1.79,0.28,5.03,GREEN,Normal Hydrological State,0
5.98,34.24,30.04,3.51,0.13,5.18,GREEN,Normal Hydrological State,0
1.41,49.41,7.53,0.77,0.0,5.04,GREEN,Normal Hydrological State,0
7.15,33.25,30.88,2.34,0.09,5.21,GREEN,Normal Hydrological State,0
40.68,61.86,28.15,5.24,2.57,7.22,GREEN,Normal Hydrological State,0
3.47,56.44,47.4,9.08,4.42,33.32,GREEN,River Overflow / Stage Exceeded,0
3.84,72.19,47.4,8.05,6.0,58.82,ORANGE,Seismic GLOF Warning,1
5.17,50.79,52.64,9.45,7.29,96.02,RED,Seismic GLOF Warning,1
4.89,27.88,12.84,3.15,0.65,5.08,GREEN,Normal Hydrological State,0
2.86,48.0,29.9,1.35,0.24,5.13,GREEN,Normal Hydrological State,0
2.02,65.92,34.08,10.85,5.19,76.48,RED,River Overflow / Stage Exceeded,1
0.94,17.14,13.02,3.99,0.82,5.03,GREEN,Normal Hydrological State,0
29.87,71.02,14.83,5.69,1.13,6.06,GREEN,Normal Hydrological State,0
41.69,75.17,47.56,5.91,1.56,9.52,GREEN,Normal Hydrological State,0
1.36,32.15,41.92,3.43,0.58,5.06,GREEN,Normal Hydrological State,0
0.51,15.04,44.2,2.21,0.0,5.03,GREEN,Normal Hydrological State,0
12.87,36.78,31.09,2.72,0.13,5.41,GREEN,Normal Hydrological State,0
8.62,50.76,10.68,2.6,0.32,5.18,GREEN,Normal Hydrological State,0
53.11,63.97,48.87,4.5,0.75,10.14,GREEN,Normal Hydrological State,0
44.33,60.67,19.69,5.81,0.77,6.76,GREEN,Normal Hydrological State,0
1.24,71.85,51.52,7.65,7.17,84.15,RED,Seismic GLOF Warning,1
18.09,35.42,40.61,2.27,0.46,5.66,GREEN,Normal Hydrological State,0
0.96,36.76,56.53,9.47,4.73,51.75,YELLOW,River Overflow / Stage Exceeded,1
36.03,61.22,49.94,6.74,1.09,10.28,GREEN,Normal Hydrological State,0
10.5,31.02,41.77,3.68,1.31,5.34,GREEN,Normal Hydrological State,0
9.39,47.05,37.56,1.68,0.5,5.43,GREEN,Normal Hydrological State,0
0.0,24.59,20.19,1.7,1.12,5.02,GREEN,Normal Hydrological State,0
8.23,37.06,4.23,2.97,0.39,5.07,GREEN,Normal Hydrological State,0
45.6,67.35,18.74,5.29,1.54,6.96,GREEN,Normal Hydrological State,0
10.25,31.01,38.94,3.13,0.21,5.32,GREEN,Normal Hydrological State,0
11.14,36.57,12.85,2.69,0.87,5.19,GREEN,Normal Hydrological State,0
2.57,66.78,38.49,8.8,6.93,77.96,RED,Seismic GLOF Warning,1
3.95,43.89,23.82,0.99,1.57,5.13,GREEN,Normal Hydrological State,0
2.39,17.26,26.62,1.77,0.33,5.05,GREEN,Normal Hydrological State,0
17.2,14.99,38.52,2.45,0.09,5.26,GREEN,Normal Hydrological State,0
6.26,45.24,26.72,2.36,0.39,5.22,GREEN,Normal Hydrological State,0
5.18,54.86,14.73,3.58,0.14,5.15,GREEN,Normal Hydrological State,0
3.98,32.57,28.02,3.15,0.36,5.12,GREEN,Normal Hydrological State,0
27.16,29.04,35.56,3.56,0.0,5.75,GREEN,Normal Hydrological State,0
51.93,77.09,18.47,4.5,3.2,7.63,GREEN,Normal Hydrological State,0
0.0,20.73,10.68,2.81,0.0,5.02,GREEN,Normal Hydrological State,0
4.23,42.57,11.48,2.03,1.35,5.09,GREEN,Normal Hydrological State,0
1.06,53.87,6.02,1.59,0.76,5.03,GREEN,Normal Hydrological State,0
9.77,49.52,43.09,3.72,0.39,5.52,GREEN,Normal Hydrological State,0
3.11,29.55,42.25,1.49,0.1,5.11,GREEN,Normal Hydrological State,0
41.72,82.55,32.58,6.02,3.11,8.71,GREEN,Normal Hydrological State,0
1.66,50.35,19.91,3.53,0.79,5.07,GREEN,Normal Hydrological State,0
13.6,33.02,33.77,2.42,1.02,5.41,GREEN,Normal Hydrological State,0
3.76,55.11,16.63,3.85,0.11,5.12,GREEN,Normal Hydrological State,0
0.79,41.4,24.13,1.95,0.11,5.04,GREEN,Normal Hydrological State,0
11.7,20.78,38.14,0.51,1.23,5.25,GREEN,Normal Hydrological State,0
0.88,54.46,40.37,2.69,0.53,5.07,GREEN,Normal Hydrological State,0
34.09,76.07,22.61,7.11,2.78,10.54,GREEN,River Overflow / Stage Exceeded,0
3.64,41.1,38.46,2.36,1.21,5.16,GREEN,Normal Hydrological State,0
35.17,76.82,18.89,6.09,1.22,6.82,GREEN,Normal Hydrological State,0
5.35,17.97,21.51,2.13,0.44,5.08,GREEN,Normal Hydrological State,0
0.0,48.02,37.03,3.09,0.21,5.02,GREEN,Normal Hydrological State,0
2.54,47.52,20.84,2.36,0.32,5.09,GREEN,Normal Hydrological State,0
7.84,35.82,38.54,3.72,0.48,5.28,GREEN,Normal Hydrological State,0
113.81,79.78,55.49,7.92,2.26,54.52,YELLOW,Cloudburst Flash Flood,1
18.23,45.73,16.18,2.79,0.27,5.44,GREEN,Normal Hydrological State,0
0.78,32.42,36.51,3.05,0.53,5.04,GREEN,Normal Hydrological State,0
8.72,19.06,30.29,2.29,0.72,5.15,GREEN,Normal Hydrological State,0
5.02,57.65,44.26,10.4,5.81,85.39,RED,Seismic GLOF Warning,1
1.84,46.81,35.22,2.16,0.68,5.1,GREEN,Normal Hydrological State,0
6.2,35.25,28.86,2.87,0.0,5.19,GREEN,Normal Hydrological State,0
2.23,53.39,34.72,10.86,5.47,80.69,RED,Seismic GLOF Warning,1
3.77,52.62,20.59,1.51,0.12,5.14,GREEN,Normal Hydrological State,0
4.67,29.27,29.57,2.5,0.46,5.13,GREEN,Normal Hydrological State,0
130.05,81.79,23.95,7.11,0.94,26.27,GREEN,Cloudburst Flash Flood,0
8.69,49.61,38.94,2.67,0.18,5.43,GREEN,Normal Hydrological State,0
7.34,53.88,14.62,2.83,0.11,5.2,GREEN,Normal Hydrological State,0
40.33,73.14,22.45,5.82,1.06,7.19,GREEN,Normal Hydrological State,0
52.73,57.15,36.93,5.74,2.47,8.48,GREEN,Normal Hydrological State,0
0.47,30.69,12.85,3.7,0.57,5.03,GREEN,Normal Hydrological State,0
0.0,19.69,37.11,1.26,0.54,5.02,GREEN,Normal Hydrological State,0
9.15,28.54,43.59,1.9,0.15,5.29,GREEN,Normal Hydrological State,0
2.08,32.12,30.0,2.85,0.47,5.07,GREEN,Normal Hydrological State,0
4.49,25.91,32.37,2.98,0.21,5.12,GREEN,Normal Hydrological State,0
13.18,49.77,44.32,1.11,0.49,5.72,GREEN,Normal Hydrological State,0
3.52,43.77,18.95,2.54,0.81,5.11,GREEN,Normal Hydrological State,0
98.22,79.77,32.1,10.77,1.71,81.18,RED,Cloudburst Flash Flood,1
0.0,32.76,38.58,7.54,5.74,33.96,GREEN,Seismic GLOF Warning,0
53.61,59.73,17.96,5.38,2.69,6.98,GREEN,Normal Hydrological State,0
0.61,22.31,11.95,2.75,0.0,5.03,GREEN,Normal Hydrological State,0
55.58,59.12,17.05,6.69,3.04,8.76,GREEN,Normal Hydrological State,0
46.02,78.12,48.8,6.87,0.91,14.19,GREEN,Normal Hydrological State,0
5.01,36.54,28.6,2.61,0.21,5.16,GREEN,Normal Hydrological State,0
3.32,68.69,51.45,9.73,5.4,73.61,ORANGE,Seismic GLOF Warning,1
9.88,27.17,40.44,3.51,0.16,5.28,GREEN,Normal Hydrological State,0
12.31,42.35,12.45,3.01,0.29,5.23,GREEN,Normal Hydrological State,0
1.88,47.74,36.57,2.43,0.61,5.1,GREEN,Normal Hydrological State,0
85.73,84.6,33.49,11.42,0.38,87.66,RED,Cloudburst Flash Flood,1
87.36,98.92,24.48,7.35,1.9,24.11,GREEN,Cloudburst Flash Flood,0
4.02,41.24,13.52,1.2,0.99,5.09,GREEN,Normal Hydrological State,0
2.9,53.41,45.06,4.52,0.58,5.18,GREEN,Normal Hydrological State,0
5.63,41.13,13.88,1.2,0.36,5.12,GREEN,Normal Hydrological State,0
48.77,67.17,49.56,5.33,2.56,9.95,GREEN,Normal Hydrological State,0
2.74,39.36,25.85,0.62,0.2,5.1,GREEN,Normal Hydrological State,0
2.24,37.09,9.52,2.54,0.47,5.05,GREEN,Normal Hydrological State,0
11.57,47.43,6.04,1.72,0.39,5.14,GREEN,Normal Hydrological State,0
45.74,72.01,27.12,6.48,2.68,9.16,GREEN,Normal Hydrological State,0
51.52,55.81,25.18,5.16,0.93,7.35,GREEN,Normal Hydrological State,0
1.62,35.32,23.62,3.02,1.9,5.06,GREEN,Normal Hydrological State,0
6.69,34.36,29.44,3.13,0.27,5.2,GREEN,Normal Hydrological State,0
1.61,17.07,15.02,1.51,1.44,5.03,GREEN,Normal Hydrological State,0
1.34,72.04,31.47,9.5,4.52,38.15,YELLOW,River Overflow / Stage Exceeded,0
6.55,50.95,10.64,1.87,0.55,5.14,GREEN,Normal Hydrological State,0
145.4,85.47,55.37,9.01,1.44,84.96,RED,Cloudburst Flash Flood,1
109.36,92.6,49.61,8.2,1.7,61.44,ORANGE,Cloudburst Flash Flood,1
3.31,32.38,38.55,2.83,2.26,5.12,GREEN,Normal Hydrological State,0
32.08,77.18,12.94,6.66,1.63,7.61,GREEN,Normal Hydrological State,0
95.69,93.91,32.78,8.26,1.13,44.2,YELLOW,Cloudburst Flash Flood,0
6.49,21.09,11.12,3.45,0.0,5.07,GREEN,Normal Hydrological State,0
37.77,75.89,16.82,5.84,1.73,6.65,GREEN,Normal Hydrological State,0
5.19,36.59,37.4,1.69,0.05,5.19,GREEN,Normal Hydrological State,0
122.22,95.88,49.28,7.97,1.05,66.01,ORANGE,Cloudburst Flash Flood,1
26.72,74.17,15.25,6.49,0.79,6.98,GREEN,Normal Hydrological State,0
10.37,54.21,24.58,1.98,0.17,5.41,GREEN,Normal Hydrological State,0
1.26,29.59,36.24,2.17,0.93,5.05,GREEN,Normal Hydrological State,0
6.32,58.06,7.91,2.42,0.22,5.12,GREEN,Normal Hydrological State,0
1.8,52.59,28.81,1.97,0.41,5.09,GREEN,Normal Hydrological State,0
79.63,88.83,25.39,10.65,2.29,74.06,ORANGE,Cloudburst Flash Flood,1
1.87,15.84,5.7,1.09,0.0,5.03,GREEN,Normal Hydrological State,0
1.8,58.63,51.24,10.79,5.78,90.97,RED,Seismic GLOF Warning,1
11.38,37.41,36.09,2.65,0.26,5.41,GREEN,Normal Hydrological State,0
4.72,53.0,39.44,7.32,6.39,47.3,YELLOW,Seismic GLOF Warning,0
3.1,22.19,20.94,1.83,0.15,5.06,GREEN,Normal Hydrological State,0
30.32,56.45,21.35,7.14,1.76,9.57,GREEN,River Overflow / Stage Exceeded,0
29.17,18.05,14.26,2.62,0.06,5.26,GREEN,Normal Hydrological State,0
3.43,52.31,45.4,3.09,1.88,5.21,GREEN,Normal Hydrological State,0
5.19,72.17,30.77,10.31,7.18,89.15,RED,Seismic GLOF Warning,1
7.75,48.84,40.59,2.0,0.72,5.39,GREEN,Normal Hydrological State,0
6.11,38.33,6.13,2.49,0.44,5.07,GREEN,Normal Hydrological State,0
3.53,18.97,19.88,3.92,1.15,5.06,GREEN,Normal Hydrological State,0
0.56,47.77,51.37,10.59,6.43,94.83,RED,Seismic GLOF Warning,1
1.87,35.29,24.67,2.59,1.51,5.07,GREEN,Normal Hydrological State,0
1.92,23.09,34.62,1.65,0.67,5.06,GREEN,Normal Hydrological State,0
2.63,30.85,29.38,1.42,0.2,5.08,GREEN,Normal Hydrological State,0
118.0,82.55,51.39,8.51,1.54,65.4,ORANGE,Cloudburst Flash Flood,1
1.34,55.78,32.93,7.75,4.6,16.38,GREEN,River Overflow / Stage Exceeded,0
7.46,53.45,6.15,2.58,0.39,5.11,GREEN,Normal Hydrological State,0
56.83,71.68,28.15,4.52,3.03,8.99,GREEN,Normal Hydrological State,0
9.73,26.54,15.02,3.05,0.06,5.14,GREEN,Normal Hydrological State,0
8.5,51.23,39.92,2.43,1.52,5.44,GREEN,Normal Hydrological State,0
108.61,79.84,32.36,9.11,1.82,57.49,ORANGE,Cloudburst Flash Flood,1
8.56,18.65,40.6,3.48,1.38,5.17,GREEN,Normal Hydrological State,0
4.64,46.28,23.14,1.81,2.76,5.16,GREEN,Normal Hydrological State,0
0.0,61.9,56.92,10.52,6.72,97.19,RED,Seismic GLOF Warning,1
3.49,42.36,34.32,2.17,0.33,5.15,GREEN,Normal Hydrological State,0
8.04,28.0,12.56,3.78,0.71,5.11,GREEN,Normal Hydrological State,0
27.95,56.15,46.21,5.38,3.15,6.91,GREEN,Normal Hydrological State,0
1.91,31.73,35.64,7.28,6.71,46.91,YELLOW,Seismic GLOF Warning,0
45.55,65.17,35.08,6.11,1.94,8.44,GREEN,Normal Hydrological State,0
20.05,37.94,32.01,3.79,0.35,5.67,GREEN,Normal Hydrological State,0
0.95,52.27,39.28,1.59,0.73,5.07,GREEN,Normal Hydrological State,0
37.61,67.26,36.32,4.79,3.32,7.77,GREEN,Normal Hydrological State,0
0.63,71.55,45.82,11.56,4.77,83.97,RED,River Overflow / Stage Exceeded,1
50.83,67.28,42.21,6.63,2.34,11.7,GREEN,Normal Hydrological State,0
13.01,22.15,24.65,1.75,0.27,5.22,GREEN,Normal Hydrological State,0
1.0,39.7,9.05,3.23,0.2,5.03,GREEN,Normal Hydrological State,0
1.89,21.2,40.41,1.52,0.27,5.06,GREEN,Normal Hydrological State,0
56.66,75.88,21.72,6.16,2.82,8.64,GREEN,Normal Hydrological State,0
103.12,94.2,30.85,7.98,1.31,41.04,YELLOW,Cloudburst Flash Flood,0
10.59,29.73,6.18,2.06,0.02,5.09,GREEN,Normal Hydrological State,0
107.27,72.49,33.4,8.57,1.36,44.8,YELLOW,Cloudburst Flash Flood,0
4.65,42.29,58.81,9.69,5.9,87.24,RED,Seismic GLOF Warning,1
2.53,45.54,39.51,0.93,0.26,5.13,GREEN,Normal Hydrological State,0
4.34,42.46,32.55,4.34,0.33,5.17,GREEN,Normal Hydrological State,0
1.25,47.86,31.43,1.95,0.55,5.07,GREEN,Normal Hydrological State,0
4.62,30.4,29.09,2.72,0.34,5.13,GREEN,Normal Hydrological State,0
112.64,83.06,34.94,10.9,2.36,87.29,RED,Cloudburst Flash Flood,1
3.72,51.55,41.03,2.37,0.96,5.21,GREEN,Normal Hydrological State,0
3.64,19.25,12.3,3.06,0.33,5.05,GREEN,Normal Hydrological State,0
2.08,51.48,9.64,2.1,0.32,5.06,GREEN,Normal Hydrological State,0
1.36,64.14,59.42,9.54,4.37,42.14,YELLOW,River Overflow / Stage Exceeded,0
13.45,54.46,24.33,1.91,0.48,5.52,GREEN,Normal Hydrological State,0
13.97,29.77,36.66,0.99,3.02,5.4,GREEN,Normal Hydrological State,0
92.18,94.74,29.18,11.16,1.13,86.43,RED,Cloudburst Flash Flood,1
34.82,70.95,23.84,6.01,1.06,6.89,GREEN,Normal Hydrological State,0
0.63,23.13,34.26,2.79,2.49,5.03,GREEN,Normal Hydrological State,0
0.0,47.32,14.01,2.0,0.92,5.02,GREEN,Normal Hydrological State,0
2.04,47.65,31.52,1.42,0.0,5.1,GREEN,Normal Hydrological State,0
0.72,17.85,23.49,2.27,0.24,5.03,GREEN,Normal Hydrological State,0
8.11,31.14,44.55,1.28,0.71,5.28,GREEN,Normal Hydrological State,0
3.74,20.06,39.86,1.86,0.23,5.09,GREEN,Normal Hydrological State,0
5.96,36.3,35.71,2.58,0.0,5.21,GREEN,Normal Hydrological State,0
80.69,78.4,50.54,11.76,2.25,91.95,RED,Cloudburst Flash Flood,1
1.82,32.19,36.85,2.38,0.24,5.07,GREEN,Normal Hydrological State,0
4.97,29.74,23.37,1.37,0.72,5.12,GREEN,Normal Hydrological State,0
64.62,87.78,29.06,11.02,0.12,77.55,RED,River Overflow / Stage Exceeded,1
0.66,20.03,6.94,3.8,0.0,5.02,GREEN,Normal Hydrological State,0
2.14,31.14,20.44,2.74,0.62,5.06,GREEN,Normal Hydrological State,0
2.72,22.49,26.27,2.17,0.2,5.06,GREEN,Normal Hydrological State,0
2.53,51.94,42.36,1.37,1.63,5.15,GREEN,Normal Hydrological State,0
7.74,41.39,14.54,2.71,2.48,5.16,GREEN,Normal Hydrological State,0
3.93,30.7,41.52,0.69,0.28,5.14,GREEN,Normal Hydrological State,0
7.87,43.83,31.31,3.24,0.04,5.3,GREEN,Normal Hydrological State,0
0.0,44.4,18.83,2.3,0.29,5.02,GREEN,Normal Hydrological State,0
0.22,51.85,54.86,10.8,6.88,97.92,RED,Seismic GLOF Warning,1
4.83,26.02,11.77,1.99,0.0,5.07,GREEN,Normal Hydrological State,0
119.77,83.65,32.48,9.14,2.3,63.45,ORANGE,Cloudburst Flash Flood,1
8.25,35.7,13.39,3.2,1.22,5.14,GREEN,Normal Hydrological State,0
37.23,65.86,16.18,6.5,2.72,7.38,GREEN,Normal Hydrological State,0
49.7,74.54,26.82,6.11,0.7,8.56,GREEN,Normal Hydrological State,0
0.0,40.92,28.21,2.25,0.57,5.02,GREEN,Normal Hydrological State,0
10.72,37.21,28.54,3.19,0.44,5.32,GREEN,Normal Hydrological State,0
1.94,16.38,19.87,1.51,0.88,5.04,GREEN,Normal Hydrological State,0
13.16,22.27,22.19,2.42,1.17,5.2,GREEN,Normal Hydrological State,0
79.37,94.48,43.29,8.63,1.97,50.9,YELLOW,Cloudburst Flash Flood,1
2.35,31.38,15.75,2.18,3.18,5.06,GREEN,Normal Hydrological State,0
0.84,33.57,18.17,1.86,0.08,5.04,GREEN,Normal Hydrological State,0
5.74,44.66,36.72,2.69,1.3,5.25,GREEN,Normal Hydrological State,0
80.6,90.53,45.29,9.15,0.92,60.18,ORANGE,Cloudburst Flash Flood,1
2.32,50.89,14.57,1.42,1.98,5.07,GREEN,Normal Hydrological State,0
49.42,80.61,18.26,6.35,2.99,8.36,GREEN,Normal Hydrological State,0
1.99,24.13,31.09,1.66,0.25,5.06,GREEN,Normal Hydrological State,0
2.17,52.49,40.3,2.79,0.45,5.13,GREEN,Normal Hydrological State,0
0.44,43.21,41.41,2.84,0.44,5.04,GREEN,Normal Hydrological State,0
1.92,20.54,42.63,1.66,0.35,5.06,GREEN,Normal Hydrological State,0
0.78,41.9,24.39,2.44,0.32,5.04,GREEN,Normal Hydrological State,0
26.67,50.92,32.55,1.65,0.22,6.25,GREEN,Normal Hydrological State,0
41.21,71.54,25.12,6.07,0.76,7.5,GREEN,Normal Hydrological State,0
89.4,75.66,54.83,10.06,1.74,76.29,RED,Cloudburst Flash Flood,1
5.87,41.02,21.51,1.39,0.86,5.17,GREEN,Normal Hydrological State,0
0.0,67.73,32.83,10.27,7.4,91.12,RED,Seismic GLOF Warning,1
138.75,88.6,48.64,9.86,0.64,89.44,RED,Cloudburst Flash Flood,1
134.49,94.84,32.59,8.71,1.86,67.06,ORANGE,Cloudburst Flash Flood,1
108.61,89.62,26.97,8.14,0.39,40.02,YELLOW,Cloudburst Flash Flood,0
6.0,36.55,12.07,2.32,1.66,5.11,GREEN,Normal Hydrological State,0
7.23,37.43,35.62,3.28,1.02,5.26,GREEN,Normal Hydrological State,0
0.0,47.27,27.06,2.81,0.23,5.02,GREEN,Normal Hydrological State,0
0.24,40.06,32.68,11.3,4.65,74.86,ORANGE,River Overflow / Stage Exceeded,1
5.44,61.78,50.13,8.15,6.12,66.95,ORANGE,Seismic GLOF Warning,1
1.61,38.0,4.83,2.74,0.18,5.03,GREEN,Normal Hydrological State,0
4.97,13.13,13.97,2.58,0.42,5.05,GREEN,Normal Hydrological State,0
1.36,58.12,51.27,7.08,6.33,57.61,ORANGE,Seismic GLOF Warning,1
9.62,53.73,6.11,2.72,1.75,5.14,GREEN,Normal Hydrological State,0
86.65,90.43,32.47,7.54,2.0,28.93,GREEN,Cloudburst Flash Flood,0
52.55,76.27,32.48,5.57,2.73,9.47,GREEN,Normal Hydrological State,0
1.44,41.76,42.19,2.22,0.32,5.08,GREEN,Normal Hydrological State,0
9.35,46.14,19.56,0.72,2.56,5.27,GREEN,Normal Hydrological State,0
40.39,66.38,20.39,4.54,2.96,6.8,GREEN,Normal Hydrological State,0
10.6,61.92,36.98,11.19,4.47,73.64,ORANGE,River Overflow / Stage Exceeded,1
0.0,19.93,30.02,2.83,0.22,5.02,GREEN,Normal Hydrological State,0
0.34,26.09,30.73,3.01,0.84,5.03,GREEN,Normal Hydrological State,0
6.89,41.21,41.94,10.41,4.82,66.94,ORANGE,River Overflow / Stage Exceeded,1
147.49,94.81,43.3,9.64,0.49,89.34,RED,Cloudburst Flash Flood,1
1.84,33.74,45.04,7.68,4.69,19.63,GREEN,River Overflow / Stage Exceeded,0
6.24,43.54,7.66,2.13,0.21,5.09,GREEN,Normal Hydrological State,0
0.0,20.44,26.85,2.05,0.41,5.02,GREEN,Normal Hydrological State,0
38.56,76.89,19.05,5.44,2.29,6.91,GREEN,Normal Hydrological State,0
7.0,17.31,38.75,3.32,0.75,5.13,GREEN,Normal Hydrological State,0
0.0,75.81,45.74,11.41,5.26,88.36,RED,Seismic GLOF Warning,1
5.25,39.85,22.04,2.33,1.05,5.15,GREEN,Normal Hydrological State,0
13.43,21.51,31.07,2.95,0.62,5.25,GREEN,Normal Hydrological State,0
51.64,75.23,18.09,5.45,1.16,7.49,GREEN,Normal Hydrological State,0
0.0,61.85,36.08,8.76,6.32,62.86,ORANGE,Seismic GLOF Warning,1
1.61,52.77,8.28,2.63,0.7,5.05,GREEN,Normal Hydrological State,0
10.57,26.89,33.37,2.05,1.73,5.26,GREEN,Normal Hydrological State,0
4.35,51.66,43.33,3.9,0.44,5.25,GREEN,Normal Hydrological State,0
15.52,32.92,41.78,2.56,0.84,5.54,GREEN,Normal Hydrological State,0
3.14,46.82,33.54,3.79,0.4,5.14,GREEN,Normal Hydrological State,0
1.13,54.86,43.6,2.14,0.75,5.08,GREEN,Normal Hydrological State,0
2.22,65.12,30.17,11.09,5.56,82.18,RED,River Overflow / Stage Exceeded,1
2.62,15.91,11.85,4.17,0.37,5.04,GREEN,Normal Hydrological State,0
1.21,39.27,57.11,10.82,5.08,83.55,RED,Seismic GLOF Warning,1
41.8,70.09,34.62,6.57,1.64,9.75,GREEN,Normal Hydrological State,0
4.85,19.05,18.64,2.51,0.55,5.07,GREEN,Normal Hydrological State,0
8.25,24.63,40.91,1.88,0.46,5.22,GREEN,Normal Hydrological State,0
0.0,23.71,39.35,1.93,0.31,5.02,GREEN,Normal Hydrological State,0
35.19,64.66,42.02,5.45,2.84,7.74,GREEN,Normal Hydrological State,0
53.41,68.16,29.06,6.88,2.32,11.66,GREEN,Normal Hydrological State,0
2.06,30.49,31.6,2.27,1.44,5.07,GREEN,Normal Hydrological State,0
6.44,38.79,48.24,10.89,4.91,78.88,RED,River Overflow / Stage Exceeded,1
41.79,67.72,25.23,6.18,2.98,7.62,GREEN,Normal Hydrological State,0
3.78,55.69,43.22,3.34,0.28,5.23,GREEN,Normal Hydrological State,0
36.39,56.51,27.54,5.04,1.52,6.73,GREEN,Normal Hydrological State,0
0.32,33.12,23.72,2.27,0.95,5.03,GREEN,Normal Hydrological State,0
74.96,78.99,52.17,7.08,0.81,24.61,GREEN,Cloudburst Flash Flood,0
18.8,46.9,6.89,2.67,0.2,5.24,GREEN,Normal Hydrological State,0
0.0,26.12,15.27,4.24,0.61,5.02,GREEN,Normal Hydrological State,0
5.02,51.36,39.03,2.0,1.16,5.26,GREEN,Normal Hydrological State,0
0.0,35.97,7.18,1.89,0.32,5.02,GREEN,Normal Hydrological State,0
3.15,53.78,37.76,4.0,0.41,5.18,GREEN,Normal Hydrological State,0
10.53,38.74,33.05,2.8,0.6,5.37,GREEN,Normal Hydrological State,0
38.3,67.59,32.99,6.12,1.52,7.8,GREEN,Normal Hydrological State,0
20.61,20.78,33.93,3.5,0.4,5.39,GREEN,Normal Hydrological State,0
31.22,57.03,31.36,6.53,2.01,7.83,GREEN,Normal Hydrological State,0
3.37,47.36,40.77,11.68,6.32,95.96,RED,Seismic GLOF Warning,1
5.5,49.95,36.42,10.13,5.95,79.01,RED,Seismic GLOF Warning,1
5.82,46.21,43.14,2.39,0.11,5.29,GREEN,Normal Hydrological State,0
14.14,31.66,13.71,1.89,1.44,5.21,GREEN,Normal Hydrological State,0
1.32,35.31,46.13,9.34,7.26,92.55,RED,Seismic GLOF Warning,1
9.03,20.15,25.31,2.03,0.0,5.15,GREEN,Normal Hydrological State,0
3.7,51.66,22.0,2.84,0.0,5.14,GREEN,Normal Hydrological State,0
83.32,80.5,54.43,9.02,1.22,58.7,ORANGE,Cloudburst Flash Flood,1
5.64,27.86,37.34,1.65,0.96,5.16,GREEN,Normal Hydrological State,0
4.25,54.56,56.21,9.97,4.91,67.56,ORANGE,Seismic GLOF Warning,1
2.74,14.44,37.24,2.17,0.59,5.06,GREEN,Normal Hydrological State,0
0.19,45.76,29.38,3.3,0.47,5.03,GREEN,Normal Hydrological State,0
5.84,43.56,42.52,1.29,0.33,5.28,GREEN,Normal Hydrological State,0
14.93,34.92,10.83,3.4,0.0,5.21,GREEN,Normal Hydrological State,0
1.08,57.52,47.67,10.48,6.74,95.08,RED,Seismic GLOF Warning,1
1.4,19.67,26.7,0.92,0.48,5.04,GREEN,Normal Hydrological State,0
4.48,21.73,31.58,2.6,0.31,5.1,GREEN,Normal Hydrological State,0
6.76,39.95,16.85,1.86,3.08,5.16,GREEN,Normal Hydrological State,0
1.42,50.04,48.91,11.2,6.8,97.63,RED,Seismic GLOF Warning,1
0.34,54.64,47.18,7.02,7.28,74.83,ORANGE,Seismic GLOF Warning,1
3.28,46.16,13.36,3.37,0.24,5.08,GREEN,Normal Hydrological State,0
47.36,76.96,31.49,6.41,2.46,9.94,GREEN,Normal Hydrological State,0
0.96,34.56,43.07,8.36,5.73,50.93,YELLOW,Seismic GLOF Warning,1
0.0,37.14,5.97,3.79,0.46,5.02,GREEN,Normal Hydrological State,0
0.19,60.08,42.7,10.85,6.15,91.26,RED,Seismic GLOF Warning,1
3.06,51.05,29.49,1.81,2.54,5.14,GREEN,Normal Hydrological State,0
2.9,36.69,7.09,2.11,1.73,5.05,GREEN,Normal Hydrological State,0
4.18,28.3,41.89,3.02,0.1,5.14,GREEN,Normal Hydrological State,0
2.43,38.02,13.0,3.29,0.0,5.06,GREEN,Normal Hydrological State,0
39.22,62.27,37.4,4.89,2.64,7.72,GREEN,Normal Hydrological State,0
10.49,44.59,4.56,2.36,0.46,5.1,GREEN,Normal Hydrological State,0
9.24,25.06,30.71,0.86,0.0,5.2,GREEN,Normal Hydrological State,0
123.3,95.19,25.91,8.64,1.54,54.47,YELLOW,Cloudburst Flash Flood,1
6.24,50.94,8.79,3.39,0.57,5.12,GREEN,Normal Hydrological State,0
7.58,50.8,14.99,1.59,1.12,5.2,GREEN,Normal Hydrological State,0
28.68,65.88,24.09,4.68,0.64,6.41,GREEN,Normal Hydrological State,0
9.37,54.04,56.07,10.12,6.31,94.0,RED,Seismic GLOF Warning,1
1.84,36.15,53.41,9.19,6.33,85.78,RED,Seismic GLOF Warning,1
97.96,93.5,43.29,6.85,0.15,32.82,GREEN,Cloudburst Flash Flood,0
28.62,53.28,22.62,6.95,2.63,8.62,GREEN,Normal Hydrological State,0
5.62,31.28,23.67,2.12,0.76,5.14,GREEN,Normal Hydrological State,0
116.62,77.06,25.91,7.45,1.56,27.17,GREEN,Cloudburst Flash Flood,0
4.56,43.99,37.9,3.13,1.73,5.21,GREEN,Normal Hydrological State,0
2.12,23.28,30.53,1.91,0.06,5.06,GREEN,Normal Hydrological State,0
8.14,23.08,29.44,3.3,0.4,5.17,GREEN,Normal Hydrological State,0
58.22,62.41,47.28,4.73,0.43,10.48,GREEN,Normal Hydrological State,0
1.65,35.04,26.8,2.38,0.83,5.06,GREEN,Normal Hydrological State,0
16.33,49.77,30.34,1.62,1.82,5.69,GREEN,Normal Hydrological State,0
1.41,47.49,15.32,1.01,0.16,5.05,GREEN,Normal Hydrological State,0
6.79,32.85,26.7,1.83,0.14,5.18,GREEN,Normal Hydrological State,0
51.07,64.03,49.16,5.08,0.58,9.91,GREEN,Normal Hydrological State,0
133.09,91.9,52.03,9.08,1.39,83.73,RED,Cloudburst Flash Flood,1
126.85,81.72,37.1,9.39,0.78,72.56,ORANGE,Cloudburst Flash Flood,1
6.96,31.95,11.95,2.67,0.11,5.11,GREEN,Normal Hydrological State,0
5.56,45.13,15.21,3.37,1.34,5.14,GREEN,Normal Hydrological State,0
40.69,72.29,25.72,5.7,1.53,7.46,GREEN,Normal Hydrological State,0
4.33,48.68,44.34,11.8,5.68,94.32,RED,Seismic GLOF Warning,1
8.11,44.19,34.72,2.45,0.15,5.34,GREEN,Normal Hydrological State,0
52.44,66.37,30.85,6.71,2.87,10.8,GREEN,Normal Hydrological State,0
12.14,42.83,31.95,2.17,0.82,5.46,GREEN,Normal Hydrological State,0
1.56,47.55,17.77,2.58,0.45,5.06,GREEN,Normal Hydrological State,0
6.02,30.83,29.14,1.87,0.03,5.16,GREEN,Normal Hydrological State,0
3.38,51.38,38.37,1.96,0.0,5.18,GREEN,Normal Hydrological State,0
141.52,92.35,25.22,10.65,0.95,86.85,RED,Cloudburst Flash Flood,1
39.45,68.11,17.89,5.07,1.21,6.62,GREEN,Normal Hydrological State,0
4.82,49.09,14.77,3.57,0.27,5.13,GREEN,Normal Hydrological State,0
5.63,49.54,43.49,4.1,0.0,5.3,GREEN,Normal Hydrological State,0
2.2,43.03,44.43,2.45,0.17,5.12,GREEN,Normal Hydrological State,0
26.29,33.46,33.48,3.12,3.18,5.8,GREEN,Normal Hydrological State,0
4.25,52.92,18.52,1.83,0.52,5.14,GREEN,Normal Hydrological State,0
7.92,28.71,28.25,4.44,1.38,5.19,GREEN,Normal Hydrological State,0
3.33,47.31,12.68,3.13,0.53,5.08,GREEN,Normal Hydrological State,0
6.02,31.69,20.72,1.43,0.67,5.13,GREEN,Normal Hydrological State,0
11.71,42.6,43.89,2.61,0.12,5.54,GREEN,Normal Hydrological State,0
3.93,15.87,18.93,1.84,0.34,5.06,GREEN,Normal Hydrological State,0
1.77,27.04,43.87,8.6,4.35,23.67,GREEN,River Overflow / Stage Exceeded,0
0.0,48.95,23.77,2.52,0.35,5.02,GREEN,Normal Hydrological State,0
2.53,47.09,42.95,1.9,0.31,5.14,GREEN,Normal Hydrological State,0
5.03,15.15,37.84,2.27,0.72,5.09,GREEN,Normal Hydrological State,0
37.5,62.02,15.66,6.15,2.59,6.44,GREEN,Normal Hydrological State,0
2.28,39.33,30.69,1.81,0.68,5.09,GREEN,Normal Hydrological State,0
2.32,36.26,20.49,2.94,0.13,5.07,GREEN,Normal Hydrological State,0
59.38,78.59,21.71,6.67,2.2,10.79,GREEN,Normal Hydrological State,0
13.26,39.55,33.4,2.65,0.61,5.47,GREEN,Normal Hydrological State,0
0.0,31.43,10.3,3.19,0.26,5.02,GREEN,Normal Hydrological State,0
7.3,30.36,19.03,2.0,0.0,5.14,GREEN,Normal Hydrological State,0
2.91,44.98,5.49,2.51,0.3,5.05,GREEN,Normal Hydrological State,0
104.64,92.49,34.56,7.73,1.9,40.2,YELLOW,Cloudburst Flash Flood,0
1.41,44.54,54.55,9.08,6.35,86.02,RED,Seismic GLOF Warning,1
3.25,31.06,11.25,1.88,0.19,5.06,GREEN,Normal Hydrological State,0
3.97,36.2,16.47,1.67,0.3,5.09,GREEN,Normal Hydrological State,0
9.1,36.78,33.6,1.59,0.08,5.31,GREEN,Normal Hydrological State,0
66.06,96.83,38.04,7.41,0.6,25.17,GREEN,River Overflow / Stage Exceeded,0
13.41,20.16,44.18,3.07,1.8,5.3,GREEN,Normal Hydrological State,0
2.81,71.03,52.18,7.57,7.04,82.29,RED,Seismic GLOF Warning,1
36.12,70.17,21.6,5.38,0.91,6.78,GREEN,Normal Hydrological State,0
3.77,34.44,30.18,1.32,1.54,5.12,GREEN,Normal Hydrological State,0
63.47,87.03,50.01,7.51,1.32,26.94,GREEN,River Overflow / Stage Exceeded,0
4.45,31.31,21.73,2.24,0.41,5.11,GREEN,Normal Hydrological State,0
3.04,31.23,15.71,1.92,0.73,5.07,GREEN,Normal Hydrological State,0
20.74,38.42,14.41,1.25,0.0,5.38,GREEN,Normal Hydrological State,0
5.72,32.78,6.99,1.48,0.43,5.07,GREEN,Normal Hydrological State,0
43.76,57.83,19.13,5.66,1.66,6.6,GREEN,Normal Hydrological State,0
0.0,52.11,29.49,3.56,0.28,5.02,GREEN,Normal Hydrological State,0
5.58,38.17,29.2,2.87,1.24,5.18,GREEN,Normal Hydrological State,0
3.52,18.97,32.37,2.22,0.79,5.08,GREEN,Normal Hydrological State,0
147.05,75.55,55.28,9.58,1.85,86.33,RED,Cloudburst Flash Flood,1
0.17,19.46,17.79,2.0,1.93,5.02,GREEN,Normal Hydrological State,0
8.96,47.68,27.08,2.03,0.3,5.33,GREEN,Normal Hydrological State,0
6.35,38.29,35.37,1.28,0.37,5.24,GREEN,Normal Hydrological State,0
128.11,93.17,31.31,10.07,1.26,82.47,RED,Cloudburst Flash Flood,1
37.83,82.79,35.19,6.7,0.91,10.72,GREEN,Normal Hydrological State,0
2.32,55.9,10.91,3.49,0.15,5.07,GREEN,Normal Hydrological State,0
34.85,66.64,42.13,6.32,1.76,8.51,GREEN,Normal Hydrological State,0
9.39,22.09,20.39,2.6,0.8,5.14,GREEN,Normal Hydrological State,0
3.7,49.22,41.36,10.85,5.48,84.14,RED,Seismic GLOF Warning,1
2.91,36.4,26.58,2.35,0.2,5.1,GREEN,Normal Hydrological State,0
4.36,51.89,30.37,1.66,0.58,5.2,GREEN,Normal Hydrological State,0
0.94,37.8,29.68,1.71,0.44,5.05,GREEN,Normal Hydrological State,0
33.84,56.19,32.51,5.06,1.43,6.81,GREEN,Normal Hydrological State,0
5.14,53.79,5.5,2.75,1.44,5.08,GREEN,Normal Hydrological State,0
2.42,55.33,25.4,2.54,0.0,5.11,GREEN,Normal Hydrological State,0
3.28,39.47,44.26,7.9,4.51,18.88,GREEN,River Overflow / Stage Exceeded,0
108.68,82.22,53.63,7.28,2.33,43.01,YELLOW,Cloudburst Flash Flood,0
112.51,95.79,30.52,8.16,1.28,47.88,YELLOW,Cloudburst Flash Flood,0
67.56,97.05,40.79,7.61,0.09,29.2,GREEN,River Overflow / Stage Exceeded,0
138.76,86.9,34.18,9.81,2.43,81.54,RED,Cloudburst Flash Flood,1
82.96,99.31,48.23,8.6,1.74,57.08,ORANGE,Cloudburst Flash Flood,1
4.6,24.59,35.95,1.73,1.03,5.12,GREEN,Normal Hydrological State,0
8.48,39.27,21.78,3.11,0.29,5.23,GREEN,Normal Hydrological State,0
5.29,37.64,43.6,3.32,0.86,5.22,GREEN,Normal Hydrological State,0
3.62,52.78,25.23,2.88,1.23,5.15,GREEN,Normal Hydrological State,0
25.74,78.92,42.06,4.69,1.19,7.4,GREEN,Normal Hydrological State,0
3.74,26.62,33.46,2.19,0.43,5.1,GREEN,Normal Hydrological State,0
119.79,81.79,24.64,10.23,2.12,74.16,ORANGE,Cloudburst Flash Flood,1
35.69,79.59,37.27,4.88,1.35,8.26,GREEN,Normal Hydrological State,0
13.48,18.63,36.55,2.63,0.25,5.25,GREEN,Normal Hydrological State,0
3.79,22.94,9.47,1.68,0.23,5.05,GREEN,Normal Hydrological State,0
73.07,87.97,26.46,9.55,0.96,52.57,YELLOW,Cloudburst Flash Flood,1
6.22,52.1,45.63,2.39,0.13,5.36,GREEN,Normal Hydrological State,0
0.9,23.54,33.22,2.82,0.07,5.04,GREEN,Normal Hydrological State,0
1.67,55.38,52.18,7.2,5.1,25.58,GREEN,Seismic GLOF Warning,0
67.19,78.48,24.99,9.08,0.68,38.89,YELLOW,River Overflow / Stage Exceeded,0
4.8,28.12,11.03,3.85,0.03,5.07,GREEN,Normal Hydrological State,0
2.57,19.34,43.5,1.1,0.89,5.07,GREEN,Normal Hydrological State,0
38.13,63.74,32.97,7.23,1.48,11.97,GREEN,River Overflow / Stage Exceeded,0
1.28,74.2,44.38,9.02,4.55,34.23,GREEN,River Overflow / Stage Exceeded,0
78.51,87.18,54.83,8.63,0.35,52.76,YELLOW,Cloudburst Flash Flood,1
40.97,76.61,34.15,5.5,0.73,8.42,GREEN,Normal Hydrological State,0
4.2,24.94,45.27,2.81,0.18,5.13,GREEN,Normal Hydrological State,0
28.61,59.35,32.49,6.17,0.97,6.85,GREEN,Normal Hydrological State,0
2.44,33.86,33.04,2.88,0.5,5.09,GREEN,Normal Hydrological State,0
2.81,41.66,14.02,3.25,0.08,5.07,GREEN,Normal Hydrological State,0
5.81,25.91,28.25,1.5,0.94,5.13,GREEN,Normal Hydrological State,0
4.47,22.76,27.73,1.79,0.41,5.1,GREEN,Normal Hydrological State,0
3.8,53.91,42.07,0.81,0.26,5.22,GREEN,Normal Hydrological State,0
14.76,20.61,25.67,1.19,0.15,5.23,GREEN,Normal Hydrological State,0
6.6,51.71,13.3,2.4,0.29,5.16,GREEN,Normal Hydrological State,0
10.28,46.52,14.66,2.34,0.15,5.24,GREEN,Normal Hydrological State,0
43.31,61.35,36.55,5.39,3.37,7.95,GREEN,Normal Hydrological State,0
100.0,96.76,43.12,7.48,1.67,43.28,YELLOW,Cloudburst Flash Flood,0
4.85,26.89,12.81,2.01,0.42,5.07,GREEN,Normal Hydrological State,0
6.27,43.97,34.57,2.73,0.12,5.26,GREEN,Normal Hydrological State,0
9.58,44.5,45.21,2.7,3.04,5.47,GREEN,Normal Hydrological State,0
6.4,40.68,18.21,2.8,0.84,5.16,GREEN,Normal Hydrological State,0
11.09,24.58,33.66,3.66,0.12,5.25,GREEN,Normal Hydrological State,0
110.82,79.26,30.29,7.8,0.06,34.3,GREEN,Cloudburst Flash Flood,0
67.97,91.52,47.09,7.36,0.2,27.24,GREEN,River Overflow / Stage Exceeded,0
42.65,61.1,16.68,5.07,2.21,6.47,GREEN,Normal Hydrological State,0
1.63,37.67,11.03,3.25,0.57,5.04,GREEN,Normal Hydrological State,0
18.44,25.88,38.95,2.58,0.01,5.48,GREEN,Normal Hydrological State,0
11.47,20.6,4.99,2.84,1.94,5.07,GREEN,Normal Hydrological State,0
122.47,98.18,35.52,7.06,1.28,41.94,YELLOW,Cloudburst Flash Flood,0
42.13,62.88,28.47,4.86,3.05,7.38,GREEN,Normal Hydrological State,0
7.48,17.1,28.24,4.14,0.16,5.12,GREEN,Normal Hydrological State,0
8.19,30.67,33.03,2.4,1.3,5.23,GREEN,Normal Hydrological State,0
146.39,94.69,42.86,10.81,2.16,95.38,RED,Cloudburst Flash Flood,1
0.0,33.37,47.81,9.09,6.92,88.8,RED,Seismic GLOF Warning,1
9.61,27.07,7.24,1.45,0.0,5.09,GREEN,Normal Hydrological State,0
11.1,31.47,40.51,3.07,1.03,5.36,GREEN,Normal Hydrological State,0
0.66,65.03,44.92,7.93,5.15,31.58,GREEN,Seismic GLOF Warning,0
2.46,50.2,9.89,3.61,1.18,5.06,GREEN,Normal Hydrological State,0
8.26,44.32,30.8,2.4,0.17,5.32,GREEN,Normal Hydrological State,0
4.64,73.7,47.61,9.9,6.53,90.99,RED,Seismic GLOF Warning,1
2.55,30.21,13.83,1.95,1.16,5.05,GREEN,Normal Hydrological State,0
4.36,31.87,30.35,3.35,0.58,5.13,GREEN,Normal Hydrological State,0
6.78,55.04,56.75,11.53,5.34,93.5,RED,Seismic GLOF Warning,1
1.7,47.22,44.8,10.65,5.71,86.37,RED,Seismic GLOF Warning,1
0.66,24.87,20.62,1.8,0.64,5.03,GREEN,Normal Hydrological State,0
4.57,42.32,28.34,4.45,0.36,5.17,GREEN,Normal Hydrological State,0
1.82,32.4,23.95,2.33,0.22,5.06,GREEN,Normal Hydrological State,0
1.35,52.53,14.06,1.85,0.0,5.05,GREEN,Normal Hydrological State,0
7.78,37.23,22.88,2.28,0.05,5.21,GREEN,Normal Hydrological State,0
109.82,77.37,35.75,8.51,1.02,48.67,YELLOW,Cloudburst Flash Flood,0
118.56,94.88,37.48,10.2,1.8,85.64,RED,Cloudburst Flash Flood,1
119.33,76.61,27.68,6.86,2.25,22.79,GREEN,Cloudburst Flash Flood,0
29.67,61.39,40.63,6.41,3.23,7.92,GREEN,Normal Hydrological State,0
4.18,69.5,40.12,7.38,6.62,54.76,YELLOW,Seismic GLOF Warning,1
7.54,22.5,26.52,1.92,1.93,5.14,GREEN,Normal Hydrological State,0
7.8,43.12,6.6,3.47,0.44,5.1,GREEN,Normal Hydrological State,0
4.25,60.62,44.93,11.03,7.3,97.97,RED,Seismic GLOF Warning,1
6.51,47.57,37.32,2.73,0.82,5.31,GREEN,Normal Hydrological State,0
2.26,41.64,32.49,8.12,6.26,46.62,YELLOW,Seismic GLOF Warning,0
3.09,32.61,38.82,3.01,0.02,5.11,GREEN,Normal Hydrological State,0
115.58,96.53,27.6,8.24,0.9,47.59,YELLOW,Cloudburst Flash Flood,0
7.04,32.24,7.93,2.21,0.04,5.08,GREEN,Normal Hydrological State,0
107.35,92.68,42.06,9.29,1.61,72.81,ORANGE,Cloudburst Flash Flood,1
7.85,53.45,45.62,2.17,0.11,5.47,GREEN,Normal Hydrological State,0
3.92,31.2,34.39,2.08,0.68,5.13,GREEN,Normal Hydrological State,0
88.13,82.01,33.61,8.06,0.81,34.35,GREEN,Cloudburst Flash Flood,0
3.29,36.3,42.19,8.44,6.15,62.02,ORANGE,Seismic GLOF Warning,1
64.7,86.78,53.49,9.54,0.38,61.62,ORANGE,River Overflow / Stage Exceeded,1
26.17,65.1,28.11,5.06,1.15,6.42,GREEN,Normal Hydrological State,0
4.41,22.52,28.61,2.97,0.19,5.1,GREEN,Normal Hydrological State,0
6.0,37.2,38.03,2.67,1.81,5.23,GREEN,Normal Hydrological State,0
16.55,15.43,22.78,2.99,0.4,5.18,GREEN,Normal Hydrological State,0
9.53,44.89,18.57,2.7,0.19,5.25,GREEN,Normal Hydrological State,0
7.29,58.06,35.47,9.91,4.38,45.81,YELLOW,River Overflow / Stage Exceeded,0
37.92,76.2,25.66,6.95,1.13,10.44,GREEN,Normal Hydrological State,0
5.87,30.84,8.36,1.83,0.67,5.07,GREEN,Normal Hydrological State,0
41.19,71.27,29.16,7.09,0.97,11.66,GREEN,River Overflow / Stage Exceeded,0
0.48,22.53,20.95,3.28,0.51,5.03,GREEN,Normal Hydrological State,0
6.81,47.52,33.93,1.92,0.03,5.3,GREEN,Normal Hydrological State,0
12.17,51.98,43.41,0.74,0.48,5.69,GREEN,Normal Hydrological State,0
7.57,13.95,13.61,2.35,0.56,5.07,GREEN,Normal Hydrological State,0
1.8,57.67,29.34,7.95,6.66,46.58,YELLOW,Seismic GLOF Warning,0
0.44,42.66,26.21,1.78,0.0,5.03,GREEN,Normal Hydrological State,0
1.34,33.9,23.08,2.04,1.03,5.05,GREEN,Normal Hydrological State,0
2.03,16.99,41.06,2.81,0.88,5.05,GREEN,Normal Hydrological State,0
50.76,67.37,39.05,5.25,3.37,9.29,GREEN,Normal Hydrological State,0
139.66,98.47,40.62,10.11,0.47,91.11,RED,Cloudburst Flash Flood,1
5.99,48.06,37.22,1.55,0.07,5.28,GREEN,Normal Hydrological State,0
7.27,14.56,32.29,2.08,0.74,5.11,GREEN,Normal Hydrological State,0
5.38,20.9,40.35,3.32,1.76,5.13,GREEN,Normal Hydrological State,0
3.24,40.58,20.36,1.96,0.74,5.1,GREEN,Normal Hydrological State,0
0.01,29.62,43.97,2.91,1.4,5.02,GREEN,Normal Hydrological State,0
49.57,79.05,43.25,7.16,3.07,16.23,GREEN,River Overflow / Stage Exceeded,0
0.81,18.33,21.1,2.61,0.54,5.03,GREEN,Normal Hydrological State,0
0.0,62.31,60.42,10.75,4.59,72.18,ORANGE,River Overflow / Stage Exceeded,1
56.53,64.23,41.92,6.29,1.24,10.68,GREEN,Normal Hydrological State,0
3.28,35.15,26.49,2.03,0.3,5.1,GREEN,Normal Hydrological State,0
0.1,23.13,33.32,2.29,0.32,5.02,GREEN,Normal Hydrological State,0
4.18,35.91,20.95,2.55,0.43,5.11,GREEN,Normal Hydrological State,0
3.17,20.08,29.35,1.99,1.49,5.07,GREEN,Normal Hydrological State,0
1.11,51.58,44.93,2.54,0.43,5.08,GREEN,Normal Hydrological State,0
129.95,89.41,37.24,11.06,0.69,92.83,RED,Cloudburst Flash Flood,1
0.88,36.87,39.25,3.96,0.49,5.05,GREEN,Normal Hydrological State,0
14.99,40.12,18.69,3.17,0.17,5.35,GREEN,Normal Hydrological State,0
2.67,43.34,14.4,1.98,0.58,5.07,GREEN,Normal Hydrological State,0
0.77,23.07,33.61,2.23,0.59,5.04,GREEN,Normal Hydrological State,0
5.02,48.43,26.08,3.4,1.39,5.19,GREEN,Normal Hydrological State,0
7.19,33.8,26.78,3.69,1.71,5.2,GREEN,Normal Hydrological State,0
7.89,56.25,36.34,2.24,0.2,5.43,GREEN,Normal Hydrological State,0
5.24,34.85,29.5,3.42,1.01,5.16,GREEN,Normal Hydrological State,0
12.48,30.63,29.58,1.82,0.38,5.32,GREEN,Normal Hydrological State,0
7.64,25.46,38.65,2.86,3.31,5.2,GREEN,Normal Hydrological State,0
5.5,47.25,37.73,2.12,0.36,5.26,GREEN,Normal Hydrological State,0
1.04,59.93,38.34,1.95,0.32,5.08,GREEN,Normal Hydrological State,0
2.92,42.81,17.71,2.03,0.66,5.09,GREEN,Normal Hydrological State,0
7.71,45.29,32.87,3.07,0.0,5.31,GREEN,Normal Hydrological State,0
0.0,50.13,20.84,2.26,0.38,5.02,GREEN,Normal Hydrological State,0
4.36,34.79,39.35,1.91,2.07,5.16,GREEN,Normal Hydrological State,0
3.24,19.04,7.91,2.63,0.6,5.04,GREEN,Normal Hydrological State,0
2.92,53.78,31.0,4.03,0.02,5.15,GREEN,Normal Hydrological State,0
1.48,74.42,48.03,7.93,4.91,28.01,GREEN,River Overflow / Stage Exceeded,0
85.33,89.77,41.88,10.22,2.33,77.59,RED,Cloudburst Flash Flood,1
92.12,93.44,48.1,6.87,1.0,33.23,GREEN,Cloudburst Flash Flood,0
0.96,52.55,8.69,3.22,0.56,5.04,GREEN,Normal Hydrological State,0
6.54,42.31,42.13,0.73,1.29,5.3,GREEN,Normal Hydrological State,0
8.37,40.14,35.84,3.98,0.88,5.32,GREEN,Normal Hydrological State,0
17.2,54.61,32.41,2.31,0.05,5.84,GREEN,Normal Hydrological State,0
0.64,27.15,29.8,2.59,1.84,5.03,GREEN,Normal Hydrological State,0
2.6,41.65,38.21,2.91,0.2,5.12,GREEN,Normal Hydrological State,0
30.25,54.77,20.39,5.62,0.41,6.06,GREEN,Normal Hydrological State,0
6.48,26.02,12.78,1.29,0.1,5.09,GREEN,Normal Hydrological State,0
50.28,55.33,41.25,6.09,2.05,8.59,GREEN,Normal Hydrological State,0
10.61,13.1,18.75,2.42,0.73,5.1,GREEN,Normal Hydrological State,0
4.38,48.94,5.69,2.37,0.18,5.07,GREEN,Normal Hydrological State,0
0.0,52.45,56.39,8.92,7.15,94.47,RED,Seismic GLOF Warning,1
6.31,47.4,21.44,2.57,0.79,5.2,GREEN,Normal Hydrological State,0
16.18,49.24,39.39,2.1,0.0,5.81,GREEN,Normal Hydrological State,0
2.98,16.71,38.83,2.97,0.0,5.07,GREEN,Normal Hydrological State,0
15.83,48.14,11.51,1.4,0.72,5.31,GREEN,Normal Hydrological State,0
66.76,85.05,40.45,8.77,2.53,42.7,YELLOW,River Overflow / Stage Exceeded,0
9.62,42.18,26.34,4.16,1.1,5.31,GREEN,Normal Hydrological State,0
2.7,29.81,5.9,2.24,3.19,5.04,GREEN,Normal Hydrological State,0
8.42,36.46,25.09,2.54,0.12,5.23,GREEN,Normal Hydrological State,0
0.0,37.1,43.57,8.28,7.39,84.46,RED,Seismic GLOF Warning,1
10.19,38.09,23.56,3.1,0.57,5.28,GREEN,Normal Hydrological State,0
12.4,48.44,21.14,2.31,0.14,5.39,GREEN,Normal Hydrological State,0
4.1,47.24,42.36,2.01,1.99,5.21,GREEN,Normal Hydrological State,0
3.28,29.06,55.51,9.84,4.91,64.36,ORANGE,Seismic GLOF Warning,1
57.22,67.91,26.89,6.9,2.82,11.79,GREEN,Normal Hydrological State,0
4.42,35.06,23.16,2.14,0.52,5.12,GREEN,Normal Hydrological State,0
9.55,17.09,45.15,1.4,0.1,5.19,GREEN,Normal Hydrological State,0
2.55,32.14,32.93,9.7,4.92,49.97,YELLOW,River Overflow / Stage Exceeded,0
12.02,24.07,20.27,2.44,0.29,5.19,GREEN,Normal Hydrological State,0
15.37,18.02,19.73,3.82,0.97,5.18,GREEN,Normal Hydrological State,0
81.7,78.51,27.97,10.28,0.39,67.19,ORANGE,Cloudburst Flash Flood,1
7.93,29.69,32.17,2.16,0.25,5.21,GREEN,Normal Hydrological State,0
129.9,88.93,32.4,8.36,0.61,56.33,ORANGE,Cloudburst Flash Flood,1
4.26,34.72,40.39,2.12,0.62,5.16,GREEN,Normal Hydrological State,0
14.61,54.24,42.05,2.13,0.14,5.85,GREEN,Normal Hydrological State,0
0.0,56.66,44.36,11.86,6.85,98.26,RED,Seismic GLOF Warning,1
3.21,34.05,12.69,4.07,0.09,5.06,GREEN,Normal Hydrological State,0
1.26,34.26,23.09,3.33,0.76,5.05,GREEN,Normal Hydrological State,0
35.19,58.01,30.5,4.91,1.86,6.86,GREEN,Normal Hydrological State,0
50.0,77.22,19.11,4.73,1.96,7.6,GREEN,Normal Hydrological State,0
4.16,50.8,11.52,2.66,0.09,5.1,GREEN,Normal Hydrological State,0
13.04,50.94,33.84,1.82,0.0,5.61,GREEN,Normal Hydrological State,0
3.41,20.78,18.54,1.75,1.48,5.06,GREEN,Normal Hydrological State,0
6.18,32.95,43.68,3.98,1.24,5.23,GREEN,Normal Hydrological State,0
11.29,48.66,27.28,2.03,0.14,5.43,GREEN,Normal Hydrological State,0
1.66,39.61,33.18,2.27,2.18,5.08,GREEN,Normal Hydrological State,0
136.51,87.48,43.59,10.82,0.44,93.52,RED,Cloudburst Flash Flood,1
7.81,51.68,28.23,2.69,0.73,5.33,GREEN,Normal Hydrological State,0
4.1,28.99,41.83,1.85,1.11,5.14,GREEN,Normal Hydrological State,0
2.06,51.91,32.92,3.33,0.22,5.11,GREEN,Normal Hydrological State,0
5.53,51.48,22.47,1.8,1.64,5.2,GREEN,Normal Hydrological State,0
25.92,62.14,20.35,5.38,0.56,6.03,GREEN,Normal Hydrological State,0
3.01,45.9,6.82,1.79,1.05,5.05,GREEN,Normal Hydrological State,0
9.3,70.1,32.75,10.47,4.68,62.67,ORANGE,River Overflow / Stage Exceeded,1
2.67,52.59,27.61,2.0,0.16,5.12,GREEN,Normal Hydrological State,0
3.87,51.3,39.7,2.25,0.0,5.21,GREEN,Normal Hydrological State,0
1.37,40.82,33.03,2.05,0.44,5.07,GREEN,Normal Hydrological State,0
8.28,51.72,44.58,0.69,0.07,5.47,GREEN,Normal Hydrological State,0
4.43,22.01,10.31,2.42,0.64,5.05,GREEN,Normal Hydrological State,0
0.95,37.42,44.03,9.77,6.44,86.28,RED,Seismic GLOF Warning,1
5.02,44.1,21.37,2.22,0.05,5.15,GREEN,Normal Hydrological State,0
86.11,97.48,43.44,10.51,1.93,84.15,RED,Cloudburst Flash Flood,1
1.48,17.78,24.31,1.39,1.24,5.04,GREEN,Normal Hydrological State,0
0.32,34.84,50.47,8.87,7.42,93.57,RED,Seismic GLOF Warning,1
87.21,91.63,38.62,9.57,0.87,66.91,ORANGE,Cloudburst Flash Flood,1
54.55,72.75,31.41,4.93,2.55,9.28,GREEN,Normal Hydrological State,0
3.32,32.09,38.52,1.42,0.39,5.12,GREEN,Normal Hydrological State,0
140.85,85.19,47.78,6.77,1.25,49.77,YELLOW,Cloudburst Flash Flood,0
1.15,32.26,6.27,2.59,0.32,5.03,GREEN,Normal Hydrological State,0
5.93,46.82,25.37,2.39,0.0,5.21,GREEN,Normal Hydrological State,0
0.0,54.76,38.48,7.98,5.96,45.16,YELLOW,Seismic GLOF Warning,0
34.87,73.49,45.33,5.83,1.61,8.37,GREEN,Normal Hydrological State,0
2.26,42.83,11.01,2.07,1.18,5.06,GREEN,Normal Hydrological State,0
5.88,30.08,7.56,2.99,0.28,5.07,GREEN,Normal Hydrological State,0
0.56,45.71,32.09,4.3,0.11,5.04,GREEN,Normal Hydrological State,0
52.54,69.57,45.92,5.09,1.85,10.39,GREEN,Normal Hydrological State,0
0.0,26.7,11.79,2.18,1.45,5.02,GREEN,Normal Hydrological State,0
5.28,33.43,31.57,3.4,0.46,5.16,GREEN,Normal Hydrological State,0
5.33,24.42,14.51,2.64,0.13,5.08,GREEN,Normal Hydrological State,0
6.44,55.8,44.39,11.25,5.3,87.73,RED,Seismic GLOF Warning,1
15.64,52.24,32.98,1.96,0.67,5.74,GREEN,Normal Hydrological State,0
1.48,24.17,17.74,2.06,0.95,5.04,GREEN,Normal Hydrological State,0
11.05,50.34,39.52,2.89,0.17,5.56,GREEN,Normal Hydrological State,0
53.91,67.66,35.31,6.93,2.7,12.85,GREEN,Normal Hydrological State,0
122.13,97.58,52.12,10.51,1.0,93.63,RED,Cloudburst Flash Flood,1
4.98,37.86,43.93,0.94,0.33,5.21,GREEN,Normal Hydrological State,0
1.76,43.05,43.85,2.47,0.88,5.1,GREEN,Normal Hydrological State,0
26.56,41.35,18.95,2.01,0.05,5.65,GREEN,Normal Hydrological State,0
1.04,40.44,54.46,8.6,6.06,74.8,ORANGE,Seismic GLOF Warning,1
0.58,39.43,46.08,8.37,4.58,25.58,GREEN,River Overflow / Stage Exceeded,0
4.83,36.66,22.76,0.98,0.65,5.13,GREEN,Normal Hydrological State,0
5.86,46.97,35.28,1.54,0.09,5.26,GREEN,Normal Hydrological State,0
6.27,36.65,32.33,2.11,0.35,5.21,GREEN,Normal Hydrological State,0
111.33,77.64,24.97,7.97,2.69,32.14,GREEN,Cloudburst Flash Flood,0
0.27,42.83,9.34,1.49,1.17,5.02,GREEN,Normal Hydrological State,0
2.28,49.56,32.37,7.95,6.07,40.3,YELLOW,Seismic GLOF Warning,0
4.19,19.27,19.76,2.11,0.32,5.07,GREEN,Normal Hydrological State,0
36.49,58.48,24.5,5.96,0.68,6.63,GREEN,Normal Hydrological State,0
2.66,58.72,45.32,9.15,6.08,74.95,ORANGE,Seismic GLOF Warning,1
4.48,17.63,14.41,3.27,0.91,5.06,GREEN,Normal Hydrological State,0
12.17,49.42,20.27,2.15,0.74,5.38,GREEN,Normal Hydrological State,0
28.81,71.55,39.38,5.12,1.65,7.32,GREEN,Normal Hydrological State,0
10.02,36.57,30.56,2.37,0.0,5.31,GREEN,Normal Hydrological State,0
139.09,89.03,47.3,7.78,0.65,65.11,ORANGE,Cloudburst Flash Flood,1
4.75,19.44,32.75,1.74,0.23,5.1,GREEN,Normal Hydrological State,0
1.72,44.67,49.59,8.45,6.24,72.41,ORANGE,Seismic GLOF Warning,1
14.28,49.1,34.09,2.2,0.35,5.64,GREEN,Normal Hydrological State,0
4.12,42.58,32.25,1.73,1.45,5.16,GREEN,Normal Hydrological State,0
22.12,52.64,16.45,2.93,0.48,5.62,GREEN,Normal Hydrological State,0
11.43,55.74,9.58,3.26,1.92,5.23,GREEN,Normal Hydrological State,0
7.82,18.93,37.58,1.46,1.26,5.16,GREEN,Normal Hydrological State,0
9.93,23.05,19.25,1.46,0.38,5.15,GREEN,Normal Hydrological State,0
54.73,55.62,24.49,6.54,2.58,8.82,GREEN,Normal Hydrological State,0
1.93,42.94,16.01,1.42,0.69,5.06,GREEN,Normal Hydrological State,0
4.08,30.93,27.96,2.8,0.31,5.11,GREEN,Normal Hydrological State,0
1.57,38.37,22.05,2.46,1.23,5.06,GREEN,Normal Hydrological State,0
5.58,42.03,37.3,1.22,0.0,5.24,GREEN,Normal Hydrological State,0
7.16,46.12,5.91,2.38,0.53,5.09,GREEN,Normal Hydrological State,0
10.39,54.42,15.45,3.84,0.19,5.29,GREEN,Normal Hydrological State,0
0.0,37.66,33.03,1.18,0.54,5.02,GREEN,Normal Hydrological State,0
81.19,94.66,28.53,7.0,1.06,20.68,GREEN,Cloudburst Flash Flood,0
8.14,24.71,29.37,2.78,2.3,5.18,GREEN,Normal Hydrological State,0
38.49,59.16,17.21,5.83,2.82,6.3,GREEN,Normal Hydrological State,0
2.05,33.89,45.07,1.65,0.23,5.09,GREEN,Normal Hydrological State,0
6.41,36.51,36.85,4.22,0.04,5.23,GREEN,Normal Hydrological State,0
4.48,47.77,16.79,3.82,1.47,5.13,GREEN,Normal Hydrological State,0
89.84,78.76,49.7,7.46,0.06,33.54,GREEN,Cloudburst Flash Flood,0
39.06,59.12,41.65,6.34,3.3,8.52,GREEN,Normal Hydrological State,0
5.46,49.31,15.76,2.54,0.03,5.15,GREEN,Normal Hydrological State,0
113.42,94.49,53.24,7.77,2.25,60.37,ORANGE,Cloudburst Flash Flood,1
86.34,92.4,52.44,9.77,1.97,76.61,RED,Cloudburst Flash Flood,1
137.09,89.61,54.0,10.39,1.66,93.86,RED,Cloudburst Flash Flood,1
0.0,36.07,23.54,3.33,0.5,5.02,GREEN,Normal Hydrological State,0
1.34,24.87,5.57,1.51,0.0,5.03,GREEN,Normal Hydrological State,0
5.9,25.63,8.64,3.89,0.49,5.07,GREEN,Normal Hydrological State,0
51.86,61.41,27.83,4.72,1.2,7.91,GREEN,Normal Hydrological State,0
19.29,35.62,5.1,1.42,0.0,5.16,GREEN,Normal Hydrological State,0
120.02,96.31,32.39,7.19,2.51,38.48,YELLOW,Cloudburst Flash Flood,0
56.15,63.9,42.72,5.49,0.9,9.94,GREEN,Normal Hydrological State,0
3.31,32.27,31.78,2.65,0.82,5.11,GREEN,Normal Hydrological State,0
2.14,41.46,34.28,2.39,1.04,5.1,GREEN,Normal Hydrological State,0
1.28,42.21,50.67,11.59,5.48,93.1,RED,Seismic GLOF Warning,1
4.08,22.4,19.99,1.66,0.88,5.07,GREEN,Normal Hydrological State,0
1.69,38.02,16.91,3.9,1.65,5.05,GREEN,Normal Hydrological State,0
30.0,63.96,31.76,4.59,1.78,6.8,GREEN,Normal Hydrological State,0
4.71,20.3,24.17,2.63,0.79,5.08,GREEN,Normal Hydrological State,0
4.33,38.68,26.2,2.8,1.1,5.14,GREEN,Normal Hydrological State,0
41.97,59.33,48.69,6.87,3.23,11.43,GREEN,Normal Hydrological State,0
100.02,89.12,30.3,7.97,0.0,37.23,YELLOW,Cloudburst Flash Flood,0
2.96,29.11,37.35,1.61,0.1,5.1,GREEN,Normal Hydrological State,0
0.6,51.71,9.18,2.9,1.09,5.03,GREEN,Normal Hydrological State,0
0.0,38.21,36.13,2.56,0.07,5.02,GREEN,Normal Hydrological State,0
5.01,24.72,36.39,1.27,0.5,5.13,GREEN,Normal Hydrological State,0
4.07,29.02,26.39,2.42,0.63,5.1,GREEN,Normal Hydrological State,0
124.68,84.76,45.57,10.79,2.07,91.8,RED,Cloudburst Flash Flood,1
8.23,37.26,16.71,2.94,0.14,5.17,GREEN,Normal Hydrological State,0
0.26,20.81,15.82,1.72,0.25,5.02,GREEN,Normal Hydrological State,0
5.55,51.05,16.49,3.01,0.03,5.16,GREEN,Normal Hydrological State,0
1.39,48.87,34.03,4.19,0.47,5.08,GREEN,Normal Hydrological State,0
34.01,61.85,34.65,5.44,1.83,7.14,GREEN,Normal Hydrological State,0
5.35,31.62,29.94,2.38,2.02,5.15,GREEN,Normal Hydrological State,0
0.0,56.07,60.76,11.46,6.15,97.76,RED,Seismic GLOF Warning,1
29.53,64.87,41.93,5.24,2.02,7.23,GREEN,Normal Hydrological State,0
29.17,19.91,6.97,1.93,0.36,5.17,GREEN,Normal Hydrological State,0
58.45,76.51,33.75,6.3,2.52,11.18,GREEN,Normal Hydrological State,0
4.87,45.75,55.71,8.92,5.48,66.11,ORANGE,Seismic GLOF Warning,1
2.69,44.37,6.55,2.15,0.16,5.05,GREEN,Normal Hydrological State,0
59.32,74.98,31.83,5.54,1.91,10.03,GREEN,Normal Hydrological State,0
17.02,25.29,25.9,1.1,0.34,5.33,GREEN,Normal Hydrological State,0
25.68,35.26,33.87,3.92,1.25,5.83,GREEN,Normal Hydrological State,0
50.28,78.5,24.82,4.61,3.27,8.41,GREEN,Normal Hydrological State,0
8.09,39.87,18.28,2.25,0.5,5.19,GREEN,Normal Hydrological State,0
2.67,55.34,56.92,10.85,4.84,79.58,RED,Seismic GLOF Warning,1
87.57,83.75,44.73,8.38,0.09,46.46,YELLOW,Cloudburst Flash Flood,0
2.63,29.29,7.89,3.51,0.2,5.04,GREEN,Normal Hydrological State,0
3.72,50.96,36.46,1.11,0.24,5.19,GREEN,Normal Hydrological State,0
42.84,59.03,27.3,4.69,2.9,7.17,GREEN,Normal Hydrological State,0
5.88,71.71,49.93,10.08,6.65,94.07,RED,Seismic GLOF Warning,1
2.36,39.86,13.52,3.09,0.05,5.06,GREEN,Normal Hydrological State,0
90.43,87.51,49.49,11.55,1.67,93.03,RED,Cloudburst Flash Flood,1
4.33,62.39,43.6,9.08,6.61,81.95,RED,Seismic GLOF Warning,1
72.8,82.06,53.45,8.09,1.51,38.24,YELLOW,Cloudburst Flash Flood,0
1.13,47.54,35.76,1.33,0.28,5.07,GREEN,Normal Hydrological State,0
1.01,26.68,12.75,4.15,0.76,5.03,GREEN,Normal Hydrological State,0
1.48,70.09,37.55,9.02,7.45,85.82,RED,Seismic GLOF Warning,1
2.54,50.82,24.57,2.26,0.0,5.11,GREEN,Normal Hydrological State,0
5.54,25.92,14.3,2.16,0.18,5.08,GREEN,Normal Hydrological State,0
0.28,15.33,22.87,0.9,0.62,5.02,GREEN,Normal Hydrological State,0
10.02,20.69,34.53,3.26,0.08,5.2,GREEN,Normal Hydrological State,0
50.53,71.73,19.08,4.92,2.33,7.41,GREEN,Normal Hydrological State,0
8.32,21.18,11.84,1.55,0.74,5.09,GREEN,Normal Hydrological State,0
5.62,21.28,23.31,2.53,0.35,5.1,GREEN,Normal Hydrological State,0
15.39,26.7,40.8,1.51,0.14,5.43,GREEN,Normal Hydrological State,0
4.1,44.74,8.0,1.83,0.99,5.07,GREEN,Normal Hydrological State,0
4.78,40.34,44.97,3.19,1.34,5.22,GREEN,Normal Hydrological State,0
0.0,34.26,60.5,11.12,5.21,89.51,RED,Seismic GLOF Warning,1
16.18,46.24,42.64,1.11,1.05,5.81,GREEN,Normal Hydrological State,0
2.7,48.55,58.07,11.13,4.67,79.94,RED,River Overflow / Stage Exceeded,1
35.66,66.5,33.18,6.62,2.42,8.99,GREEN,Normal Hydrological State,0
7.49,45.05,5.81,1.78,0.27,5.09,GREEN,Normal Hydrological State,0
51.27,74.98,45.27,5.78,1.95,10.7,GREEN,Normal Hydrological State,0
42.68,82.3,24.22,6.13,1.25,8.1,GREEN,Normal Hydrological State,0
17.27,40.3,36.62,3.05,0.18,5.67,GREEN,Normal Hydrological State,0
10.66,34.71,13.16,1.88,1.91,5.17,GREEN,Normal Hydrological State,0
16.43,18.38,37.68,4.08,0.06,5.3,GREEN,Normal Hydrological State,0
104.8,98.4,24.86,10.32,1.5,77.07,RED,Cloudburst Flash Flood,1
6.79,53.96,21.93,1.76,0.23,5.25,GREEN,Normal Hydrological State,0
3.67,38.61,22.93,2.93,0.39,5.11,GREEN,Normal Hydrological State,0
1.34,56.33,43.79,3.24,0.91,5.1,GREEN,Normal Hydrological State,0
4.06,26.44,8.15,3.21,0.21,5.05,GREEN,Normal Hydrological State,0
4.67,49.31,39.66,2.79,0.49,5.24,GREEN,Normal Hydrological State,0
3.66,25.03,43.73,1.74,0.84,5.11,GREEN,Normal Hydrological State,0
0.0,65.73,52.39,8.13,6.2,69.73,ORANGE,Seismic GLOF Warning,1
0.0,44.62,9.63,1.05,0.28,5.02,GREEN,Normal Hydrological State,0
2.04,45.62,24.13,3.37,0.22,5.08,GREEN,Normal Hydrological State,0
130.06,86.5,54.85,9.25,0.69,83.33,RED,Cloudburst Flash Flood,1
6.16,50.09,46.47,9.71,5.29,67.84,ORANGE,Seismic GLOF Warning,1
33.34,61.42,43.66,4.72,1.42,7.49,GREEN,Normal Hydrological State,0
89.07,84.52,28.9,9.17,0.7,51.14,YELLOW,Cloudburst Flash Flood,1
10.31,23.86,41.16,2.44,0.0,5.26,GREEN,Normal Hydrological State,0
0.83,53.4,35.12,1.47,0.81,5.06,GREEN,Normal Hydrological State,0
113.8,78.34,38.87,8.89,0.82,59.51,ORANGE,Cloudburst Flash Flood,1
7.69,35.37,37.31,2.75,0.38,5.27,GREEN,Normal Hydrological State,0
88.45,100.0,36.35,7.56,0.84,35.66,YELLOW,Cloudburst Flash Flood,0
0.53,49.01,49.22,7.64,4.62,19.04,GREEN,River Overflow / Stage Exceeded,0
112.47,92.45,54.07,9.74,2.2,85.39,RED,Cloudburst Flash Flood,1
1.47,36.44,34.39,0.58,1.17,5.07,GREEN,Normal Hydrological State,0
126.92,94.86,46.64,7.51,2.29,58.91,ORANGE,Cloudburst Flash Flood,1
0.0,18.02,34.55,2.32,0.26,5.02,GREEN,Normal Hydrological State,0
6.1,52.28,37.8,2.07,0.14,5.32,GREEN,Normal Hydrological State,0
51.75,62.97,21.46,5.93,2.1,7.37,GREEN,Normal Hydrological State,0
143.24,94.92,49.26,10.47,0.72,94.99,RED,Cloudburst Flash Flood,1
42.77,57.81,16.51,6.75,1.78,8.25,GREEN,Normal Hydrological State,0
17.92,22.02,31.04,1.97,0.16,5.34,GREEN,Normal Hydrological State,0
8.51,60.24,37.1,7.65,5.56,32.88,GREEN,Seismic GLOF Warning,0
3.23,26.13,28.64,2.28,0.23,5.08,GREEN,Normal Hydrological State,0
112.99,91.48,27.61,8.6,2.32,50.55,YELLOW,Cloudburst Flash Flood,1
15.36,19.07,21.31,1.35,0.34,5.2,GREEN,Normal Hydrological State,0
2.07,31.54,24.71,1.18,1.16,5.06,GREEN,Normal Hydrological State,0
11.27,46.62,15.67,2.16,1.25,5.27,GREEN,Normal Hydrological State,0
5.61,23.5,36.34,2.47,2.97,5.14,GREEN,Normal Hydrological State,0
6.21,34.23,33.65,2.96,0.24,5.2,GREEN,Normal Hydrological State,0
136.51,94.78,43.65,10.15,0.47,91.06,RED,Cloudburst Flash Flood,1
128.86,89.6,27.65,10.16,0.93,80.01,RED,Cloudburst Flash Flood,1
1.39,30.22,37.62,0.63,1.6,5.06,GREEN,Normal Hydrological State,0
28.1,81.14,17.22,6.11,1.75,6.44,GREEN,Normal Hydrological State,0
58.26,67.59,19.63,6.09,1.32,7.87,GREEN,Normal Hydrological State,0
146.06,100.0,52.62,8.0,1.03,81.1,RED,Cloudburst Flash Flood,1
6.8,36.39,22.26,1.36,0.14,5.18,GREEN,Normal Hydrological State,0
5.24,58.4,30.04,7.37,5.12,18.29,GREEN,River Overflow / Stage Exceeded,0
1.38,66.29,41.79,8.46,4.45,23.57,GREEN,River Overflow / Stage Exceeded,0
4.22,42.47,23.83,2.47,0.08,5.14,GREEN,Normal Hydrological State,0
1.08,46.64,26.64,3.43,0.0,5.06,GREEN,Normal Hydrological State,0
6.25,48.68,38.51,4.25,0.12,5.31,GREEN,Normal Hydrological State,0
1.77,38.49,31.33,2.73,0.5,5.08,GREEN,Normal Hydrological State,0
6.36,32.87,16.53,1.41,0.23,5.12,GREEN,Normal Hydrological State,0
4.09,32.54,35.87,2.49,0.72,5.14,GREEN,Normal Hydrological State,0
55.56,75.84,33.21,4.56,0.6,9.87,GREEN,Normal Hydrological State,0
142.54,91.22,33.79,9.49,2.01,80.03,RED,Cloudburst Flash Flood,1
8.38,41.55,11.85,0.97,1.46,5.15,GREEN,Normal Hydrological State,0
7.57,35.81,35.43,0.97,0.0,5.26,GREEN,Normal Hydrological State,0
1.1,31.8,29.02,2.68,0.17,5.05,GREEN,Normal Hydrological State,0
8.29,46.07,51.54,11.96,6.56,98.72,RED,Seismic GLOF Warning,1
103.13,79.19,43.61,11.31,2.14,90.89,RED,Cloudburst Flash Flood,1
3.05,47.63,27.17,2.12,2.01,5.13,GREEN,Normal Hydrological State,0
55.34,58.97,25.29,6.15,2.89,8.0,GREEN,Normal Hydrological State,0
2.11,47.91,26.63,2.24,0.77,5.09,GREEN,Normal Hydrological State,0
122.9,94.19,27.77,9.64,0.85,72.82,ORANGE,Cloudburst Flash Flood,1
31.07,64.63,18.65,5.72,1.33,6.21,GREEN,Normal Hydrological State,0
6.57,29.65,16.26,3.0,0.53,5.12,GREEN,Normal Hydrological State,0
0.0,35.96,9.29,2.8,0.19,5.02,GREEN,Normal Hydrological State,0
2.71,35.08,33.65,2.94,0.13,5.1,GREEN,Normal Hydrological State,0
4.29,16.1,43.16,2.33,0.08,5.09,GREEN,Normal Hydrological State,0
6.76,30.75,18.46,2.9,0.18,5.13,GREEN,Normal Hydrological State,0
2.04,47.76,26.54,2.15,0.19,5.09,GREEN,Normal Hydrological State,0
8.66,35.41,17.99,2.07,0.14,5.18,GREEN,Normal Hydrological State,0
12.43,52.06,24.63,2.53,1.17,5.47,GREEN,Normal Hydrological State,0
126.16,79.56,48.63,9.26,2.44,76.33,RED,Cloudburst Flash Flood,1
3.64,49.69,18.97,1.15,0.54,5.12,GREEN,Normal Hydrological State,0
8.59,16.11,6.73,0.75,0.44,5.05,GREEN,Normal Hydrological State,0
0.07,48.31,32.09,10.51,6.39,84.67,RED,Seismic GLOF Warning,1
105.27,90.42,43.28,9.97,1.28,81.06,RED,Cloudburst Flash Flood,1
0.14,50.11,43.26,2.56,1.4,5.03,GREEN,Normal Hydrological State,0
1.55,62.6,49.72,10.17,6.21,90.32,RED,Seismic GLOF Warning,1
47.64,69.32,18.13,7.35,1.11,12.12,GREEN,River Overflow / Stage Exceeded,0
0.37,32.11,10.69,4.26,1.62,5.03,GREEN,Normal Hydrological State,0
3.01,16.62,40.48,2.17,3.17,5.07,GREEN,Normal Hydrological State,0
94.08,94.74,38.67,10.28,1.87,81.03,RED,Cloudburst Flash Flood,1
7.16,42.6,31.43,3.27,1.55,5.27,GREEN,Normal Hydrological State,0
64.29,84.19,37.46,10.71,1.78,75.14,RED,River Overflow / Stage Exceeded,1
21.84,58.3,16.78,1.89,0.6,5.69,GREEN,Normal Hydrological State,0
0.76,61.13,46.0,7.43,7.39,79.45,RED,Seismic GLOF Warning,1
28.82,59.02,21.43,5.8,1.07,6.14,GREEN,Normal Hydrological State,0
77.57,75.59,51.6,10.68,1.37,80.47,RED,Cloudburst Flash Flood,1
0.36,44.8,33.39,10.4,5.62,75.03,RED,Seismic GLOF Warning,1
8.4,31.7,39.43,2.12,0.97,5.27,GREEN,Normal Hydrological State,0
145.43,93.33,48.62,7.84,0.89,72.54,ORANGE,Cloudburst Flash Flood,1
3.27,51.17,38.92,2.78,0.32,5.18,GREEN,Normal Hydrological State,0
6.85,52.15,6.86,4.41,0.0,5.11,GREEN,Normal Hydrological State,0
79.61,89.11,52.05,10.54,0.63,83.05,RED,Cloudburst Flash Flood,1
2.74,56.15,43.12,11.68,7.15,98.4,RED,Seismic GLOF Warning,1
0.0,51.85,19.08,2.64,0.8,5.02,GREEN,Normal Hydrological State,0
140.48,97.83,27.31,8.27,0.67,57.36,ORANGE,Cloudburst Flash Flood,1
0.06,50.32,20.33,1.2,0.45,5.02,GREEN,Normal Hydrological State,0
55.09,75.01,48.03,6.61,2.75,13.98,GREEN,Saturated Soil Runoff,0
143.95,96.1,47.49,10.72,1.98,95.81,RED,Cloudburst Flash Flood,1
8.64,38.53,12.79,3.2,0.67,5.16,GREEN,Normal Hydrological State,0
0.88,38.67,22.22,2.85,0.68,5.04,GREEN,Normal Hydrological State,0
52.78,71.43,47.94,5.47,1.94,10.83,GREEN,Normal Hydrological State,0
128.16,77.2,42.72,8.0,2.58,52.21,YELLOW,Cloudburst Flash Flood,1
78.27,88.67,50.1,9.65,1.33,69.16,ORANGE,Cloudburst Flash Flood,1
6.35,44.39,33.89,2.42,0.19,5.26,GREEN,Normal Hydrological State,0
3.76,25.9,27.89,2.17,0.58,5.09,GREEN,Normal Hydrological State,0
8.76,65.46,49.17,10.31,5.97,89.57,RED,Seismic GLOF Warning,1
2.29,37.68,41.17,8.52,4.7,28.73,GREEN,River Overflow / Stage Exceeded,0
3.76,26.61,21.64,3.72,0.73,5.08,GREEN,Normal Hydrological State,0
0.21,31.9,23.46,1.45,0.13,5.03,GREEN,Normal Hydrological State,0
108.32,93.1,53.65,7.22,0.99,48.94,YELLOW,Cloudburst Flash Flood,0
133.95,80.85,55.25,11.05,1.59,95.1,RED,Cloudburst Flash Flood,1
0.56,61.18,38.55,8.68,7.32,81.87,RED,Seismic GLOF Warning,1
6.02,53.52,12.39,1.65,0.39,5.15,GREEN,Normal Hydrological State,0
6.43,45.33,32.8,1.96,0.3,5.27,GREEN,Normal Hydrological State,0
11.41,50.12,31.81,2.6,0.74,5.5,GREEN,Normal Hydrological State,0
12.12,20.07,22.4,1.47,0.82,5.17,GREEN,Normal Hydrological State,0
10.56,19.65,16.26,3.03,0.17,5.12,GREEN,Normal Hydrological State,0
11.09,25.78,22.23,3.88,0.54,5.2,GREEN,Normal Hydrological State,0
3.63,23.3,31.63,2.28,0.07,5.09,GREEN,Normal Hydrological State,0
5.75,18.59,23.39,1.74,0.53,5.09,GREEN,Normal Hydrological State,0
9.52,41.68,14.58,3.97,0.82,5.2,GREEN,Normal Hydrological State,0
2.2,47.24,11.4,2.95,0.4,5.06,GREEN,Normal Hydrological State,0
4.24,19.44,23.18,3.44,1.76,5.07,GREEN,Normal Hydrological State,0
6.82,30.64,37.0,1.2,0.32,5.21,GREEN,Normal Hydrological State,0
1.89,71.1,61.45,11.04,7.46,99.0,RED,Seismic GLOF Warning,1
33.55,59.4,33.98,5.84,3.17,6.98,GREEN,Normal Hydrological State,0
4.02,50.4,27.66,2.71,0.76,5.17,GREEN,Normal Hydrological State,0
143.98,84.11,37.23,8.38,0.69,64.0,ORANGE,Cloudburst Flash Flood,1
4.02,33.11,41.45,1.72,1.02,5.15,GREEN,Normal Hydrological State,0
3.17,60.44,32.87,9.57,4.27,35.64,YELLOW,River Overflow / Stage Exceeded,0
105.89,89.4,47.0,10.75,1.02,89.94,RED,Cloudburst Flash Flood,1
2.14,72.62,46.69,7.79,5.45,38.61,YELLOW,Seismic GLOF Warning,0
82.26,98.14,45.57,9.98,1.47,77.19,RED,Cloudburst Flash Flood,1
146.63,93.88,41.88,11.28,0.43,96.67,RED,Cloudburst Flash Flood,1
7.01,23.55,33.1,3.49,0.14,5.16,GREEN,Normal Hydrological State,0
1.38,16.94,6.06,1.77,0.29,5.03,GREEN,Normal Hydrological State,0
4.65,36.07,40.74,2.72,0.93,5.18,GREEN,Normal Hydrological State,0
10.79,44.12,37.09,1.88,0.18,5.46,GREEN,Normal Hydrological State,0
6.13,39.07,5.51,2.29,0.0,5.07,GREEN,Normal Hydrological State,0
14.69,36.63,15.44,2.59,0.0,5.28,GREEN,Normal Hydrological State,0
35.21,76.64,42.18,5.9,0.91,8.39,GREEN,Normal Hydrological State,0
0.95,18.25,11.07,2.76,0.01,5.03,GREEN,Normal Hydrological State,0
1.59,33.56,4.01,1.37,0.02,5.03,GREEN,Normal Hydrological State,0
3.31,17.62,12.69,1.4,0.66,5.04,GREEN,Normal Hydrological State,0
23.1,41.55,5.73,1.97,0.5,5.23,GREEN,Normal Hydrological State,0
16.86,23.36,24.2,2.85,0.68,5.29,GREEN,Normal Hydrological State,0
6.79,46.83,44.43,1.63,0.26,5.35,GREEN,Normal Hydrological State,0
45.3,74.09,49.17,5.7,2.24,10.08,GREEN,Normal Hydrological State,0
12.07,28.47,31.01,2.08,0.53,5.3,GREEN,Normal Hydrological State,0
1.73,47.15,20.8,1.58,0.78,5.07,GREEN,Normal Hydrological State,0
3.63,57.7,29.74,9.72,4.43,40.58,YELLOW,River Overflow / Stage Exceeded,0
16.57,45.95,24.95,2.75,1.97,5.56,GREEN,Normal Hydrological State,0
0.57,49.53,6.97,1.93,1.52,5.03,GREEN,Normal Hydrological State,0
6.3,44.19,39.09,1.63,1.12,5.28,GREEN,Normal Hydrological State,0
4.55,39.19,58.87,7.34,5.11,31.52,GREEN,Seismic GLOF Warning,0
105.82,84.67,40.81,8.27,1.39,50.37,YELLOW,Cloudburst Flash Flood,1
1.57,74.86,57.11,7.76,5.62,52.17,YELLOW,Seismic GLOF Warning,1
6.7,25.41,40.26,1.72,1.36,5.18,GREEN,Normal Hydrological State,0
47.56,80.4,47.41,4.53,1.82,10.89,GREEN,Normal Hydrological State,0
0.48,25.18,42.17,2.7,0.2,5.03,GREEN,Normal Hydrological State,0
2.69,49.98,42.33,2.86,0.15,5.15,GREEN,Normal Hydrological State,0
51.52,61.25,34.1,6.32,1.99,9.17,GREEN,Normal Hydrological State,0
2.56,16.04,33.52,2.54,0.23,5.06,GREEN,Normal Hydrological State,0
0.94,59.91,58.44,11.78,6.49,98.81,RED,Seismic GLOF Warning,1
4.54,18.03,16.33,3.52,0.68,5.06,GREEN,Normal Hydrological State,0
3.38,42.34,34.04,1.97,0.2,5.14,GREEN,Normal Hydrological State,0
61.82,62.8,38.66,6.09,1.69,10.19,GREEN,Normal Hydrological State,0
0.79,37.67,24.4,2.49,0.12,5.04,GREEN,Normal Hydrological State,0
37.92,73.38,17.69,4.9,3.33,6.66,GREEN,Normal Hydrological State,0
33.96,63.17,26.16,6.01,1.4,6.74,GREEN,Normal Hydrological State,0
3.99,54.08,36.67,2.97,1.58,5.22,GREEN,Normal Hydrological State,0
0.0,51.42,25.75,3.72,1.12,5.02,GREEN,Normal Hydrological State,0
14.26,36.11,13.35,2.18,2.22,5.24,GREEN,Normal Hydrological State,0
9.57,51.18,10.36,4.39,0.72,5.19,GREEN,Normal Hydrological State,0
72.18,76.56,42.68,10.37,2.02,72.02,ORANGE,Cloudburst Flash Flood,1
17.01,24.51,41.58,1.56,1.28,5.44,GREEN,Normal Hydrological State,0
2.97,44.31,13.24,2.95,0.29,5.08,GREEN,Normal Hydrological State,0
1.38,23.34,11.74,0.87,1.22,5.03,GREEN,Normal Hydrological State,0
0.0,18.38,19.65,1.55,0.0,5.02,GREEN,Normal Hydrological State,0
50.45,71.73,25.54,4.95,0.42,8.14,GREEN,Normal Hydrological State,0
106.06,81.4,48.5,10.3,0.31,84.13,RED,Cloudburst Flash Flood,1
0.51,26.98,5.9,2.57,1.3,5.02,GREEN,Normal Hydrological State,0
2.34,51.11,52.21,7.94,6.21,67.63,ORANGE,Seismic GLOF Warning,1
2.39,53.41,39.48,8.8,6.13,64.34,ORANGE,Seismic GLOF Warning,1
48.47,63.58,48.12,5.1,0.42,9.46,GREEN,Normal Hydrological State,0
130.72,82.43,27.83,9.91,1.07,74.58,ORANGE,Cloudburst Flash Flood,1
9.41,37.91,23.36,2.31,0.17,5.25,GREEN,Normal Hydrological State,0
10.03,32.46,33.31,3.21,0.88,5.3,GREEN,Normal Hydrological State,0
8.09,48.71,31.31,10.11,4.47,50.17,YELLOW,River Overflow / Stage Exceeded,1
1.46,30.89,30.23,2.48,0.03,5.06,GREEN,Normal Hydrological State,0
0.22,22.91,43.47,1.88,0.12,5.03,GREEN,Normal Hydrological State,0
112.01,75.22,48.14,9.42,1.96,71.52,ORANGE,Cloudburst Flash Flood,1
54.6,74.27,24.0,5.91,1.86,8.42,GREEN,Normal Hydrological State,0
0.0,61.66,49.68,7.89,5.03,30.46,GREEN,Seismic GLOF Warning,0
85.0,81.53,37.11,9.31,1.97,56.77,ORANGE,Cloudburst Flash Flood,1
0.38,34.77,53.85,7.22,5.68,42.39,YELLOW,Seismic GLOF Warning,0
4.57,39.24,30.25,2.79,1.52,5.16,GREEN,Normal Hydrological State,0
102.19,92.06,48.58,11.23,0.93,93.23,RED,Cloudburst Flash Flood,1
2.88,18.12,13.51,1.77,0.52,5.04,GREEN,Normal Hydrological State,0
59.91,82.17,41.38,6.95,3.14,17.19,GREEN,Saturated Soil Runoff,0
3.87,29.87,8.96,2.42,0.25,5.06,GREEN,Normal Hydrological State,0
71.21,81.8,44.59,8.94,1.67,48.22,YELLOW,Cloudburst Flash Flood,0
9.91,41.77,7.89,2.99,0.0,5.14,GREEN,Normal Hydrological State,0
9.55,30.62,21.7,2.85,0.27,5.2,GREEN,Normal Hydrological State,0
2.84,71.93,48.97,11.2,5.52,90.75,RED,Seismic GLOF Warning,1
13.33,38.76,13.45,3.06,0.18,5.24,GREEN,Normal Hydrological State,0
45.09,57.41,31.5,5.28,1.46,7.52,GREEN,Normal Hydrological State,0
6.01,38.85,7.78,2.42,0.3,5.08,GREEN,Normal Hydrological State,0
134.72,88.86,46.39,8.08,0.2,66.65,ORANGE,Cloudburst Flash Flood,1
32.65,56.77,22.43,6.68,1.51,7.91,GREEN,Normal Hydrological State,0
3.46,44.54,57.21,7.58,4.83,25.76,GREEN,Seismic GLOF Warning,0
20.53,24.04,20.74,2.51,0.75,5.32,GREEN,Normal Hydrological State,0
4.54,37.2,25.89,1.56,0.7,5.14,GREEN,Normal Hydrological State,0
14.83,15.03,11.62,2.41,1.43,5.1,GREEN,Normal Hydrological State,0
2.31,52.46,48.52,7.91,7.39,86.56,RED,Seismic GLOF Warning,1
9.17,47.47,15.14,3.86,0.13,5.22,GREEN,Normal Hydrological State,0
1.75,63.07,48.68,10.53,6.09,91.18,RED,Seismic GLOF Warning,1
5.26,28.42,14.96,3.32,0.12,5.09,GREEN,Normal Hydrological State,0
1.97,28.03,39.5,3.78,1.23,5.07,GREEN,Normal Hydrological State,0
6.62,31.57,24.88,0.65,0.48,5.16,GREEN,Normal Hydrological State,0
2.93,16.67,15.82,2.26,0.64,5.04,GREEN,Normal Hydrological State,0
2.05,18.06,6.23,1.75,0.07,5.03,GREEN,Normal Hydrological State,0
1.41,24.66,23.1,2.19,0.05,5.04,GREEN,Normal Hydrological State,0
7.08,22.75,15.56,3.01,0.06,5.1,GREEN,Normal Hydrological State,0
3.74,54.07,35.26,7.65,6.62,50.59,YELLOW,Seismic GLOF Warning,1
51.77,74.05,47.41,4.64,2.74,10.91,GREEN,Saturated Soil Runoff,0
2.77,34.04,45.46,9.56,5.95,77.72,RED,Seismic GLOF Warning,1
16.41,63.95,49.15,9.19,5.78,76.3,RED,Seismic GLOF Warning,1
0.42,46.97,33.28,2.53,0.21,5.04,GREEN,Normal Hydrological State,0
68.94,76.8,44.72,8.07,2.16,31.43,GREEN,River Overflow / Stage Exceeded,0
0.7,42.91,8.75,1.97,0.58,5.03,GREEN,Normal Hydrological State,0
31.62,61.98,33.34,6.96,0.85,9.81,GREEN,Normal Hydrological State,0
2.15,72.4,56.16,9.64,4.8,57.58,ORANGE,River Overflow / Stage Exceeded,1
10.44,25.63,33.49,2.4,1.67,5.25,GREEN,Normal Hydrological State,0
3.97,18.92,34.01,2.98,0.79,5.08,GREEN,Normal Hydrological State,0
26.27,66.02,46.74,5.04,2.47,7.15,GREEN,Normal Hydrological State,0
0.0,50.49,39.19,7.45,7.42,69.85,ORANGE,Seismic GLOF Warning,1
79.5,86.99,52.46,8.33,1.7,47.07,YELLOW,Cloudburst Flash Flood,0
1.06,47.67,18.9,2.02,0.51,5.05,GREEN,Normal Hydrological State,0
1.46,34.0,39.75,1.62,0.39,5.07,GREEN,Normal Hydrological State,0
15.56,30.37,22.85,1.55,0.14,5.33,GREEN,Normal Hydrological State,0
3.24,51.82,13.59,2.0,0.73,5.09,GREEN,Normal Hydrological State,0
9.54,34.34,38.29,3.28,0.45,5.33,GREEN,Normal Hydrological State,0
3.28,39.8,18.3,2.76,0.13,5.09,GREEN,Normal Hydrological State,0
3.84,35.64,36.44,9.28,5.98,66.04,ORANGE,Seismic GLOF Warning,1
0.47,43.12,7.08,1.64,0.78,5.03,GREEN,Normal Hydrological State,0
1.55,22.43,11.38,1.6,0.42,5.03,GREEN,Normal Hydrological State,0
54.81,55.88,41.55,5.49,1.85,8.93,GREEN,Normal Hydrological State,0
8.85,27.48,19.72,1.76,0.04,5.16,GREEN,Normal Hydrological State,0
9.24,37.93,25.19,1.72,0.23,5.26,GREEN,Normal Hydrological State,0
4.41,27.94,30.08,0.97,0.36,5.12,GREEN,Normal Hydrological State,0
4.99,24.22,34.64,3.31,0.1,5.12,GREEN,Normal Hydrological State,0
4.63,38.58,36.91,3.05,1.16,5.18,GREEN,Normal Hydrological State,0
6.3,17.35,36.79,2.27,0.29,5.12,GREEN,Normal Hydrological State,0
2.33,43.81,7.81,2.92,0.69,5.05,GREEN,Normal Hydrological State,0
4.23,43.01,42.39,1.83,0.02,5.2,GREEN,Normal Hydrological State,0
7.11,34.05,33.24,1.98,0.08,5.22,GREEN,Normal Hydrological State,0
12.5,44.75,36.65,2.21,0.38,5.54,GREEN,Normal Hydrological State,0
5.13,35.41,32.12,2.17,0.44,5.17,GREEN,Normal Hydrological State,0
3.61,16.64,18.43,2.81,0.71,5.05,GREEN,Normal Hydrological State,0
14.92,42.33,36.0,1.57,0.56,5.6,GREEN,Normal Hydrological State,0
3.47,47.33,17.75,2.06,0.83,5.11,GREEN,Normal Hydrological State,0
47.38,73.3,16.46,6.7,2.13,8.85,GREEN,Normal Hydrological State,0
7.93,46.27,8.77,3.48,0.46,5.13,GREEN,Normal Hydrological State,0
46.39,59.51,33.33,5.29,1.7,7.86,GREEN,Normal Hydrological State,0
7.49,49.58,17.65,2.14,1.21,5.22,GREEN,Normal Hydrological State,0
37.07,79.26,26.82,5.22,1.42,7.55,GREEN,Normal Hydrological State,0
2.29,51.07,9.82,2.67,0.0,5.06,GREEN,Normal Hydrological State,0
3.36,21.37,16.03,0.91,0.9,5.06,GREEN,Normal Hydrological State,0
5.01,20.61,43.76,1.9,0.28,5.12,GREEN,Normal Hydrological State,0
6.54,26.78,21.28,2.75,0.18,5.13,GREEN,Normal Hydrological State,0
5.98,49.7,42.32,1.72,0.53,5.32,GREEN,Normal Hydrological State,0
8.86,44.95,7.59,4.27,0.24,5.13,GREEN,Normal Hydrological State,0
5.79,42.31,13.01,2.27,0.64,5.12,GREEN,Normal Hydrological State,0
30.29,56.45,36.05,5.22,3.02,6.74,GREEN,Normal Hydrological State,0
1.6,37.49,40.03,1.91,0.1,5.08,GREEN,Normal Hydrological State,0
78.47,85.96,33.26,9.28,0.25,52.98,YELLOW,Cloudburst Flash Flood,1
105.4,79.02,39.74,7.43,0.3,33.98,GREEN,Cloudburst Flash Flood,0
36.02,67.16,38.39,6.83,2.95,10.33,GREEN,Normal Hydrological State,0
1.74,42.0,5.54,3.54,0.96,5.04,GREEN,Normal Hydrological State,0
0.87,22.81,27.94,3.29,0.49,5.04,GREEN,Normal Hydrological State,0
0.0,45.33,37.77,11.54,7.3,97.6,RED,Seismic GLOF Warning,1
3.23,31.59,8.7,2.36,0.35,5.05,GREEN,Normal Hydrological State,0
0.0,33.03,25.89,3.17,0.66,5.02,GREEN,Normal Hydrological State,0
3.91,30.82,18.48,1.77,0.62,5.09,GREEN,Normal Hydrological State,0
17.51,21.19,5.14,0.94,0.79,5.09,GREEN,Normal Hydrological State,0
3.5,34.18,41.17,3.21,0.16,5.14,GREEN,Normal Hydrological State,0
4.31,40.08,38.92,2.78,1.45,5.18,GREEN,Normal Hydrological State,0
1.81,19.85,14.75,2.11,1.08,5.04,GREEN,Normal Hydrological State,0
2.26,28.24,23.1,2.11,0.02,5.06,GREEN,Normal Hydrological State,0
2.97,27.89,11.86,3.08,1.15,5.05,GREEN,Normal Hydrological State,0
15.07,15.77,24.56,0.98,0.14,5.18,GREEN,Normal Hydrological State,0
21.73,33.19,5.54,2.47,0.86,5.17,GREEN,Normal Hydrological State,0
8.36,22.71,26.33,1.89,0.23,5.16,GREEN,Normal Hydrological State,0
44.6,68.26,42.28,5.08,1.32,8.95,GREEN,Normal Hydrological State,0
2.39,39.27,48.85,9.42,4.7,46.95,YELLOW,River Overflow / Stage Exceeded,0
0.0,45.07,31.16,3.36,0.31,5.02,GREEN,Normal Hydrological State,0
100.79,80.52,35.23,10.11,2.37,74.3,ORANGE,Cloudburst Flash Flood,1
39.35,72.51,15.35,6.47,1.79,7.51,GREEN,Normal Hydrological State,0
55.97,63.8,23.45,4.36,2.7,7.86,GREEN,Normal Hydrological State,0
2.3,51.61,34.34,1.95,0.0,5.12,GREEN,Normal Hydrological State,0
96.56,89.56,37.08,9.72,2.17,71.16,ORANGE,Cloudburst Flash Flood,1
1.15,46.08,9.76,1.65,0.78,5.04,GREEN,Normal Hydrological State,0
0.0,29.82,38.24,2.94,0.25,5.02,GREEN,Normal Hydrological State,0
2.63,40.22,27.27,1.96,0.19,5.1,GREEN,Normal Hydrological State,0
3.4,17.29,11.28,1.95,0.62,5.04,GREEN,Normal Hydrological State,0
6.02,41.66,37.86,1.59,0.26,5.25,GREEN,Normal Hydrological State,0
4.91,35.36,19.22,2.89,0.46,5.12,GREEN,Normal Hydrological State,0
14.03,55.95,32.43,2.0,0.61,5.7,GREEN,Normal Hydrological State,0
30.43,77.65,28.57,5.66,1.84,7.09,GREEN,Normal Hydrological State,0
9.39,29.84,35.79,2.26,0.01,5.27,GREEN,Normal Hydrological State,0
4.9,43.08,19.58,0.5,0.07,5.14,GREEN,Normal Hydrological State,0
3.09,43.96,22.7,2.44,0.87,5.11,GREEN,Normal Hydrological State,0
1.84,44.53,51.25,11.4,6.12,96.21,RED,Seismic GLOF Warning,1
71.46,79.06,47.15,11.22,0.21,85.28,RED,Cloudburst Flash Flood,1
0.35,36.98,51.44,7.84,4.36,16.75,GREEN,River Overflow / Stage Exceeded,0
9.48,15.24,32.31,1.57,0.0,5.14,GREEN,Normal Hydrological State,0
86.68,83.36,37.99,9.75,0.61,66.44,ORANGE,Cloudburst Flash Flood,1
0.02,41.53,44.22,1.72,0.0,5.02,GREEN,Normal Hydrological State,0
104.4,91.95,30.95,8.64,0.26,51.57,YELLOW,Cloudburst Flash Flood,1
5.11,46.1,30.83,2.04,0.81,5.21,GREEN,Normal Hydrological State,0
0.0,29.3,20.32,3.38,0.64,5.02,GREEN,Normal Hydrological State,0
7.52,46.5,43.82,2.92,1.65,5.38,GREEN,Normal Hydrological State,0
0.44,70.45,46.98,8.89,5.86,67.18,ORANGE,Seismic GLOF Warning,1
108.02,90.26,36.15,10.82,2.07,87.75,RED,Cloudburst Flash Flood,1
32.36,58.4,30.38,6.75,2.65,8.68,GREEN,Normal Hydrological State,0
10.09,40.23,22.22,2.81,1.48,5.28,GREEN,Normal Hydrological State,0
3.41,43.5,54.58,11.41,4.71,83.61,RED,River Overflow / Stage Exceeded,1
8.69,57.69,44.51,1.52,0.41,5.55,GREEN,Normal Hydrological State,0
2.73,65.09,29.09,8.49,7.44,67.85,ORANGE,Seismic GLOF Warning,1
5.9,29.48,11.95,4.15,1.97,5.09,GREEN,Normal Hydrological State,0
6.32,19.26,13.82,3.33,0.46,5.07,GREEN,Normal Hydrological State,0
2.11,26.52,36.41,2.1,0.52,5.07,GREEN,Normal Hydrological State,0
9.73,33.2,23.83,1.92,0.81,5.23,GREEN,Normal Hydrological State,0
4.64,18.66,25.81,3.33,0.61,5.08,GREEN,Normal Hydrological State,0
1.94,36.4,37.16,2.4,0.09,5.08,GREEN,Normal Hydrological State,0
146.05,96.31,44.25,7.24,0.38,63.38,ORANGE,Cloudburst Flash Flood,1
4.23,61.35,48.47,9.16,6.64,86.99,RED,Seismic GLOF Warning,1
5.61,30.97,29.5,2.72,0.0,5.15,GREEN,Normal Hydrological State,0
5.99,18.55,30.18,3.16,0.71,5.11,GREEN,Normal Hydrological State,0
0.96,27.68,21.7,2.32,0.06,5.04,GREEN,Normal Hydrological State,0
2.82,57.24,32.39,11.22,6.73,93.2,RED,Seismic GLOF Warning,1
85.25,82.47,28.9,9.4,0.77,53.51,YELLOW,Cloudburst Flash Flood,1
3.65,38.53,41.56,3.4,2.79,5.16,GREEN,Normal Hydrological State,0
2.83,43.8,40.6,2.58,1.83,5.14,GREEN,Normal Hydrological State,0
8.08,48.43,39.65,2.54,0.53,5.4,GREEN,Normal Hydrological State,0
3.82,69.95,37.4,10.91,5.42,82.52,RED,Seismic GLOF Warning,1
7.26,33.57,37.76,9.38,4.99,48.56,YELLOW,River Overflow / Stage Exceeded,0
6.85,34.65,7.42,1.49,1.37,5.08,GREEN,Normal Hydrological State,0
3.46,46.22,5.44,2.76,0.34,5.05,GREEN,Normal Hydrological State,0
10.02,30.76,37.62,2.72,0.5,5.31,GREEN,Normal Hydrological State,0
93.9,92.55,42.26,10.64,1.76,85.87,RED,Cloudburst Flash Flood,1
0.35,17.73,42.35,3.49,0.46,5.03,GREEN,Normal Hydrological State,0
102.81,90.42,45.38,7.63,0.37,45.16,YELLOW,Cloudburst Flash Flood,0
27.66,40.92,9.36,2.49,0.88,5.39,GREEN,Normal Hydrological State,0
2.83,31.89,19.55,1.57,0.79,5.07,GREEN,Normal Hydrological State,0
5.33,19.65,37.13,3.58,0.33,5.12,GREEN,Normal Hydrological State,0
5.99,50.2,28.41,1.76,0.09,5.25,GREEN,Normal Hydrological State,0
3.18,34.35,32.07,8.51,7.11,67.71,ORANGE,Seismic GLOF Warning,1
3.96,54.36,35.75,10.57,6.27,87.08,RED,Seismic GLOF Warning,1
15.66,22.8,19.83,3.25,0.0,5.23,GREEN,Normal Hydrological State,0
25.1,63.63,23.73,6.23,2.51,6.52,GREEN,Normal Hydrological State,0
6.74,49.99,33.7,2.69,0.82,5.31,GREEN,Normal Hydrological State,0
133.05,95.69,35.72,11.03,1.66,93.55,RED,Cloudburst Flash Flood,1
0.33,34.24,37.3,2.32,0.08,5.03,GREEN,Normal Hydrological State,0
75.86,80.69,33.17,9.44,0.17,53.26,YELLOW,Cloudburst Flash Flood,1
3.11,53.83,17.7,2.62,0.9,5.11,GREEN,Normal Hydrological State,0
13.46,39.77,35.68,3.1,0.41,5.51,GREEN,Normal Hydrological State,0
5.39,33.25,36.96,2.32,0.71,5.18,GREEN,Normal Hydrological State,0
6.49,55.99,28.67,2.47,0.38,5.3,GREEN,Normal Hydrological State,0
119.1,95.34,35.48,7.79,0.89,49.42,YELLOW,Cloudburst Flash Flood,0
37.93,70.92,37.9,6.55,1.82,9.6,GREEN,Normal Hydrological State,0
10.02,23.12,41.16,2.88,0.05,5.25,GREEN,Normal Hydrological State,0
3.23,49.24,25.84,1.85,0.44,5.13,GREEN,Normal Hydrological State,0
1.87,28.52,34.19,1.81,0.74,5.07,GREEN,Normal Hydrological State,0
6.36,18.5,40.84,2.02,0.36,5.13,GREEN,Normal Hydrological State,0
1.2,51.8,34.34,2.55,0.47,5.07,GREEN,Normal Hydrological State,0
11.38,43.6,34.13,3.11,0.32,5.46,GREEN,Normal Hydrological State,0
4.13,48.28,42.18,3.51,0.0,5.22,GREEN,Normal Hydrological State,0
1.32,34.24,24.34,2.77,0.58,5.05,GREEN,Normal Hydrological State,0
6.29,48.3,30.62,3.65,0.03,5.26,GREEN,Normal Hydrological State,0
5.65,34.42,28.82,4.14,0.21,5.17,GREEN,Normal Hydrological State,0
3.36,44.1,36.49,1.16,0.17,5.15,GREEN,Normal Hydrological State,0
41.33,62.82,46.5,6.48,2.59,9.76,GREEN,Normal Hydrological State,0
40.93,61.46,36.01,6.04,2.26,7.77,GREEN,Normal Hydrological State,0
2.72,34.87,19.89,4.12,0.35,5.07,GREEN,Normal Hydrological State,0
28.09,58.49,26.97,4.68,2.84,6.32,GREEN,Normal Hydrological State,0
0.0,23.87,24.18,2.47,0.95,5.02,GREEN,Normal Hydrological State,0
0.86,15.56,32.98,1.61,0.83,5.03,GREEN,Normal Hydrological State,0
80.35,80.95,40.96,10.08,1.55,70.54,ORANGE,Cloudburst Flash Flood,1
1.57,36.31,38.72,3.73,0.0,5.07,GREEN,Normal Hydrological State,0
49.94,62.26,35.14,5.2,1.89,8.47,GREEN,Normal Hydrological State,0
59.03,59.51,26.68,5.74,2.28,8.15,GREEN,Normal Hydrological State,0
4.58,24.5,33.69,1.63,0.89,5.12,GREEN,Normal Hydrological State,0
9.22,65.66,34.79,9.82,6.23,78.25,RED,Seismic GLOF Warning,1
7.19,50.36,44.02,2.34,0.16,5.4,GREEN,Normal Hydrological State,0
111.82,85.92,31.19,10.49,0.04,81.76,RED,Cloudburst Flash Flood,1
42.66,73.63,30.73,6.49,1.14,9.4,GREEN,Normal Hydrological State,0
12.73,16.99,36.51,2.32,0.16,5.22,GREEN,Normal Hydrological State,0
2.85,42.08,22.22,1.93,0.5,5.1,GREEN,Normal Hydrological State,0
11.16,44.74,41.04,0.7,0.44,5.52,GREEN,Normal Hydrological State,0
8.14,57.98,20.81,3.81,0.09,5.3,GREEN,Normal Hydrological State,0
10.45,42.46,15.1,2.67,0.12,5.23,GREEN,Normal Hydrological State,0
1.59,17.13,5.33,0.71,1.46,5.03,GREEN,Normal Hydrological State,0
1.7,46.55,30.94,8.87,6.24,56.99,ORANGE,Seismic GLOF Warning,1
2.48,58.16,45.42,10.1,7.46,96.37,RED,Seismic GLOF Warning,1
6.42,27.6,23.38,2.88,0.8,5.14,GREEN,Normal Hydrological State,0
1.61,40.63,21.54,2.07,0.04,5.06,GREEN,Normal Hydrological State,0
1.8,44.28,27.22,3.29,0.01,5.08,GREEN,Normal Hydrological State,0
96.58,100.0,27.11,10.79,1.48,83.2,RED,Cloudburst Flash Flood,1
35.65,70.96,16.66,5.94,1.98,6.42,GREEN,Normal Hydrological State,0
33.02,73.74,14.79,6.79,1.84,8.21,GREEN,Normal Hydrological State,0
3.91,35.62,38.5,2.08,0.45,5.15,GREEN,Normal Hydrological State,0
6.0,37.0,37.98,1.92,0.71,5.23,GREEN,Normal Hydrological State,0
4.79,42.77,12.77,1.79,0.08,5.1,GREEN,Normal Hydrological State,0
120.0,90.4,46.0,7.54,0.59,52.51,YELLOW,Cloudburst Flash Flood,1
7.98,16.58,44.35,2.71,0.07,5.16,GREEN,Normal Hydrological State,0
9.32,51.03,21.71,1.83,0.28,5.32,GREEN,Normal Hydrological State,0
0.93,44.13,37.75,11.24,4.58,74.32,ORANGE,River Overflow / Stage Exceeded,1
4.81,15.91,31.72,1.97,0.0,5.08,GREEN,Normal Hydrological State,0
0.0,45.61,36.41,8.18,4.25,16.56,GREEN,River Overflow / Stage Exceeded,0
0.0,23.38,29.56,2.18,2.87,5.02,GREEN,Normal Hydrological State,0
6.67,24.5,12.79,1.99,1.08,5.09,GREEN,Normal Hydrological State,0
120.44,79.44,35.52,11.24,1.13,90.69,RED,Cloudburst Flash Flood,1
14.34,30.59,26.54,3.06,0.0,5.34,GREEN,Normal Hydrological State,0
4.65,36.5,43.28,11.25,4.69,78.35,RED,River Overflow / Stage Exceeded,1
77.7,83.02,47.34,11.51,0.0,89.93,RED,Cloudburst Flash Flood,1
54.29,64.07,16.77,5.15,2.01,7.05,GREEN,Normal Hydrological State,0
134.01,93.76,47.09,9.41,2.28,85.71,RED,Cloudburst Flash Flood,1
1.54,33.68,8.78,1.15,1.63,5.04,GREEN,Normal Hydrological State,0
2.81,41.04,23.62,2.15,0.0,5.1,GREEN,Normal Hydrological State,0
0.35,44.42,53.37,8.9,5.69,68.47,ORANGE,Seismic GLOF Warning,1
88.72,88.69,30.28,11.41,1.37,87.66,RED,Cloudburst Flash Flood,1
59.43,73.87,35.81,4.52,1.5,10.53,GREEN,Normal Hydrological State,0
119.12,100.0,50.59,7.67,0.12,63.7,ORANGE,Cloudburst Flash Flood,1
15.71,47.05,41.93,1.88,0.0,5.79,GREEN,Normal Hydrological State,0
55.2,78.95,23.19,6.23,2.11,9.11,GREEN,Normal Hydrological State,0
144.75,80.72,43.01,8.48,1.1,68.73,ORANGE,Cloudburst Flash Flood,1
0.66,30.91,35.27,2.78,1.62,5.04,GREEN,Normal Hydrological State,0
0.77,33.56,25.74,2.46,0.23,5.04,GREEN,Normal Hydrological State,0
7.94,17.6,17.19,2.68,0.05,5.09,GREEN,Normal Hydrological State,0
2.41,47.36,14.1,3.28,0.15,5.07,GREEN,Normal Hydrological State,0
2.31,31.17,41.93,2.52,0.25,5.09,GREEN,Normal Hydrological State,0
7.0,53.86,43.32,3.31,0.46,5.41,GREEN,Normal Hydrological State,0
0.49,42.18,18.56,2.11,0.04,5.03,GREEN,Normal Hydrological State,0
0.19,53.66,57.48,8.32,4.54,26.8,GREEN,River Overflow / Stage Exceeded,0
26.7,70.68,17.43,5.93,2.82,6.07,GREEN,Normal Hydrological State,0
16.13,26.74,37.92,1.88,0.77,5.43,GREEN,Normal Hydrological State,0
14.35,54.63,16.94,2.95,0.0,5.43,GREEN,Normal Hydrological State,0
6.58,46.7,33.51,2.84,1.1,5.28,GREEN,Normal Hydrological State,0
0.0,59.21,54.69,9.31,5.3,65.33,ORANGE,Seismic GLOF Warning,1
12.6,41.19,41.25,1.92,0.28,5.54,GREEN,Normal Hydrological State,0
136.75,83.54,50.14,10.15,1.31,90.19,RED,Cloudburst Flash Flood,1
118.95,83.53,34.81,10.77,0.32,87.16,RED,Cloudburst Flash Flood,1
49.32,66.36,21.22,4.89,1.44,7.35,GREEN,Normal Hydrological State,0
0.03,73.43,42.41,7.28,5.67,32.64,GREEN,Seismic GLOF Warning,0
34.98,57.06,18.38,5.2,2.5,6.19,GREEN,Normal Hydrological State,0
71.33,74.56,45.2,10.47,1.12,73.55,ORANGE,Cloudburst Flash Flood,1
140.27,89.4,54.36,8.49,0.17,79.5,RED,Cloudburst Flash Flood,1
16.35,31.81,45.26,2.77,0.66,5.58,GREEN,Normal Hydrological State,0
8.62,42.16,38.92,2.0,0.72,5.37,GREEN,Normal Hydrological State,0
4.72,22.31,14.04,3.2,0.61,5.07,GREEN,Normal Hydrological State,0
43.35,62.94,25.58,6.8,1.13,9.56,GREEN,Normal Hydrological State,0
3.89,49.1,33.18,2.82,0.35,5.18,GREEN,Normal Hydrological State,0
15.95,55.61,40.41,2.06,0.23,5.93,GREEN,Normal Hydrological State,0
73.55,88.88,54.17,9.52,1.34,66.41,ORANGE,Cloudburst Flash Flood,1
4.49,20.32,13.99,2.33,0.08,5.06,GREEN,Normal Hydrological State,0
23.9,76.55,45.43,5.96,3.05,7.25,GREEN,Normal Hydrological State,0
11.96,49.98,8.16,1.85,0.31,5.19,GREEN,Normal Hydrological State,0
37.59,78.92,30.04,5.03,1.56,7.85,GREEN,Normal Hydrological State,0
10.88,52.39,40.75,2.23,0.88,5.59,GREEN,Normal Hydrological State,0
14.56,27.53,39.45,3.36,1.06,5.41,GREEN,Normal Hydrological State,0
4.96,20.69,7.0,1.73,1.2,5.05,GREEN,Normal Hydrological State,0
4.23,39.68,24.4,1.45,0.94,5.13,GREEN,Normal Hydrological State,0
6.36,40.02,15.43,2.45,0.07,5.14,GREEN,Normal Hydrological State,0
16.84,48.59,15.05,0.7,0.13,5.41,GREEN,Normal Hydrological State,0
6.66,40.74,28.52,4.31,0.0,5.23,GREEN,Normal Hydrological State,0
12.32,34.84,5.97,1.66,1.16,5.12,GREEN,Normal Hydrological State,0
6.33,27.14,36.24,3.94,0.67,5.17,GREEN,Normal Hydrological State,0
136.46,89.56,48.72,10.05,1.39,90.63,RED,Cloudburst Flash Flood,1
108.19,92.28,46.75,9.38,1.53,76.79,RED,Cloudburst Flash Flood,1
2.39,74.4,36.43,9.81,6.8,85.53,RED,Seismic GLOF Warning,1
3.7,41.7,31.09,3.22,0.88,5.14,GREEN,Normal Hydrological State,0
0.0,48.93,39.57,2.95,2.18,5.02,GREEN,Normal Hydrological State,0
121.97,94.44,29.89,8.47,2.28,55.4,ORANGE,Cloudburst Flash Flood,1
9.16,39.37,25.27,3.54,0.43,5.27,GREEN,Normal Hydrological State,0
0.0,39.53,17.29,2.21,0.8,5.02,GREEN,Normal Hydrological State,0
2.47,34.74,19.54,2.85,2.44,5.07,GREEN,Normal Hydrological State,0
10.7,22.41,19.21,3.36,0.27,5.15,GREEN,Normal Hydrological State,0
1.9,73.52,32.89,8.79,5.62,46.4,YELLOW,Seismic GLOF Warning,0
4.98,18.46,31.78,2.66,1.26,5.1,GREEN,Normal Hydrological State,0
23.5,61.36,33.68,6.84,1.83,8.59,GREEN,Normal Hydrological State,0
0.24,40.4,29.51,0.95,0.1,5.03,GREEN,Normal Hydrological State,0
7.05,33.95,32.83,2.79,0.41,5.22,GREEN,Normal Hydrological State,0
7.08,67.69,30.5,8.41,7.14,65.48,ORANGE,Seismic GLOF Warning,1
60.58,60.35,25.65,6.62,0.49,9.98,GREEN,Normal Hydrological State,0
9.35,14.95,23.06,1.64,1.47,5.11,GREEN,Normal Hydrological State,0
65.02,90.58,43.85,10.83,1.98,80.52,RED,River Overflow / Stage Exceeded,1
0.0,28.34,12.91,2.75,0.15,5.02,GREEN,Normal Hydrological State,0
0.41,36.4,20.59,3.09,0.45,5.03,GREEN,Normal Hydrological State,0
3.58,36.96,11.13,2.93,0.31,5.07,GREEN,Normal Hydrological State,0
4.35,35.31,9.09,1.89,0.26,5.07,GREEN,Normal Hydrological State,0
6.28,51.21,43.14,10.71,6.21,91.54,RED,Seismic GLOF Warning,1
82.02,94.42,50.4,9.94,0.9,77.22,RED,Cloudburst Flash Flood,1
14.9,32.15,8.24,2.8,0.73,5.16,GREEN,Normal Hydrological State,0
27.84,73.6,20.06,6.84,0.87,8.52,GREEN,Normal Hydrological State,0
29.53,33.3,31.65,3.1,0.0,5.87,GREEN,Normal Hydrological State,0
26.6,79.51,14.29,6.82,2.09,8.04,GREEN,Normal Hydrological State,0
3.45,35.33,10.08,1.13,1.31,5.06,GREEN,Normal Hydrological State,0
110.78,82.94,48.2,11.19,0.88,92.61,RED,Cloudburst Flash Flood,1
7.91,31.73,23.72,2.01,0.64,5.19,GREEN,Normal Hydrological State,0
1.97,57.95,50.33,9.79,4.67,54.0,YELLOW,River Overflow / Stage Exceeded,1
10.89,40.03,42.56,1.8,0.99,5.46,GREEN,Normal Hydrological State,0
1.55,71.48,36.34,10.99,6.56,92.53,RED,Seismic GLOF Warning,1
2.01,16.32,29.67,2.44,0.07,5.05,GREEN,Normal Hydrological State,0
2.8,44.12,43.85,1.57,0.33,5.15,GREEN,Normal Hydrological State,0
0.0,39.41,16.76,1.48,0.53,5.02,GREEN,Normal Hydrological State,0
9.55,51.99,35.79,2.68,0.13,5.47,GREEN,Normal Hydrological State,0
17.27,23.8,43.32,1.61,0.5,5.44,GREEN,Normal Hydrological State,0
110.69,95.51,36.03,7.01,0.75,35.52,YELLOW,Cloudburst Flash Flood,0
16.54,42.81,26.67,2.15,0.07,5.54,GREEN,Normal Hydrological State,0
43.86,59.12,17.77,4.94,2.65,6.54,GREEN,Normal Hydrological State,0
27.44,44.93,25.55,1.54,0.06,5.93,GREEN,Normal Hydrological State,0
3.27,25.94,30.13,2.56,0.56,5.09,GREEN,Normal Hydrological State,0
1.63,16.04,40.8,3.67,0.67,5.05,GREEN,Normal Hydrological State,0
141.31,79.89,34.84,8.63,0.47,62.25,ORANGE,Cloudburst Flash Flood,1
0.7,25.97,34.14,3.02,0.59,5.04,GREEN,Normal Hydrological State,0
2.84,21.31,33.94,2.31,0.21,5.07,GREEN,Normal Hydrological State,0
9.43,24.13,19.24,1.82,0.19,5.15,GREEN,Normal Hydrological State,0
0.43,28.8,40.45,2.5,0.22,5.03,GREEN,Normal Hydrological State,0
3.71,27.45,39.37,0.96,0.35,5.12,GREEN,Normal Hydrological State,0
58.3,58.22,45.42,5.85,3.13,9.84,GREEN,Normal Hydrological State,0
15.03,28.66,43.75,3.03,0.76,5.47,GREEN,Normal Hydrological State,0
1.79,23.82,11.41,2.51,0.26,5.04,GREEN,Normal Hydrological State,0
30.82,22.87,35.22,2.16,0.05,5.66,GREEN,Normal Hydrological State,0
4.23,41.5,5.98,2.63,0.29,5.06,GREEN,Normal Hydrological State,0
8.01,19.79,41.51,2.91,0.95,5.18,GREEN,Normal Hydrological State,0
3.64,50.38,15.42,2.61,0.21,5.11,GREEN,Normal Hydrological State,0
5.26,25.12,44.55,4.12,0.0,5.16,GREEN,Normal Hydrological State,0
12.6,34.26,9.9,2.21,0.26,5.16,GREEN,Normal Hydrological State,0
5.75,40.06,7.15,2.95,0.38,5.08,GREEN,Normal Hydrological State,0
14.49,51.55,25.66,3.83,1.79,5.56,GREEN,Normal Hydrological State,0
39.13,66.99,24.43,4.72,2.26,7.06,GREEN,Normal Hydrological State,0
54.87,62.13,25.61,6.58,1.67,9.5,GREEN,Normal Hydrological State,0
6.98,32.22,24.96,2.81,0.4,5.17,GREEN,Normal Hydrological State,0
8.77,26.05,12.3,2.44,0.28,5.11,GREEN,Normal Hydrological State,0
4.0,23.45,28.71,2.04,0.49,5.09,GREEN,Normal Hydrological State,0
3.7,38.84,22.66,1.03,3.13,5.11,GREEN,Normal Hydrological State,0
7.6,22.84,15.43,3.37,0.35,5.1,GREEN,Normal Hydrological State,0
2.24,42.53,19.53,3.67,2.2,5.07,GREEN,Normal Hydrological State,0
120.13,84.37,52.18,10.11,0.94,87.5,RED,Cloudburst Flash Flood,1
6.08,66.93,55.03,7.67,5.9,59.3,ORANGE,Seismic GLOF Warning,1
2.41,39.8,10.21,2.46,0.32,5.05,GREEN,Normal Hydrological State,0
9.5,56.09,29.91,2.78,0.0,5.44,GREEN,Normal Hydrological State,0
7.04,20.21,11.38,2.77,0.42,5.07,GREEN,Normal Hydrological State,0
28.12,79.86,24.6,5.35,2.72,6.74,GREEN,Normal Hydrological State,0
6.6,45.15,41.39,2.8,0.1,5.31,GREEN,Normal Hydrological State,0
6.05,31.48,26.61,2.88,0.15,5.16,GREEN,Normal Hydrological State,0
45.36,76.7,38.23,6.75,1.0,11.95,GREEN,Normal Hydrological State,0
1.57,36.19,60.46,9.47,5.92,85.99,RED,Seismic GLOF Warning,1
2.1,32.89,11.95,2.23,0.08,5.05,GREEN,Normal Hydrological State,0
7.55,25.1,43.19,2.85,0.7,5.21,GREEN,Normal Hydrological State,0
12.04,19.54,7.18,3.0,0.01,5.08,GREEN,Normal Hydrological State,0
6.77,16.0,7.26,3.38,0.0,5.05,GREEN,Normal Hydrological State,0
9.36,64.07,48.5,10.27,4.86,69.76,ORANGE,River Overflow / Stage Exceeded,1
37.98,53.85,20.7,4.74,3.36,6.35,GREEN,Normal Hydrological State,0
2.51,50.73,41.59,2.18,1.56,5.14,GREEN,Normal Hydrological State,0
37.72,49.86,18.54,2.51,0.22,6.13,GREEN,Normal Hydrological State,0
4.0,38.2,33.21,3.33,0.58,5.15,GREEN,Normal Hydrological State,0
2.39,22.67,12.31,3.79,0.15,5.04,GREEN,Normal Hydrological State,0
1.39,32.63,43.0,2.0,0.04,5.07,GREEN,Normal Hydrological State,0
6.21,30.35,35.07,1.84,0.0,5.19,GREEN,Normal Hydrological State,0
65.12,100.0,44.32,10.45,0.23,77.65,RED,River Overflow / Stage Exceeded,1
2.63,29.39,29.16,1.92,0.98,5.08,GREEN,Normal Hydrological State,0
5.03,28.78,34.01,3.38,0.64,5.14,GREEN,Normal Hydrological State,0
2.33,54.14,36.02,2.19,0.49,5.13,GREEN,Normal Hydrological State,0
2.44,47.96,11.72,1.95,0.8,5.07,GREEN,Normal Hydrological State,0
2.52,38.76,42.71,3.39,0.64,5.12,GREEN,Normal Hydrological State,0
90.28,98.66,53.59,9.1,2.06,71.36,ORANGE,Cloudburst Flash Flood,1
78.72,93.18,48.88,10.72,1.0,85.06,RED,Cloudburst Flash Flood,1
7.4,25.54,13.5,1.72,1.57,5.1,GREEN,Normal Hydrological State,0
2.61,48.29,4.7,1.4,2.09,5.04,GREEN,Normal Hydrological State,0
5.83,17.53,16.53,2.1,1.88,5.07,GREEN,Normal Hydrological State,0
1.39,52.27,37.9,3.6,0.83,5.09,GREEN,Normal Hydrological State,0
2.83,67.09,35.97,10.67,5.56,80.21,RED,Seismic GLOF Warning,1
115.03,86.88,47.45,9.25,2.24,75.45,RED,Cloudburst Flash Flood,1
10.84,35.15,34.86,2.08,1.63,5.36,GREEN,Normal Hydrological State,0
9.59,46.51,32.0,2.19,0.28,5.39,GREEN,Normal Hydrological State,0
112.06,81.65,30.88,10.11,1.13,75.08,RED,Cloudburst Flash Flood,1
6.43,54.56,32.29,3.12,0.2,5.31,GREEN,Normal Hydrological State,0
3.25,39.3,21.99,3.56,0.2,5.1,GREEN,Normal Hydrological State,0
6.14,53.08,57.34,7.62,6.3,72.59,ORANGE,Seismic GLOF Warning,1
13.78,46.43,39.84,1.63,0.49,5.65,GREEN,Normal Hydrological State,0
3.02,39.65,23.67,3.25,0.18,5.1,GREEN,Normal Hydrological State,0
6.03,41.03,40.51,3.07,0.89,5.26,GREEN,Normal Hydrological State,0
1.96,15.89,32.95,2.25,0.09,5.05,GREEN,Normal Hydrological State,0
48.6,63.24,31.48,5.05,1.89,8.1,GREEN,Normal Hydrological State,0
0.06,47.53,33.0,4.15,0.42,5.02,GREEN,Normal Hydrological State,0
5.15,37.95,37.21,1.89,0.11,5.2,GREEN,Normal Hydrological State,0
8.29,39.62,33.06,1.89,0.5,5.3,GREEN,Normal Hydrological State,0
25.23,72.4,16.73,7.1,1.53,9.16,GREEN,River Overflow / Stage Exceeded,0
5.99,40.1,32.74,2.63,0.26,5.22,GREEN,Normal Hydrological State,0
3.89,47.12,31.61,1.46,0.66,5.17,GREEN,Normal Hydrological State,0
10.18,41.0,16.11,2.49,0.05,5.22,GREEN,Normal Hydrological State,0
6.39,48.34,58.02,8.41,6.71,88.88,RED,Seismic GLOF Warning,1
1.93,60.75,46.05,7.33,6.57,60.63,ORANGE,Seismic GLOF Warning,1
15.66,43.88,32.38,1.56,0.38,5.61,GREEN,Normal Hydrological State,0
47.43,73.93,25.33,5.0,1.91,8.0,GREEN,Normal Hydrological State,0
9.4,37.31,17.28,1.88,0.29,5.2,GREEN,Normal Hydrological State,0
3.19,34.93,30.72,1.97,1.42,5.11,GREEN,Normal Hydrological State,0
29.79,76.59,41.58,5.17,1.38,7.73,GREEN,Normal Hydrological State,0
13.26,22.48,41.91,2.58,0.09,5.32,GREEN,Normal Hydrological State,0
3.51,18.65,6.81,2.94,0.63,5.04,GREEN,Normal Hydrological State,0
3.01,33.04,42.11,11.66,6.16,95.48,RED,Seismic GLOF Warning,1
19.07,48.53,21.14,2.96,0.23,5.6,GREEN,Normal Hydrological State,0
5.92,42.21,21.25,2.28,1.27,5.17,GREEN,Normal Hydrological State,0
20.96,33.57,42.9,2.62,0.14,5.76,GREEN,Normal Hydrological State,0
9.73,21.8,41.37,3.13,0.97,5.23,GREEN,Normal Hydrological State,0
9.71,39.15,27.07,1.91,0.44,5.3,GREEN,Normal Hydrological State,0
13.24,66.12,55.34,11.8,6.92,99.0,RED,Seismic GLOF Warning,1
0.0,53.4,32.53,1.01,0.13,5.02,GREEN,Normal Hydrological State,0
146.04,98.18,47.45,10.35,2.43,94.94,RED,Cloudburst Flash Flood,1
5.01,34.84,29.1,0.93,0.84,5.15,GREEN,Normal Hydrological State,0
3.79,39.85,14.11,2.76,1.3,5.09,GREEN,Normal Hydrological State,0
7.99,51.3,34.79,10.57,4.79,66.45,ORANGE,River Overflow / Stage Exceeded,1
7.48,42.54,40.67,10.51,4.67,65.01,ORANGE,River Overflow / Stage Exceeded,1
103.14,90.28,42.17,8.33,0.86,54.17,YELLOW,Cloudburst Flash Flood,1
11.2,40.21,36.92,8.75,5.5,48.45,YELLOW,Seismic GLOF Warning,0
5.89,45.85,12.34,3.5,1.24,5.13,GREEN,Normal Hydrological State,0
0.0,15.13,30.13,2.94,0.0,5.02,GREEN,Normal Hydrological State,0
0.71,30.91,31.04,1.59,0.56,5.04,GREEN,Normal Hydrological State,0
2.34,22.62,26.75,2.59,0.67,5.06,GREEN,Normal Hydrological State,0
40.91,57.37,21.36,5.51,2.25,6.62,GREEN,Normal Hydrological State,0
8.38,31.37,12.51,2.9,0.0,5.13,GREEN,Normal Hydrological State,0
72.02,80.15,25.32,10.07,0.91,59.55,ORANGE,Cloudburst Flash Flood,1
5.5,13.71,25.23,1.37,0.89,5.07,GREEN,Normal Hydrological State,0
7.4,37.12,44.84,1.68,0.35,5.31,GREEN,Normal Hydrological State,0
33.16,66.37,49.1,5.41,2.23,7.96,GREEN,Normal Hydrological State,0
5.9,34.6,4.36,3.33,0.51,5.06,GREEN,Normal Hydrological State,0
2.92,51.94,13.97,1.92,0.59,5.09,GREEN,Normal Hydrological State,0
0.72,49.89,9.63,3.3,0.22,5.03,GREEN,Normal Hydrological State,0
41.23,65.95,41.7,5.02,2.54,8.39,GREEN,Normal Hydrological State,0
2.92,33.33,47.8,8.16,5.24,39.16,YELLOW,Seismic GLOF Warning,0
82.58,91.27,53.14,8.0,1.91,45.54,YELLOW,Cloudburst Flash Flood,0
1.33,34.83,42.69,11.44,7.06,97.74,RED,Seismic GLOF Warning,1
7.0,42.47,27.58,3.01,0.2,5.24,GREEN,Normal Hydrological State,0
1.29,29.37,26.63,1.26,0.63,5.05,GREEN,Normal Hydrological State,0
9.3,30.34,41.6,6.95,7.12,62.85,ORANGE,Seismic GLOF Warning,1
0.77,43.03,18.73,2.1,1.09,5.04,GREEN,Normal Hydrological State,0
43.14,62.09,25.21,6.8,0.84,9.46,GREEN,Normal Hydrological State,0
4.12,29.43,35.51,3.38,0.45,5.13,GREEN,Normal Hydrological State,0
7.33,20.19,19.09,2.79,1.16,5.1,GREEN,Normal Hydrological State,0
0.0,54.05,48.93,11.67,6.61,97.99,RED,Seismic GLOF Warning,1
7.0,33.05,14.89,1.81,0.69,5.13,GREEN,Normal Hydrological State,0
17.3,28.37,20.01,1.65,0.6,5.31,GREEN,Normal Hydrological State,0
50.47,72.91,23.93,6.65,0.74,9.91,GREEN,Normal Hydrological State,0
13.37,31.83,43.78,3.2,0.16,5.46,GREEN,Normal Hydrological State,0
3.76,36.71,14.54,2.46,0.26,5.08,GREEN,Normal Hydrological State,0
4.29,18.84,11.42,3.36,0.35,5.05,GREEN,Normal Hydrological State,0
0.5,37.41,21.6,2.48,0.84,5.03,GREEN,Normal Hydrological State,0
3.68,39.56,6.15,2.26,0.21,5.05,GREEN,Normal Hydrological State,0
130.85,80.07,34.58,9.79,2.48,76.95,RED,Cloudburst Flash Flood,1
12.69,54.76,8.13,2.54,0.91,5.22,GREEN,Normal Hydrological State,0
12.45,40.29,24.93,3.83,0.06,5.37,GREEN,Normal Hydrological State,0
2.04,41.81,10.11,1.22,0.05,5.05,GREEN,Normal Hydrological State,0
2.83,25.54,32.42,3.02,0.74,5.08,GREEN,Normal Hydrological State,0
44.81,58.56,52.16,5.0,3.02,8.85,GREEN,Normal Hydrological State,0
3.65,44.74,28.87,2.16,1.06,5.14,GREEN,Normal Hydrological State,0
10.69,14.6,38.89,2.69,0.75,5.17,GREEN,Normal Hydrological State,0
98.7,100.0,31.23,9.84,0.14,73.51,ORANGE,Cloudburst Flash Flood,1
86.5,100.0,31.84,8.35,1.85,43.56,YELLOW,Cloudburst Flash Flood,0
2.38,66.87,51.51,10.51,6.91,96.94,RED,Seismic GLOF Warning,1
3.19,37.5,42.07,3.18,0.01,5.14,GREEN,Normal Hydrological State,0
3.28,38.94,29.89,2.96,0.4,5.12,GREEN,Normal Hydrological State,0
59.83,69.86,44.83,6.12,2.6,11.61,GREEN,Saturated Soil Runoff,0
0.0,53.83,45.53,10.14,6.77,92.85,RED,Seismic GLOF Warning,1
46.59,67.82,25.41,6.18,1.37,7.96,GREEN,Normal Hydrological State,0
20.2,31.24,29.0,3.78,0.08,5.51,GREEN,Normal Hydrological State,0
14.84,23.5,29.79,3.84,0.5,5.29,GREEN,Normal Hydrological State,0
0.07,39.85,35.56,1.4,0.29,5.02,GREEN,Normal Hydrological State,0
7.89,52.33,15.36,1.69,0.29,5.22,GREEN,Normal Hydrological State,0
1.22,33.08,22.7,1.46,0.02,5.05,GREEN,Normal Hydrological State,0
58.92,73.58,17.02,5.49,1.93,7.69,GREEN,Normal Hydrological State,0
4.16,18.09,30.45,2.51,0.08,5.08,GREEN,Normal Hydrological State,0
4.41,25.56,44.21,1.26,2.37,5.14,GREEN,Normal Hydrological State,0
5.53,21.6,31.6,3.46,1.28,5.12,GREEN,Normal Hydrological State,0
7.71,53.73,22.49,1.91,0.7,5.28,GREEN,Normal Hydrological State,0
4.64,37.76,35.88,2.4,0.59,5.18,GREEN,Normal Hydrological State,0
2.27,36.1,28.74,9.41,7.39,79.29,RED,Seismic GLOF Warning,1
56.91,62.85,37.23,4.83,2.95,9.36,GREEN,Normal Hydrological State,0
3.44,42.74,32.29,10.34,4.27,50.32,YELLOW,River Overflow / Stage Exceeded,1
5.24,59.79,36.88,7.36,5.63,29.38,GREEN,Seismic GLOF Warning,0
29.55,64.42,20.18,5.99,3.03,6.22,GREEN,Normal Hydrological State,0
100.09,79.87,44.45,11.08,0.36,88.98,RED,Cloudburst Flash Flood,1
10.28,35.92,12.95,2.37,0.81,5.17,GREEN,Normal Hydrological State,0
121.19,80.73,53.91,10.19,1.1,87.79,RED,Cloudburst Flash Flood,1
0.0,18.7,10.87,2.93,0.28,5.02,GREEN,Normal Hydrological State,0
12.47,22.59,46.43,2.74,0.75,5.32,GREEN,Normal Hydrological State,0
4.26,33.89,36.01,9.29,5.09,47.58,YELLOW,River Overflow / Stage Exceeded,0
132.77,92.18,34.34,6.86,0.24,39.11,YELLOW,Cloudburst Flash Flood,0
8.26,50.15,9.13,2.08,1.92,5.15,GREEN,Normal Hydrological State,0
7.89,28.51,28.79,2.35,0.53,5.19,GREEN,Normal Hydrological State,0
3.75,43.3,12.27,1.54,1.05,5.08,GREEN,Normal Hydrological State,0
16.52,25.68,21.49,3.08,0.24,5.28,GREEN,Normal Hydrological State,0
1.89,39.28,22.1,2.21,1.31,5.07,GREEN,Normal Hydrological State,0
2.49,24.5,24.2,2.11,0.27,5.06,GREEN,Normal Hydrological State,0
83.47,84.11,31.48,7.75,0.49,28.19,GREEN,Cloudburst Flash Flood,0
5.48,45.06,28.36,2.66,0.56,5.21,GREEN,Normal Hydrological State,0
108.16,95.47,50.08,7.99,0.65,59.59,ORANGE,Cloudburst Flash Flood,1
3.04,54.17,37.06,2.22,0.34,5.17,GREEN,Normal Hydrological State,0
1.39,36.53,11.71,2.83,0.2,5.04,GREEN,Normal Hydrological State,0
15.11,48.76,18.49,2.74,0.89,5.43,GREEN,Normal Hydrological State,0
6.95,30.2,12.39,2.18,0.24,5.1,GREEN,Normal Hydrological State,0
55.43,77.97,23.09,6.54,2.18,10.11,GREEN,Normal Hydrological State,0
3.26,22.74,11.06,2.73,0.44,5.05,GREEN,Normal Hydrological State,0
55.45,73.85,37.41,6.3,1.06,11.06,GREEN,Normal Hydrological State,0
10.52,49.2,8.61,2.73,0.0,5.17,GREEN,Normal Hydrological State,0
0.0,54.68,18.19,1.84,0.41,5.02,GREEN,Normal Hydrological State,0
4.51,69.24,48.56,7.87,4.34,17.19,GREEN,River Overflow / Stage Exceeded,0
104.53,96.19,31.38,11.09,0.37,88.91,RED,Cloudburst Flash Flood,1
2.95,71.24,59.22,11.16,6.59,98.37,RED,Seismic GLOF Warning,1
1.94,30.51,60.34,8.25,4.44,24.09,GREEN,River Overflow / Stage Exceeded,0
1.19,61.12,57.76,10.7,6.75,97.83,RED,Seismic GLOF Warning,1
10.97,30.13,45.3,3.25,0.0,5.37,GREEN,Normal Hydrological State,0
2.59,57.58,54.22,8.73,5.62,65.4,ORANGE,Seismic GLOF Warning,1
55.97,75.31,16.83,4.97,1.08,7.57,GREEN,Normal Hydrological State,0
68.36,97.52,27.24,10.19,2.1,65.96,ORANGE,River Overflow / Stage Exceeded,1
4.92,42.62,9.45,1.73,0.3,5.09,GREEN,Normal Hydrological State,0
0.6,48.61,31.08,1.36,0.47,5.04,GREEN,Normal Hydrological State,0
47.7,77.06,21.35,6.67,1.22,9.63,GREEN,Normal Hydrological State,0
2.22,63.18,34.19,11.27,6.07,90.41,RED,Seismic GLOF Warning,1
15.32,27.48,29.83,1.18,0.17,5.35,GREEN,Normal Hydrological State,0
34.6,63.13,46.14,6.51,2.18,9.1,GREEN,Normal Hydrological State,0
5.06,25.89,41.33,2.09,1.17,5.15,GREEN,Normal Hydrological State,0
2.69,45.3,52.3,9.12,6.94,92.01,RED,Seismic GLOF Warning,1
1.02,58.08,45.76,2.83,0.31,5.08,GREEN,Normal Hydrological State,0
10.3,32.47,18.17,2.62,0.51,5.2,GREEN,Normal Hydrological State,0
10.21,15.33,5.98,2.99,0.49,5.06,GREEN,Normal Hydrological State,0
40.46,59.64,15.99,4.75,0.95,6.3,GREEN,Normal Hydrological State,0
26.33,55.1,45.11,5.66,2.64,6.71,GREEN,Normal Hydrological State,0
6.3,16.9,10.21,1.94,0.09,5.06,GREEN,Normal Hydrological State,0
1.85,41.2,35.17,2.59,1.14,5.09,GREEN,Normal Hydrological State,0
2.83,16.48,23.95,3.02,1.45,5.05,GREEN,Normal Hydrological State,0
14.16,46.64,25.91,2.36,0.9,5.5,GREEN,Normal Hydrological State,0
6.9,48.08,11.36,1.97,1.0,5.14,GREEN,Normal Hydrological State,0
3.2,43.02,12.51,2.22,0.14,5.08,GREEN,Normal Hydrological State,0
12.94,51.62,37.01,11.43,5.63,90.35,RED,Seismic GLOF Warning,1
9.92,24.58,43.47,1.31,0.11,5.27,GREEN,Normal Hydrological State,0
2.59,24.09,26.25,2.7,0.58,5.06,GREEN,Normal Hydrological State,0
4.01,54.5,43.58,3.76,0.25,5.24,GREEN,Normal Hydrological State,0
5.49,30.95,16.4,1.67,0.19,5.1,GREEN,Normal Hydrological State,0
8.21,45.95,18.48,2.25,0.32,5.23,GREEN,Normal Hydrological State,0
16.92,58.34,37.59,2.02,0.68,5.99,GREEN,Normal Hydrological State,0
58.03,55.99,15.98,4.84,0.72,6.81,GREEN,Normal Hydrological State,0
5.01,29.3,12.91,1.84,0.69,5.08,GREEN,Normal Hydrological State,0
4.34,40.68,29.22,10.74,6.82,88.74,RED,Seismic GLOF Warning,1
36.51,69.65,35.5,5.35,0.73,7.73,GREEN,Normal Hydrological State,0
1.92,30.18,31.08,1.96,0.73,5.07,GREEN,Normal Hydrological State,0
4.62,42.27,37.24,2.69,0.0,5.2,GREEN,Normal Hydrological State,0
6.45,43.54,8.02,2.87,0.0,5.1,GREEN,Normal Hydrological State,0
13.15,20.53,24.42,2.27,0.16,5.2,GREEN,Normal Hydrological State,0
2.14,34.26,37.49,3.04,1.41,5.09,GREEN,Normal Hydrological State,0
47.61,70.61,29.64,7.13,3.57,12.7,GREEN,River Overflow / Stage Exceeded,0
4.36,21.91,14.86,3.05,0.73,5.06,GREEN,Normal Hydrological State,0
139.87,87.47,33.95,8.2,1.88,58.31,ORANGE,Cloudburst Flash Flood,1
0.86,23.83,15.62,2.89,0.26,5.03,GREEN,Normal Hydrological State,0
132.83,82.53,40.02,8.05,0.19,56.04,ORANGE,Cloudburst Flash Flood,1
1.14,25.07,10.98,0.97,0.07,5.03,GREEN,Normal Hydrological State,0
3.9,28.07,39.81,2.38,1.26,5.12,GREEN,Normal Hydrological State,0
0.0,44.26,50.77,9.32,6.6,88.74,RED,Seismic GLOF Warning,1
8.2,26.12,17.88,2.41,0.36,5.13,GREEN,Normal Hydrological State,0
8.64,32.96,11.69,0.74,0.86,5.13,GREEN,Normal Hydrological State,0
1.13,31.43,44.27,2.07,0.49,5.06,GREEN,Normal Hydrological State,0
13.98,33.9,13.36,1.99,0.06,5.22,GREEN,Normal Hydrological State,0
18.44,43.2,7.35,1.78,0.27,5.23,GREEN,Normal Hydrological State,0
75.23,86.41,28.79,9.88,1.66,60.56,ORANGE,Cloudburst Flash Flood,1
54.87,67.39,19.58,4.93,1.55,7.53,GREEN,Normal Hydrological State,0
9.35,44.77,16.1,3.58,0.13,5.23,GREEN,Normal Hydrological State,0
6.27,53.13,25.93,1.29,0.48,5.26,GREEN,Normal Hydrological State,0
23.46,20.28,13.1,1.86,0.4,5.22,GREEN,Normal Hydrological State,0
7.35,31.31,33.04,2.87,0.8,5.21,GREEN,Normal Hydrological State,0
9.24,55.79,30.96,2.62,2.14,5.44,GREEN,Normal Hydrological State,0
5.54,38.55,24.62,1.57,0.15,5.16,GREEN,Normal Hydrological State,0
2.32,66.57,60.74,10.21,6.18,94.3,RED,Seismic GLOF Warning,1
2.94,58.32,50.13,11.06,7.01,98.11,RED,Seismic GLOF Warning,1
0.54,57.85,36.23,8.57,5.04,33.67,GREEN,River Overflow / Stage Exceeded,0
93.5,96.08,44.32,8.54,0.06,57.58,ORANGE,Cloudburst Flash Flood,1
4.94,23.85,38.69,2.82,1.08,5.13,GREEN,Normal Hydrological State,0
7.71,39.96,13.41,3.59,0.37,5.15,GREEN,Normal Hydrological State,0
4.02,28.63,20.97,3.84,0.31,5.09,GREEN,Normal Hydrological State,0
4.25,15.97,41.12,0.99,0.13,5.09,GREEN,Normal Hydrological State,0
4.96,44.29,29.13,4.12,0.0,5.19,GREEN,Normal Hydrological State,0
22.21,20.05,4.35,3.06,0.58,5.1,GREEN,Normal Hydrological State,0
0.0,16.47,15.71,2.94,0.87,5.02,GREEN,Normal Hydrological State,0
1.88,72.92,50.97,11.25,4.31,72.03,ORANGE,River Overflow / Stage Exceeded,1
69.97,94.69,39.19,9.21,0.24,54.66,YELLOW,River Overflow / Stage Exceeded,1
25.44,80.11,37.08,4.84,3.19,7.18,GREEN,Normal Hydrological State,0
3.17,19.32,7.83,1.7,1.67,5.04,GREEN,Normal Hydrological State,0
6.69,46.49,9.59,3.08,0.15,5.12,GREEN,Normal Hydrological State,0
0.65,32.72,21.35,3.19,0.06,5.03,GREEN,Normal Hydrological State,0
100.19,72.62,43.23,10.88,1.33,85.05,RED,Cloudburst Flash Flood,1
10.89,44.09,42.58,3.14,0.14,5.51,GREEN,Normal Hydrological State,0
13.91,47.98,27.43,2.83,0.43,5.52,GREEN,Normal Hydrological State,0
1.9,54.71,17.98,2.02,0.29,5.08,GREEN,Normal Hydrological State,0
70.78,87.04,48.69,9.38,0.39,59.8,ORANGE,Cloudburst Flash Flood,1
6.48,29.67,20.77,2.24,0.83,5.13,GREEN,Normal Hydrological State,0
8.5,19.79,13.05,1.32,0.13,5.09,GREEN,Normal Hydrological State,0
7.36,20.0,42.66,2.98,0.61,5.17,GREEN,Normal Hydrological State,0
5.2,19.54,17.68,1.65,1.42,5.07,GREEN,Normal Hydrological State,0
0.0,30.63,34.68,3.46,0.05,5.02,GREEN,Normal Hydrological State,0
3.69,24.1,26.98,2.43,0.22,5.08,GREEN,Normal Hydrological State,0
126.04,86.73,25.15,8.92,1.25,55.79,ORANGE,Cloudburst Flash Flood,1
2.11,40.65,34.84,2.58,1.54,5.09,GREEN,Normal Hydrological State,0
45.59,69.03,15.93,4.97,2.43,6.74,GREEN,Normal Hydrological State,0
33.64,72.87,16.46,6.62,1.74,7.79,GREEN,Normal Hydrological State,0
10.61,14.8,44.09,4.02,1.46,5.18,GREEN,Normal Hydrological State,0
13.3,15.06,24.71,2.41,0.74,5.16,GREEN,Normal Hydrological State,0
4.43,23.38,20.9,1.95,0.95,5.08,GREEN,Normal Hydrological State,0
4.29,53.5,21.95,0.78,0.5,5.16,GREEN,Normal Hydrological State,0
3.76,49.38,41.95,3.39,0.55,5.2,GREEN,Normal Hydrological State,0
9.06,45.97,12.75,2.35,0.53,5.19,GREEN,Normal Hydrological State,0
148.4,91.18,42.56,10.02,1.66,90.83,RED,Cloudburst Flash Flood,1
0.25,14.52,44.39,2.67,0.46,5.02,GREEN,Normal Hydrological State,0
25.35,25.1,16.7,1.93,1.19,5.34,GREEN,Normal Hydrological State,0
0.06,62.44,56.51,10.28,4.38,55.82,ORANGE,River Overflow / Stage Exceeded,1
83.41,78.83,38.72,8.86,2.11,47.75,YELLOW,Cloudburst Flash Flood,0
3.97,44.28,37.81,1.65,0.45,5.18,GREEN,Normal Hydrological State,0
139.55,98.28,42.86,11.53,0.73,97.37,RED,Cloudburst Flash Flood,1
0.0,55.55,50.41,11.79,6.31,97.68,RED,Seismic GLOF Warning,1
141.71,79.16,52.13,7.36,1.52,56.53,ORANGE,Cloudburst Flash Flood,1
56.26,65.61,34.71,6.68,2.87,11.53,GREEN,Normal Hydrological State,0
118.17,87.65,36.75,7.45,1.59,41.07,YELLOW,Cloudburst Flash Flood,0
3.78,45.52,38.48,2.1,0.62,5.18,GREEN,Normal Hydrological State,0
40.41,81.0,17.57,5.1,2.18,6.99,GREEN,Normal Hydrological State,0
27.79,59.91,35.97,6.38,0.41,7.45,GREEN,Normal Hydrological State,0
3.01,32.34,36.05,4.35,0.29,5.11,GREEN,Normal Hydrological State,0
40.61,70.24,15.3,6.68,2.94,8.17,GREEN,Normal Hydrological State,0
0.0,37.19,38.9,1.87,0.0,5.02,GREEN,Normal Hydrological State,0
52.42,71.93,27.4,5.84,3.09,8.53,GREEN,Normal Hydrological State,0
2.84,32.51,22.24,1.59,1.06,5.08,GREEN,Normal Hydrological State,0
0.0,49.75,50.6,11.0,5.68,90.99,RED,Seismic GLOF Warning,1
0.0,22.95,44.39,2.62,1.26,5.02,GREEN,Normal Hydrological State,0
3.21,26.03,26.51,2.99,1.54,5.08,GREEN,Normal Hydrological State,0
146.6,94.61,28.6,10.55,1.01,89.22,RED,Cloudburst Flash Flood,1
104.34,93.59,28.97,7.4,0.08,31.42,GREEN,Cloudburst Flash Flood,0
8.12,61.24,46.35,7.61,5.32,34.19,GREEN,Seismic GLOF Warning,0
35.89,61.51,18.82,6.13,1.68,6.52,GREEN,Normal Hydrological State,0
1.28,32.79,21.39,3.24,1.0,5.05,GREEN,Normal Hydrological State,0
1.25,23.43,13.64,3.07,0.09,5.03,GREEN,Normal Hydrological State,0
6.85,29.04,36.23,2.47,0.33,5.2,GREEN,Normal Hydrological State,0
0.62,39.57,8.42,2.38,0.3,5.03,GREEN,Normal Hydrological State,0
4.44,29.7,26.7,3.37,0.29,5.11,GREEN,Normal Hydrological State,0
1.9,38.28,8.89,1.76,0.28,5.04,GREEN,Normal Hydrological State,0
44.51,72.3,49.93,6.22,1.14,10.39,GREEN,Normal Hydrological State,0
3.78,39.66,39.38,2.55,1.2,5.16,GREEN,Normal Hydrological State,0
9.48,44.46,44.51,2.11,0.68,5.46,GREEN,Normal Hydrological State,0
42.21,57.99,36.61,6.64,3.02,9.45,GREEN,Normal Hydrological State,0
2.8,50.01,29.55,2.18,0.0,5.13,GREEN,Normal Hydrological State,0
0.44,42.82,21.1,2.75,0.23,5.03,GREEN,Normal Hydrological State,0
2.49,53.71,56.32,11.45,4.23,74.22,ORANGE,River Overflow / Stage Exceeded,1
4.02,33.09,37.72,2.97,0.21,5.14,GREEN,Normal Hydrological State,0
35.64,74.96,34.72,4.87,2.87,7.85,GREEN,Normal Hydrological State,0
4.22,18.37,32.92,1.07,0.26,5.09,GREEN,Normal Hydrological State,0
5.38,18.22,10.31,2.89,0.14,5.05,GREEN,Normal Hydrological State,0
2.43,28.41,17.59,2.76,0.23,5.06,GREEN,Normal Hydrological State,0
21.92,51.26,15.03,2.46,0.51,5.56,GREEN,Normal Hydrological State,0
93.92,100.0,50.82,10.71,2.32,90.36,RED,Cloudburst Flash Flood,1
0.9,40.9,41.03,2.43,0.43,5.06,GREEN,Normal Hydrological State,0
0.0,64.87,44.47,11.06,4.24,65.38,ORANGE,River Overflow / Stage Exceeded,1
15.6,39.74,33.16,1.63,0.46,5.56,GREEN,Normal Hydrological State,0
3.93,29.76,28.53,1.83,1.41,5.11,GREEN,Normal Hydrological State,0
34.28,59.44,15.0,7.26,3.17,9.96,GREEN,River Overflow / Stage Exceeded,0
17.59,18.83,34.42,3.21,0.26,5.31,GREEN,Normal Hydrological State,0
16.94,38.52,8.16,1.7,0.34,5.21,GREEN,Normal Hydrological State,0
0.0,55.1,22.11,2.57,1.2,5.02,GREEN,Normal Hydrological State,0
6.26,55.62,41.87,8.69,6.87,80.19,RED,Seismic GLOF Warning,1
5.34,49.12,9.49,2.77,1.88,5.1,GREEN,Normal Hydrological State,0
3.79,24.12,23.47,3.7,0.34,5.08,GREEN,Normal Hydrological State,0
11.22,31.1,8.1,2.66,0.32,5.12,GREEN,Normal Hydrological State,0
2.62,24.88,35.72,3.13,0.25,5.08,GREEN,Normal Hydrological State,0
133.31,100.0,29.53,7.8,1.19,51.13,YELLOW,Cloudburst Flash Flood,1
2.54,39.24,20.46,2.45,1.36,5.08,GREEN,Normal Hydrological State,0
34.16,58.0,33.5,5.54,1.9,6.95,GREEN,Normal Hydrological State,0
2.86,23.88,13.7,2.42,0.35,5.05,GREEN,Normal Hydrological State,0
32.6,31.51,16.82,3.2,0.3,5.55,GREEN,Normal Hydrological State,0
132.08,77.54,46.3,8.07,2.49,57.72,ORANGE,Cloudburst Flash Flood,1
56.48,75.33,43.69,6.71,2.71,14.22,GREEN,Saturated Soil Runoff,0
0.6,29.06,27.49,3.11,0.12,5.03,GREEN,Normal Hydrological State,0
134.33,86.84,53.03,9.42,1.99,85.66,RED,Cloudburst Flash Flood,1
3.48,17.02,42.45,1.82,1.68,5.08,GREEN,Normal Hydrological State,0
9.35,51.57,20.08,0.82,0.1,5.3,GREEN,Normal Hydrological State,0
1.97,37.85,28.41,3.3,0.23,5.08,GREEN,Normal Hydrological State,0
9.23,40.8,15.22,3.64,1.58,5.2,GREEN,Normal Hydrological State,0
88.06,88.46,28.94,10.16,1.33,70.28,ORANGE,Cloudburst Flash Flood,1
5.42,33.07,7.44,0.93,0.25,5.07,GREEN,Normal Hydrological State,0
119.02,85.54,56.5,9.45,0.63,82.45,RED,Cloudburst Flash Flood,1
20.24,45.9,35.7,1.1,0.06,5.89,GREEN,Normal Hydrological State,0
4.04,26.21,10.5,1.2,0.18,5.06,GREEN,Normal Hydrological State,0
0.0,48.54,16.97,3.29,0.21,5.02,GREEN,Normal Hydrological State,0
8.59,17.41,13.95,2.68,1.01,5.09,GREEN,Normal Hydrological State,0
0.28,31.25,33.11,2.51,1.59,5.03,GREEN,Normal Hydrological State,0
139.88,80.84,35.35,8.62,1.07,62.65,ORANGE,Cloudburst Flash Flood,1
4.76,42.58,24.99,3.4,0.0,5.16,GREEN,Normal Hydrological State,0
115.7,91.14,51.38,11.44,1.86,95.86,RED,Cloudburst Flash Flood,1
1.87,37.07,27.73,1.14,1.47,5.07,GREEN,Normal Hydrological State,0
13.96,29.45,44.3,2.04,3.4,5.45,GREEN,Normal Hydrological State,0
6.15,30.06,23.28,2.51,0.47,5.14,GREEN,Normal Hydrological State,0
10.11,30.54,25.56,1.31,1.24,5.24,GREEN,Normal Hydrological State,0
4.27,50.92,16.81,4.57,0.37,5.13,GREEN,Normal Hydrological State,0
57.15,76.8,36.23,4.83,0.74,10.59,GREEN,Normal Hydrological State,0
7.83,20.29,43.62,1.6,1.46,5.18,GREEN,Normal Hydrological State,0
1.86,45.92,18.74,2.78,0.1,5.07,GREEN,Normal Hydrological State,0
6.6,36.39,40.23,3.38,0.19,5.25,GREEN,Normal Hydrological State,0
123.54,100.0,42.42,8.87,0.09,76.41,RED,Cloudburst Flash Flood,1
3.31,22.36,20.3,3.89,0.82,5.06,GREEN,Normal Hydrological State,0
53.23,73.47,20.53,4.92,2.4,7.82,GREEN,Normal Hydrological State,0
5.17,42.84,32.84,1.24,0.0,5.21,GREEN,Normal Hydrological State,0
7.92,44.64,33.88,2.12,0.36,5.33,GREEN,Normal Hydrological State,0
4.21,15.24,17.81,3.77,0.53,5.05,GREEN,Normal Hydrological State,0
7.44,55.05,14.67,2.4,0.93,5.21,GREEN,Normal Hydrological State,0
3.63,31.41,16.25,1.89,1.23,5.08,GREEN,Normal Hydrological State,0
7.17,50.52,22.26,3.45,1.38,5.25,GREEN,Normal Hydrological State,0
1.51,15.8,29.61,2.3,0.49,5.04,GREEN,Normal Hydrological State,0
80.81,76.25,45.97,8.41,1.25,41.34,YELLOW,Cloudburst Flash Flood,0
4.41,28.82,28.74,2.45,0.2,5.12,GREEN,Normal Hydrological State,0
35.1,78.77,46.39,5.58,2.96,8.77,GREEN,Normal Hydrological State,0
4.22,47.47,55.23,9.95,5.44,79.67,RED,Seismic GLOF Warning,1
2.53,17.67,15.9,1.89,0.14,5.04,GREEN,Normal Hydrological State,0
75.26,81.64,49.03,10.41,1.97,77.19,RED,Cloudburst Flash Flood,1
0.0,38.7,6.62,1.89,0.85,5.02,GREEN,Normal Hydrological State,0
0.99,31.08,44.6,2.03,1.39,5.05,GREEN,Normal Hydrological State,0
1.03,46.34,29.83,2.52,0.77,5.06,GREEN,Normal Hydrological State,0
2.86,47.17,15.07,1.91,1.57,5.08,GREEN,Normal Hydrological State,0
6.26,15.24,28.99,2.12,1.11,5.09,GREEN,Normal Hydrological State,0
20.62,26.56,16.67,2.5,0.15,5.3,GREEN,Normal Hydrological State,0
6.16,18.08,29.07,3.0,1.25,5.11,GREEN,Normal Hydrological State,0
3.48,23.08,13.21,2.16,0.89,5.05,GREEN,Normal Hydrological State,0
5.89,16.12,32.3,2.13,0.0,5.1,GREEN,Normal Hydrological State,0
5.33,33.97,17.11,2.59,0.86,5.11,GREEN,Normal Hydrological State,0
1.09,48.45,4.46,1.18,0.18,5.03,GREEN,Normal Hydrological State,0
0.0,78.19,53.96,11.33,4.49,77.52,RED,River Overflow / Stage Exceeded,1
8.1,20.5,7.69,1.61,1.58,5.07,GREEN,Normal Hydrological State,0
27.93,77.3,44.14,6.01,3.53,7.69,GREEN,Normal Hydrological State,0
3.32,49.7,20.15,1.92,1.38,5.12,GREEN,Normal Hydrological State,0
8.03,56.83,3.92,2.99,0.05,5.09,GREEN,Normal Hydrological State,0
3.52,52.57,7.04,2.57,1.05,5.07,GREEN,Normal Hydrological State,0
68.9,79.99,44.76,10.87,1.72,80.04,RED,River Overflow / Stage Exceeded,1
6.2,28.72,29.11,2.63,0.2,5.16,GREEN,Normal Hydrological State,0
145.96,81.39,31.03,10.53,1.61,86.93,RED,Cloudburst Flash Flood,1
26.7,78.36,40.98,5.97,3.37,7.43,GREEN,Normal Hydrological State,0
5.29,33.86,39.47,2.16,0.0,5.19,GREEN,Normal Hydrological State,0
3.15,32.25,42.64,2.5,0.53,5.12,GREEN,Normal Hydrological State,0
147.8,78.26,35.41,9.27,1.54,73.92,ORANGE,Cloudburst Flash Flood,1
6.49,36.71,21.62,2.85,0.93,5.17,GREEN,Normal Hydrological State,0
66.48,98.73,25.05,7.43,0.56,20.23,GREEN,River Overflow / Stage Exceeded,0
1.3,25.36,37.55,2.27,0.49,5.05,GREEN,Normal Hydrological State,0
2.59,38.13,25.3,1.5,0.62,5.09,GREEN,Normal Hydrological State,0
14.87,19.86,36.59,4.04,0.94,5.29,GREEN,Normal Hydrological State,0
3.74,47.55,41.4,1.04,0.46,5.19,GREEN,Normal Hydrological State,0
0.77,25.7,35.3,2.24,0.48,5.04,GREEN,Normal Hydrological State,0
3.69,60.87,37.1,9.48,7.04,85.52,RED,Seismic GLOF Warning,1
0.0,49.84,29.0,9.87,6.13,69.96,ORANGE,Seismic GLOF Warning,1
1.23,46.19,28.8,4.37,0.06,5.06,GREEN,Normal Hydrological State,0
13.14,36.7,33.84,3.08,0.54,5.44,GREEN,Normal Hydrological State,0
20.75,32.34,32.77,1.23,0.04,5.6,GREEN,Normal Hydrological State,0
10.83,26.19,30.53,2.36,0.57,5.25,GREEN,Normal Hydrological State,0
4.66,46.45,23.68,3.0,0.52,5.16,GREEN,Normal Hydrological State,0
18.56,38.55,38.43,2.41,0.52,5.72,GREEN,Normal Hydrological State,0
5.66,48.51,44.07,2.97,0.2,5.3,GREEN,Normal Hydrological State,0
10.73,28.2,23.91,1.7,0.22,5.22,GREEN,Normal Hydrological State,0
0.0,39.97,56.34,8.02,7.46,93.22,RED,Seismic GLOF Warning,1
93.91,91.95,29.08,11.19,0.66,86.44,RED,Cloudburst Flash Flood,1
10.12,34.41,10.94,3.44,0.46,5.15,GREEN,Normal Hydrological State,0
50.46,79.52,22.01,6.12,2.72,8.3,GREEN,Normal Hydrological State,0
4.77,41.94,27.36,2.89,0.46,5.17,GREEN,Normal Hydrological State,0
3.11,41.55,40.14,10.26,6.8,91.45,RED,Seismic GLOF Warning,1
0.0,51.95,42.38,3.61,1.08,5.02,GREEN,Normal Hydrological State,0
2.71,53.69,9.81,2.7,0.03,5.07,GREEN,Normal Hydrological State,0
1.26,66.67,47.68,10.23,4.63,60.19,ORANGE,River Overflow / Stage Exceeded,1
6.06,53.53,18.88,1.77,0.52,5.2,GREEN,Normal Hydrological State,0
10.56,21.43,22.54,2.31,0.02,5.16,GREEN,Normal Hydrological State,0
0.7,38.06,24.67,2.08,1.01,5.04,GREEN,Normal Hydrological State,0
34.52,53.09,39.07,4.99,1.72,7.01,GREEN,Normal Hydrological State,0
94.04,92.3,44.64,10.36,1.75,83.71,RED,Cloudburst Flash Flood,1
16.84,46.48,43.87,1.82,0.79,5.86,GREEN,Normal Hydrological State,0
4.38,26.68,35.25,2.75,0.17,5.12,GREEN,Normal Hydrological State,0
132.53,84.35,49.68,7.54,0.66,57.08,ORANGE,Cloudburst Flash Flood,1
5.11,54.54,28.15,1.88,0.1,5.23,GREEN,Normal Hydrological State,0
139.87,85.52,41.22,8.74,0.48,72.19,ORANGE,Cloudburst Flash Flood,1
3.51,47.76,59.68,11.62,5.12,92.17,RED,Seismic GLOF Warning,1
109.06,78.4,28.1,10.23,0.9,73.28,ORANGE,Cloudburst Flash Flood,1
14.89,34.26,8.17,2.83,0.28,5.17,GREEN,Normal Hydrological State,0
9.1,51.93,5.66,1.73,0.34,5.12,GREEN,Normal Hydrological State,0
9.42,31.29,18.28,3.23,0.48,5.18,GREEN,Normal Hydrological State,0
56.85,60.89,30.61,5.1,3.48,8.51,GREEN,Normal Hydrological State,0
7.8,31.1,40.53,2.5,0.69,5.26,GREEN,Normal Hydrological State,0
3.6,55.79,53.19,9.34,7.12,94.84,RED,Seismic GLOF Warning,1
2.04,32.66,13.31,2.73,0.88,5.05,GREEN,Normal Hydrological State,0
33.72,78.52,44.62,5.68,2.5,8.46,GREEN,Normal Hydrological State,0
0.0,40.72,7.34,2.7,1.8,5.02,GREEN,Normal Hydrological State,0
3.7,32.58,16.52,3.9,1.63,5.08,GREEN,Normal Hydrological State,0
5.79,36.98,41.22,2.32,0.11,5.23,GREEN,Normal Hydrological State,0
56.11,81.41,49.86,5.6,2.82,12.92,GREEN,Saturated Soil Runoff,0
136.38,93.01,35.43,8.82,0.52,71.29,ORANGE,Cloudburst Flash Flood,1
6.83,48.56,28.78,3.64,0.11,5.27,GREEN,Normal Hydrological State,0
4.18,48.46,17.02,2.94,0.31,5.12,GREEN,Normal Hydrological State,0
5.8,18.03,29.86,2.51,0.32,5.1,GREEN,Normal Hydrological State,0
9.12,37.73,20.94,3.03,1.57,5.23,GREEN,Normal Hydrological State,0
2.04,39.25,24.55,2.76,0.9,5.07,GREEN,Normal Hydrological State,0
95.28,96.53,32.08,8.13,0.74,42.35,YELLOW,Cloudburst Flash Flood,0
2.39,16.05,21.94,3.41,0.14,5.04,GREEN,Normal Hydrological State,0
8.26,33.28,8.51,2.05,0.93,5.1,GREEN,Normal Hydrological State,0
2.2,46.55,39.84,4.63,0.59,5.12,GREEN,Normal Hydrological State,0
114.82,79.52,25.24,7.9,0.25,32.79,GREEN,Cloudburst Flash Flood,0
96.48,86.11,31.1,7.36,2.0,27.54,GREEN,Cloudburst Flash Flood,0
3.42,36.8,12.75,3.83,0.09,5.07,GREEN,Normal Hydrological State,0
5.63,42.41,36.17,2.97,0.18,5.23,GREEN,Normal Hydrological State,0
125.68,79.47,25.57,10.16,0.39,74.45,ORANGE,Cloudburst Flash Flood,1
123.75,78.07,30.29,9.17,0.89,60.72,ORANGE,Cloudburst Flash Flood,1
7.29,31.2,16.5,3.37,0.2,5.13,GREEN,Normal Hydrological State,0
26.45,66.71,28.31,6.29,0.58,7.01,GREEN,Normal Hydrological State,0
5.58,54.97,50.38,11.55,4.96,88.21,RED,Seismic GLOF Warning,1
15.97,15.43,20.57,2.33,0.96,5.17,GREEN,Normal Hydrological State,0
3.94,12.43,22.89,1.86,0.47,5.05,GREEN,Normal Hydrological State,0
3.83,32.78,16.03,2.41,0.15,5.08,GREEN,Normal Hydrological State,0
13.09,21.32,8.94,2.38,0.87,5.11,GREEN,Normal Hydrological State,0
1.16,36.51,22.12,3.29,0.24,5.05,GREEN,Normal Hydrological State,0
28.26,74.11,29.83,6.57,1.65,8.25,GREEN,Normal Hydrological State,0
128.18,92.28,40.04,9.27,0.9,78.1,RED,Cloudburst Flash Flood,1
57.43,65.45,19.66,5.38,1.8,7.59,GREEN,Normal Hydrological State,0
49.99,72.09,23.59,6.26,2.43,8.43,GREEN,Normal Hydrological State,0
89.72,81.87,44.17,9.88,1.01,72.21,ORANGE,Cloudburst Flash Flood,1
57.41,61.27,28.14,6.94,1.73,11.64,GREEN,Normal Hydrological State,0
94.2,81.61,26.02,10.46,1.87,73.03,ORANGE,Cloudburst Flash Flood,1
6.21,17.92,21.9,2.73,1.3,5.09,GREEN,Normal Hydrological State,0
0.0,31.71,44.38,1.77,1.29,5.02,GREEN,Normal Hydrological State,0
116.94,78.73,26.05,8.01,0.27,35.37,YELLOW,Cloudburst Flash Flood,0
6.23,38.95,26.55,3.47,0.2,5.19,GREEN,Normal Hydrological State,0
121.34,84.01,30.9,7.99,0.89,43.07,YELLOW,Cloudburst Flash Flood,0
9.94,37.38,10.42,1.99,1.17,5.15,GREEN,Normal Hydrological State,0
3.55,17.37,12.13,3.26,0.59,5.04,GREEN,Normal Hydrological State,0
6.15,28.29,41.72,2.98,0.07,5.19,GREEN,Normal Hydrological State,0
2.01,46.35,30.12,1.33,2.1,5.09,GREEN,Normal Hydrological State,0
0.52,47.97,19.58,2.65,1.29,5.03,GREEN,Normal Hydrological State,0
54.85,79.64,47.18,4.74,1.58,12.07,GREEN,Saturated Soil Runoff,0
0.23,72.03,44.77,9.91,6.32,86.56,RED,Seismic GLOF Warning,1
47.76,60.36,41.12,5.29,1.05,8.61,GREEN,Normal Hydrological State,0
0.0,36.23,5.55,2.73,0.3,5.02,GREEN,Normal Hydrological State,0
64.29,84.92,26.49,11.03,0.62,76.09,RED,River Overflow / Stage Exceeded,1
5.56,65.16,41.22,7.84,5.72,42.02,YELLOW,Seismic GLOF Warning,0
42.59,73.43,46.69,5.91,1.03,9.44,GREEN,Normal Hydrological State,0
2.82,62.25,32.03,8.76,6.75,65.94,ORANGE,Seismic GLOF Warning,1
2.99,29.48,5.6,1.71,0.55,5.04,GREEN,Normal Hydrological State,0
141.58,84.72,37.49,8.94,0.51,72.25,ORANGE,Cloudburst Flash Flood,1
10.54,41.13,35.41,1.58,0.25,5.41,GREEN,Normal Hydrological State,0
0.0,56.23,55.57,10.4,5.11,78.19,RED,Seismic GLOF Warning,1
0.0,52.77,21.6,2.52,1.52,5.02,GREEN,Normal Hydrological State,0
0.0,39.36,30.84,3.42,0.66,5.02,GREEN,Normal Hydrological State,0
81.74,91.64,32.61,8.31,1.37,38.72,YELLOW,Cloudburst Flash Flood,0
7.21,53.23,41.45,4.24,0.35,5.4,GREEN,Normal Hydrological State,0
132.01,84.65,46.73,10.81,1.84,93.11,RED,Cloudburst Flash Flood,1
5.68,46.01,58.82,11.62,4.23,77.87,RED,River Overflow / Stage Exceeded,1
0.0,51.22,39.99,11.81,5.68,93.16,RED,Seismic GLOF Warning,1
5.41,38.92,18.22,2.62,0.7,5.13,GREEN,Normal Hydrological State,0
4.21,34.86,42.24,2.35,0.08,5.17,GREEN,Normal Hydrological State,0
3.92,36.34,20.82,2.45,0.29,5.1,GREEN,Normal Hydrological State,0
0.0,39.97,32.5,0.95,0.33,5.02,GREEN,Normal Hydrological State,0
9.28,18.05,23.29,3.16,0.36,5.13,GREEN,Normal Hydrological State,0
11.76,30.49,17.62,2.23,0.32,5.21,GREEN,Normal Hydrological State,0
0.0,38.57,43.21,7.37,5.19,24.44,GREEN,Seismic GLOF Warning,0
11.6,69.23,41.93,11.62,6.29,96.35,RED,Seismic GLOF Warning,1
15.94,33.19,8.53,3.43,1.19,5.18,GREEN,Normal Hydrological State,0
0.0,52.25,43.93,7.97,5.57,41.1,YELLOW,Seismic GLOF Warning,0
3.15,25.41,12.74,2.35,1.45,5.05,GREEN,Normal Hydrological State,0
8.21,30.62,42.18,2.18,0.5,5.27,GREEN,Normal Hydrological State,0
44.97,63.48,46.34,6.06,2.89,9.01,GREEN,Normal Hydrological State,0
0.75,40.62,23.16,2.36,0.68,5.04,GREEN,Normal Hydrological State,0
82.99,80.37,28.7,9.55,0.16,54.88,YELLOW,Cloudburst Flash Flood,1
8.93,40.95,19.51,2.79,0.46,5.23,GREEN,Normal Hydrological State,0
3.52,47.46,35.97,2.34,0.68,5.17,GREEN,Normal Hydrological State,0
0.77,56.86,31.79,11.42,6.68,93.65,RED,Seismic GLOF Warning,1
3.39,33.67,13.46,1.4,0.28,5.07,GREEN,Normal Hydrological State,0
20.9,24.86,19.56,3.09,0.33,5.32,GREEN,Normal Hydrological State,0
84.6,80.78,49.5,8.93,1.82,55.74,ORANGE,Cloudburst Flash Flood,1
46.38,75.83,19.42,7.02,3.08,10.75,GREEN,River Overflow / Stage Exceeded,0
3.54,21.33,6.73,2.15,0.55,5.04,GREEN,Normal Hydrological State,0
18.77,11.34,28.77,2.52,0.0,5.18,GREEN,Normal Hydrological State,0
4.33,31.91,41.41,1.8,0.73,5.16,GREEN,Normal Hydrological State,0
11.08,34.44,40.99,8.43,4.96,33.93,GREEN,River Overflow / Stage Exceeded,0
56.19,56.41,16.5,4.99,0.85,6.81,GREEN,Normal Hydrological State,0
7.8,51.42,38.87,0.89,0.13,5.4,GREEN,Normal Hydrological State,0
7.81,17.92,18.86,3.61,1.88,5.1,GREEN,Normal Hydrological State,0
0.33,40.37,32.12,3.47,1.99,5.03,GREEN,Normal Hydrological State,0
51.26,66.44,25.52,6.89,1.09,10.85,GREEN,Normal Hydrological State,0
8.43,48.39,19.18,2.28,0.37,5.25,GREEN,Normal Hydrological State,0
0.0,39.76,36.32,0.78,0.91,5.02,GREEN,Normal Hydrological State,0
51.6,58.7,39.49,4.96,1.44,8.71,GREEN,Normal Hydrological State,0
12.59,36.01,38.66,2.53,2.57,5.45,GREEN,Normal Hydrological State,0
54.05,57.44,24.32,6.91,2.17,10.38,GREEN,Normal Hydrological State,0
9.51,44.33,14.71,2.84,1.48,5.21,GREEN,Normal Hydrological State,0
5.87,37.31,17.62,1.54,0.82,5.13,GREEN,Normal Hydrological State,0
11.51,48.05,20.84,2.94,1.68,5.35,GREEN,Normal Hydrological State,0
0.83,59.63,39.61,11.13,5.4,85.14,RED,Seismic GLOF Warning,1
5.97,42.69,42.87,3.36,1.6,5.28,GREEN,Normal Hydrological State,0
7.72,34.27,36.3,2.67,0.28,5.26,GREEN,Normal Hydrological State,0
14.65,36.57,21.83,2.78,1.28,5.36,GREEN,Normal Hydrological State,0
0.52,27.99,42.97,3.45,0.69,5.04,GREEN,Normal Hydrological State,0
4.37,18.4,25.77,0.71,0.73,5.08,GREEN,Normal Hydrological State,0
5.28,38.75,13.2,2.57,0.69,5.11,GREEN,Normal Hydrological State,0
42.22,62.6,38.56,5.15,0.67,8.07,GREEN,Normal Hydrological State,0
2.48,28.77,12.24,2.06,0.62,5.05,GREEN,Normal Hydrological State,0
2.03,33.13,47.68,9.9,4.62,53.27,YELLOW,River Overflow / Stage Exceeded,1
2.46,30.29,18.53,2.58,1.77,5.06,GREEN,Normal Hydrological State,0
5.76,63.57,40.39,9.42,6.31,78.74,RED,Seismic GLOF Warning,1
8.96,47.22,15.84,1.51,0.46,5.22,GREEN,Normal Hydrological State,0
6.96,32.62,32.62,3.28,0.37,5.21,GREEN,Normal Hydrological State,0
1.28,44.55,27.94,1.12,0.27,5.06,GREEN,Normal Hydrological State,0
135.22,87.5,37.87,10.91,1.32,92.41,RED,Cloudburst Flash Flood,1
0.33,21.6,23.62,2.81,1.86,5.03,GREEN,Normal Hydrological State,0
12.28,47.39,16.62,2.86,0.18,5.31,GREEN,Normal Hydrological State,0
7.8,29.64,17.69,2.55,1.4,5.14,GREEN,Normal Hydrological State,0
108.66,87.59,27.47,11.43,1.22,89.45,RED,Cloudburst Flash Flood,1
74.54,82.66,47.36,10.32,0.22,75.39,RED,Cloudburst Flash Flood,1
9.26,49.42,38.07,1.24,0.34,5.45,GREEN,Normal Hydrological State,0
11.8,35.13,20.41,2.19,1.96,5.26,GREEN,Normal Hydrological State,0
74.86,92.74,35.06,8.04,0.34,33.85,GREEN,Cloudburst Flash Flood,0
0.0,19.19,34.71,2.6,0.75,5.02,GREEN,Normal Hydrological State,0
56.91,62.46,23.99,5.15,2.93,7.9,GREEN,Normal Hydrological State,0
1.63,61.59,42.04,7.83,6.32,56.05,ORANGE,Seismic GLOF Warning,1
100.89,94.33,27.05,6.68,1.53,21.8,GREEN,Cloudburst Flash Flood,0
34.5,68.21,25.24,5.47,2.59,6.87,GREEN,Normal Hydrological State,0
1.73,56.0,36.49,8.51,4.92,30.99,GREEN,River Overflow / Stage Exceeded,0
9.86,41.95,20.44,2.49,0.19,5.26,GREEN,Normal Hydrological State,0
6.41,29.71,28.54,1.69,0.26,5.16,GREEN,Normal Hydrological State,0
2.71,42.39,43.21,2.67,0.8,5.14,GREEN,Normal Hydrological State,0
31.42,71.48,29.07,5.63,0.62,7.0,GREEN,Normal Hydrological State,0
0.55,44.47,55.31,9.4,6.96,94.64,RED,Seismic GLOF Warning,1
1.67,32.63,35.78,8.0,7.56,73.85,ORANGE,Seismic GLOF Warning,1
130.7,85.23,44.03,7.81,0.55,56.6,ORANGE,Cloudburst Flash Flood,1
54.59,76.3,44.7,6.6,1.59,13.55,GREEN,Saturated Soil Runoff,0
3.21,21.46,21.11,2.15,0.28,5.06,GREEN,Normal Hydrological State,0
50.62,68.26,36.19,7.06,2.87,13.35,GREEN,River Overflow / Stage Exceeded,0
1.49,47.86,11.1,2.43,0.4,5.05,GREEN,Normal Hydrological State,0
2.96,34.47,8.89,2.69,0.31,5.05,GREEN,Normal Hydrological State,0
9.17,19.02,23.33,0.83,0.69,5.13,GREEN,Normal Hydrological State,0
4.97,26.04,16.9,2.4,1.21,5.09,GREEN,Normal Hydrological State,0
7.55,42.52,27.15,3.84,0.39,5.25,GREEN,Normal Hydrological State,0
3.39,17.04,18.11,2.87,0.89,5.05,GREEN,Normal Hydrological State,0
36.3,60.16,43.02,5.07,2.04,7.66,GREEN,Normal Hydrological State,0
14.65,42.08,38.96,3.25,0.47,5.62,GREEN,Normal Hydrological State,0
4.29,32.51,18.2,1.87,0.11,5.1,GREEN,Normal Hydrological State,0
12.15,25.99,31.65,1.07,0.2,5.28,GREEN,Normal Hydrological State,0
9.51,29.61,39.67,1.22,0.21,5.29,GREEN,Normal Hydrological State,0
0.0,29.91,8.28,3.4,0.41,5.02,GREEN,Normal Hydrological State,0
5.18,25.72,30.45,2.1,1.34,5.13,GREEN,Normal Hydrological State,0
6.33,44.47,52.1,10.36,4.78,69.22,ORANGE,River Overflow / Stage Exceeded,1
14.25,16.64,38.81,4.44,0.03,5.24,GREEN,Normal Hydrological State,0
5.09,36.92,16.68,2.46,0.66,5.11,GREEN,Normal Hydrological State,0
26.1,60.56,26.29,5.19,2.11,6.24,GREEN,Normal Hydrological State,0
0.48,56.87,53.55,8.26,6.41,77.7,RED,Seismic GLOF Warning,1
7.44,52.1,36.0,2.52,0.49,5.37,GREEN,Normal Hydrological State,0
30.67,59.93,44.46,5.7,3.15,7.22,GREEN,Normal Hydrological State,0
137.72,76.8,46.02,7.52,0.67,50.8,YELLOW,Cloudburst Flash Flood,1
1.97,52.57,36.25,2.5,0.22,5.11,GREEN,Normal Hydrological State,0
34.75,70.19,38.64,4.67,1.49,7.79,GREEN,Normal Hydrological State,0
7.81,43.77,34.17,2.64,0.4,5.32,GREEN,Normal Hydrological State,0
98.15,85.29,35.87,9.71,1.03,69.21,ORANGE,Cloudburst Flash Flood,1
4.55,33.91,12.01,2.43,1.25,5.08,GREEN,Normal Hydrological State,0
2.37,38.31,3.59,3.27,0.45,5.03,GREEN,Normal Hydrological State,0
0.0,34.06,28.12,7.88,6.44,39.67,YELLOW,Seismic GLOF Warning,0
1.09,38.35,37.47,3.84,0.16,5.06,GREEN,Normal Hydrological State,0
0.15,38.99,33.33,3.28,0.05,5.03,GREEN,Normal Hydrological State,0
50.94,65.55,36.77,6.23,3.34,9.45,GREEN,Normal Hydrological State,0
1.16,43.94,25.74,0.65,0.0,5.06,GREEN,Normal Hydrological State,0
2.4,21.07,38.24,2.7,0.24,5.07,GREEN,Normal Hydrological State,0
33.96,54.26,46.44,5.21,2.82,7.3,GREEN,Normal Hydrological State,0
3.86,35.56,39.26,2.62,0.7,5.15,GREEN,Normal Hydrological State,0
5.97,49.48,52.3,11.57,5.01,89.4,RED,Seismic GLOF Warning,1
4.54,15.16,14.03,2.87,1.23,5.05,GREEN,Normal Hydrological State,0
136.6,78.88,50.34,8.16,1.93,64.71,ORANGE,Cloudburst Flash Flood,1
26.73,56.65,33.2,6.67,2.19,8.03,GREEN,Normal Hydrological State,0
3.08,36.52,10.9,2.01,0.68,5.06,GREEN,Normal Hydrological State,0
33.23,81.6,20.52,6.39,1.06,7.63,GREEN,Normal Hydrological State,0
2.62,21.76,6.97,2.54,0.18,5.04,GREEN,Normal Hydrological State,0
29.19,57.37,48.65,5.76,1.5,7.13,GREEN,Normal Hydrological State,0
0.14,46.69,14.97,1.9,0.0,5.02,GREEN,Normal Hydrological State,0
9.18,29.87,7.31,2.28,1.27,5.09,GREEN,Normal Hydrological State,0
11.65,72.1,44.71,9.72,5.67,76.96,RED,Seismic GLOF Warning,1
54.37,78.35,15.82,5.98,2.83,7.46,GREEN,Normal Hydrological State,0
2.13,46.08,14.96,2.93,3.0,5.07,GREEN,Normal Hydrological State,0
131.22,99.82,42.64,7.36,1.62,58.57,ORANGE,Cloudburst Flash Flood,1
2.77,69.44,57.19,11.25,4.32,73.71,ORANGE,River Overflow / Stage Exceeded,1
7.59,40.95,28.44,1.52,0.09,5.26,GREEN,Normal Hydrological State,0
4.36,13.53,8.08,2.34,1.52,5.04,GREEN,Normal Hydrological State,0
3.05,53.98,44.99,2.81,1.04,5.19,GREEN,Normal Hydrological State,0
6.93,17.6,8.84,2.4,0.29,5.06,GREEN,Normal Hydrological State,0
6.34,28.65,22.98,1.56,1.07,5.14,GREEN,Normal Hydrological State,0
140.38,78.96,28.8,11.24,2.42,90.62,RED,Cloudburst Flash Flood,1
13.45,55.85,4.09,2.34,1.54,5.14,GREEN,Normal Hydrological State,0
6.74,46.31,32.42,0.64,0.36,5.28,GREEN,Normal Hydrological State,0
11.6,40.88,6.55,3.28,0.69,5.13,GREEN,Normal Hydrological State,0
19.88,29.77,35.16,1.41,0.23,5.55,GREEN,Normal Hydrological State,0
52.99,76.78,49.95,6.89,2.79,15.79,GREEN,Saturated Soil Runoff,0
0.52,42.05,57.44,7.51,4.9,26.24,GREEN,Seismic GLOF Warning,0
5.0,29.09,29.77,3.0,1.58,5.13,GREEN,Normal Hydrological State,0
0.0,64.31,29.94,8.77,6.36,55.69,ORANGE,Seismic GLOF Warning,1
6.72,33.91,34.74,3.25,0.37,5.22,GREEN,Normal Hydrological State,0
5.89,30.0,20.31,4.52,0.97,5.12,GREEN,Normal Hydrological State,0
4.54,21.42,39.58,1.98,1.0,5.11,GREEN,Normal Hydrological State,0
3.36,30.69,5.5,3.44,0.16,5.04,GREEN,Normal Hydrological State,0
4.62,38.14,27.87,2.98,0.65,5.15,GREEN,Normal Hydrological State,0
10.51,45.33,41.66,2.87,0.5,5.5,GREEN,Normal Hydrological State,0
3.86,51.25,30.21,1.98,0.19,5.18,GREEN,Normal Hydrological State,0
12.88,32.13,41.17,0.85,0.68,5.43,GREEN,Normal Hydrological State,0
13.87,55.1,17.43,3.16,1.14,5.42,GREEN,Normal Hydrological State,0
2.45,48.84,23.09,2.56,0.27,5.1,GREEN,Normal Hydrological State,0
6.2,49.55,8.01,3.31,0.09,5.11,GREEN,Normal Hydrological State,0
82.34,77.26,49.92,8.75,0.85,50.06,YELLOW,Cloudburst Flash Flood,1
3.28,52.22,39.02,2.76,0.1,5.18,GREEN,Normal Hydrological State,0
2.07,50.94,29.43,2.89,0.51,5.1,GREEN,Normal Hydrological State,0
5.18,45.06,11.0,1.8,0.46,5.1,GREEN,Normal Hydrological State,0
25.32,66.23,35.14,6.07,3.12,6.74,GREEN,Normal Hydrological State,0
55.02,56.17,28.6,5.88,3.34,7.87,GREEN,Normal Hydrological State,0
7.23,28.99,24.23,2.79,1.67,5.16,GREEN,Normal Hydrological State,0
103.48,90.12,54.42,10.69,1.96,90.76,RED,Cloudburst Flash Flood,1
1.73,42.3,37.12,2.23,1.82,5.09,GREEN,Normal Hydrological State,0
2.79,40.48,31.77,1.13,0.61,5.11,GREEN,Normal Hydrological State,0
7.89,21.59,9.29,3.0,0.21,5.07,GREEN,Normal Hydrological State,0
31.94,57.58,34.25,5.39,1.91,6.82,GREEN,Normal Hydrological State,0
2.69,20.27,31.13,2.91,0.15,5.06,GREEN,Normal Hydrological State,0
110.18,82.33,39.68,10.91,0.14,88.44,RED,Cloudburst Flash Flood,1
118.28,86.93,51.5,8.66,1.06,70.45,ORANGE,Cloudburst Flash Flood,1
31.11,69.92,24.88,5.5,1.17,6.69,GREEN,Normal Hydrological State,0
3.51,51.94,27.54,3.24,0.88,5.15,GREEN,Normal Hydrological State,0
4.22,33.94,27.74,1.89,0.02,5.13,GREEN,Normal Hydrological State,0
1.23,22.98,39.9,2.28,0.05,5.05,GREEN,Normal Hydrological State,0
12.3,46.69,15.31,2.79,2.77,5.29,GREEN,Normal Hydrological State,0
51.75,58.44,35.27,6.11,2.82,8.53,GREEN,Normal Hydrological State,0
14.13,43.29,13.88,2.74,0.49,5.29,GREEN,Normal Hydrological State,0
7.0,42.72,31.82,1.32,0.08,5.27,GREEN,Normal Hydrological State,0
4.31,20.89,37.69,3.33,0.39,5.1,GREEN,Normal Hydrological State,0
41.75,57.75,24.97,6.86,1.95,9.36,GREEN,Normal Hydrological State,0
26.85,73.39,21.25,4.6,2.86,6.33,GREEN,Normal Hydrological State,0
2.84,59.92,30.74,10.51,5.13,68.2,ORANGE,River Overflow / Stage Exceeded,1
4.34,30.57,22.15,1.01,0.25,5.1,GREEN,Normal Hydrological State,0
10.53,26.11,17.33,2.81,0.0,5.16,GREEN,Normal Hydrological State,0
49.52,79.41,24.76,5.0,3.32,8.38,GREEN,Normal Hydrological State,0
139.35,92.58,44.23,8.9,2.34,79.87,RED,Cloudburst Flash Flood,1
10.11,16.61,10.76,3.55,0.55,5.08,GREEN,Normal Hydrological State,0
14.61,48.32,41.76,3.94,0.7,5.75,GREEN,Normal Hydrological State,0
5.36,54.51,37.86,1.78,0.05,5.29,GREEN,Normal Hydrological State,0
10.82,20.1,44.87,2.93,0.62,5.25,GREEN,Normal Hydrological State,0
85.93,77.36,32.26,11.42,0.88,86.06,RED,Cloudburst Flash Flood,1
1.78,38.01,13.06,0.98,1.38,5.05,GREEN,Normal Hydrological State,0
3.41,20.76,14.64,1.87,0.22,5.05,GREEN,Normal Hydrological State,0
4.79,41.85,46.01,1.59,0.23,5.23,GREEN,Normal Hydrological State,0
6.64,19.47,31.56,1.74,0.88,5.12,GREEN,Normal Hydrological State,0
3.74,38.31,37.17,2.49,0.08,5.15,GREEN,Normal Hydrological State,0
56.1,62.06,14.12,4.92,1.49,6.76,GREEN,Normal Hydrological State,0
0.0,16.49,20.92,2.83,0.05,5.02,GREEN,Normal Hydrological State,0
39.62,72.44,48.82,4.93,0.7,9.11,GREEN,Normal Hydrological State,0
9.09,41.55,16.58,0.74,1.13,5.21,GREEN,Normal Hydrological State,0
1.47,37.23,32.4,3.97,0.17,5.07,GREEN,Normal Hydrological State,0
0.03,41.11,39.66,2.51,0.27,5.02,GREEN,Normal Hydrological State,0
120.3,88.83,27.95,8.02,2.01,42.54,YELLOW,Cloudburst Flash Flood,0
2.71,44.83,34.79,10.59,6.47,88.19,RED,Seismic GLOF Warning,1
117.99,98.02,41.92,7.73,1.58,55.71,ORANGE,Cloudburst Flash Flood,1
2.65,38.52,16.59,2.66,0.63,5.07,GREEN,Normal Hydrological State,0
52.52,67.42,18.91,5.34,1.86,7.33,GREEN,Normal Hydrological State,0
6.03,33.64,59.45,7.21,7.66,93.7,RED,Seismic GLOF Warning,1
6.97,46.38,37.09,4.37,0.55,5.32,GREEN,Normal Hydrological State,0
138.1,92.59,34.79,9.53,0.65,80.6,RED,Cloudburst Flash Flood,1
5.96,56.44,38.1,9.2,5.02,46.69,YELLOW,River Overflow / Stage Exceeded,0
0.13,58.91,49.21,8.92,7.35,92.63,RED,Seismic GLOF Warning,1
4.65,53.89,5.34,2.07,0.87,5.07,GREEN,Normal Hydrological State,0
8.44,60.73,41.74,7.73,7.44,79.26,RED,Seismic GLOF Warning,1
3.0,21.1,29.83,2.24,0.09,5.07,GREEN,Normal Hydrological State,0
2.91,23.69,33.64,2.72,0.12,5.08,GREEN,Normal Hydrological State,0
2.9,51.52,29.46,1.63,0.43,5.14,GREEN,Normal Hydrological State,0
12.08,55.71,29.51,1.71,0.15,5.56,GREEN,Normal Hydrological State,0
106.64,95.44,42.44,11.16,0.36,92.76,RED,Cloudburst Flash Flood,1
5.58,45.3,27.78,2.83,0.33,5.21,GREEN,Normal Hydrological State,0
16.83,25.9,31.65,2.54,0.31,5.38,GREEN,Normal Hydrological State,0
6.86,33.52,20.57,2.27,0.59,5.16,GREEN,Normal Hydrological State,0
10.97,16.82,33.65,3.19,0.19,5.18,GREEN,Normal Hydrological State,0
11.17,47.71,28.19,3.99,0.06,5.43,GREEN,Normal Hydrological State,0
13.66,40.22,43.69,2.64,0.48,5.6,GREEN,Normal Hydrological State,0
36.65,64.34,27.48,4.47,0.6,7.02,GREEN,Normal Hydrological State,0
8.14,42.9,46.39,3.82,3.07,5.39,GREEN,Normal Hydrological State,0
4.62,19.12,9.35,3.71,0.4,5.05,GREEN,Normal Hydrological State,0
33.22,57.31,48.79,5.14,2.96,7.48,GREEN,Normal Hydrological State,0
99.5,88.01,48.63,7.72,0.91,45.6,YELLOW,Cloudburst Flash Flood,0
8.55,54.2,19.21,1.75,0.0,5.28,GREEN,Normal Hydrological State,0
10.96,45.92,30.13,0.55,0.22,5.42,GREEN,Normal Hydrological State,0
26.5,74.61,18.22,6.53,0.9,7.29,GREEN,Normal Hydrological State,0
2.0,34.97,31.09,2.56,0.43,5.08,GREEN,Normal Hydrological State,0
37.57,77.58,19.8,5.88,3.15,6.94,GREEN,Normal Hydrological State,0
0.51,49.7,8.8,1.91,0.02,5.03,GREEN,Normal Hydrological State,0
26.68,72.41,35.04,6.41,0.88,7.82,GREEN,Normal Hydrological State,0
5.83,23.64,35.67,2.75,0.13,5.14,GREEN,Normal Hydrological State,0
13.08,52.9,13.79,1.85,0.34,5.32,GREEN,Normal Hydrological State,0
15.34,46.13,30.01,1.21,2.94,5.59,GREEN,Normal Hydrological State,0
80.67,83.18,36.5,7.35,1.7,24.87,GREEN,Cloudburst Flash Flood,0
5.98,41.72,33.54,9.58,5.36,57.2,ORANGE,River Overflow / Stage Exceeded,1
6.86,28.87,39.34,3.55,0.78,5.21,GREEN,Normal Hydrological State,0
1.75,42.66,43.19,2.84,0.6,5.1,GREEN,Normal Hydrological State,0
12.32,48.79,37.5,0.98,1.32,5.59,GREEN,Normal Hydrological State,0
88.05,99.71,52.18,7.32,0.21,41.9,YELLOW,Cloudburst Flash Flood,0
131.81,84.29,35.37,6.89,1.3,35.82,YELLOW,Cloudburst Flash Flood,0
54.8,64.74,38.55,4.81,0.52,9.45,GREEN,Normal Hydrological State,0
105.22,92.97,39.85,8.51,2.13,57.78,ORANGE,Cloudburst Flash Flood,1
51.09,74.58,25.5,5.64,1.52,8.34,GREEN,Normal Hydrological State,0
100.83,93.63,50.42,9.58,0.36,79.04,RED,Cloudburst Flash Flood,1
0.0,20.73,11.37,1.52,1.16,5.02,GREEN,Normal Hydrological State,0
130.3,83.94,36.16,8.19,0.16,54.64,YELLOW,Cloudburst Flash Flood,1
13.02,23.68,20.64,3.08,0.19,5.2,GREEN,Normal Hydrological State,0
0.0,50.97,7.28,2.5,0.83,5.02,GREEN,Normal Hydrological State,0
5.03,49.03,35.12,0.56,0.06,5.24,GREEN,Normal Hydrological State,0
153.05,91.35,32.46,8.8,1.98,72.68,ORANGE,Cloudburst Flash Flood,1
1.73,67.04,41.86,8.12,6.64,67.54,ORANGE,Seismic GLOF Warning,1
2.86,14.06,29.66,1.92,1.7,5.05,GREEN,Normal Hydrological State,0
4.14,25.52,36.83,1.61,3.09,5.12,GREEN,Normal Hydrological State,0
0.59,19.0,5.3,2.22,0.05,5.02,GREEN,Normal Hydrological State,0
93.73,93.66,40.13,7.49,0.11,37.01,YELLOW,Cloudburst Flash Flood,0
5.0,19.26,19.13,2.85,0.91,5.07,GREEN,Normal Hydrological State,0
41.04,73.74,31.8,5.9,3.45,8.07,GREEN,Normal Hydrological State,0
51.52,58.16,20.41,4.81,1.22,7.05,GREEN,Normal Hydrological State,0
2.14,41.41,30.12,2.92,0.21,5.09,GREEN,Normal Hydrological State,0
32.49,54.14,29.08,5.29,1.36,6.52,GREEN,Normal Hydrological State,0
12.68,51.39,25.94,1.48,0.04,5.49,GREEN,Normal Hydrological State,0
52.97,76.15,17.15,6.21,2.04,7.86,GREEN,Normal Hydrological State,0
3.32,44.24,12.33,2.14,0.4,5.08,GREEN,Normal Hydrological State,0
3.95,25.08,23.89,1.69,0.57,5.09,GREEN,Normal Hydrological State,0
11.89,46.16,22.58,2.29,0.62,5.37,GREEN,Normal Hydrological State,0
9.78,44.79,25.09,2.23,1.2,5.32,GREEN,Normal Hydrological State,0
5.47,18.84,42.61,3.58,1.88,5.12,GREEN,Normal Hydrological State,0
52.55,72.3,26.06,4.8,2.88,8.4,GREEN,Normal Hydrological State,0
47.72,76.45,47.51,4.41,1.72,10.53,GREEN,Normal Hydrological State,0
42.59,60.39,22.8,6.77,2.85,9.0,GREEN,Normal Hydrological State,0
7.6,25.39,26.02,3.46,0.33,5.16,GREEN,Normal Hydrological State,0
112.79,93.54,44.69,10.72,1.5,91.14,RED,Cloudburst Flash Flood,1
4.31,52.56,12.79,1.82,0.19,5.11,GREEN,Normal Hydrological State,0
19.53,21.89,4.35,2.58,0.09,5.09,GREEN,Normal Hydrological State,0
5.46,73.11,39.08,10.68,6.93,94.32,RED,Seismic GLOF Warning,1
35.44,71.19,21.87,6.42,1.24,7.67,GREEN,Normal Hydrological State,0
18.45,17.33,31.76,3.1,1.6,5.28,GREEN,Normal Hydrological State,0
0.9,32.19,46.37,10.18,7.46,96.81,RED,Seismic GLOF Warning,1
3.75,49.34,33.7,8.86,6.02,56.63,ORANGE,Seismic GLOF Warning,1
7.11,40.47,19.13,1.73,0.58,5.18,GREEN,Normal Hydrological State,0
6.0,54.89,18.77,2.43,0.72,5.2,GREEN,Normal Hydrological State,0
10.82,52.83,24.61,3.32,0.2,5.41,GREEN,Normal Hydrological State,0
5.73,20.87,37.1,2.23,0.45,5.13,GREEN,Normal Hydrological State,0
0.41,63.6,41.05,11.27,7.34,97.75,RED,Seismic GLOF Warning,1
5.28,37.6,16.16,3.52,0.27,5.12,GREEN,Normal Hydrological State,0
0.22,16.71,25.77,3.53,0.39,5.02,GREEN,Normal Hydrological State,0
1.79,52.4,19.98,3.07,1.55,5.07,GREEN,Normal Hydrological State,0
5.35,31.31,43.2,2.19,1.04,5.19,GREEN,Normal Hydrological State,0
5.65,44.66,6.85,3.26,0.7,5.08,GREEN,Normal Hydrological State,0
14.15,40.35,42.19,3.06,0.18,5.61,GREEN,Normal Hydrological State,0
6.07,38.2,31.17,2.87,0.73,5.21,GREEN,Normal Hydrological State,0
3.03,38.15,35.42,2.45,0.14,5.12,GREEN,Normal Hydrological State,0
116.78,84.99,25.75,10.61,0.99,80.77,RED,Cloudburst Flash Flood,1
87.75,80.09,39.28,6.93,0.12,23.03,GREEN,Cloudburst Flash Flood,0
1.79,47.2,36.92,2.94,0.2,5.1,GREEN,Normal Hydrological State,0
11.57,53.9,43.59,1.58,0.37,5.68,GREEN,Normal Hydrological State,0
34.0,67.86,51.69,6.1,0.65,8.41,GREEN,Normal Hydrological State,0
3.92,39.25,45.0,3.6,0.07,5.18,GREEN,Normal Hydrological State,0
0.0,41.78,42.26,9.58,7.35,92.29,RED,Seismic GLOF Warning,1
11.55,41.84,18.27,3.38,0.18,5.28,GREEN,Normal Hydrological State,0
7.39,30.49,41.69,2.14,0.0,5.24,GREEN,Normal Hydrological State,0
2.91,23.97,37.62,3.56,0.66,5.08,GREEN,Normal Hydrological State,0
11.01,39.64,43.03,7.57,5.75,41.04,YELLOW,Seismic GLOF Warning,0
89.52,93.17,33.41,10.38,0.38,78.03,RED,Cloudburst Flash Flood,1
57.45,69.4,48.37,5.34,2.96,11.35,GREEN,Saturated Soil Runoff,0
9.49,48.76,43.63,1.98,1.39,5.5,GREEN,Normal Hydrological State,0
0.14,41.51,39.97,1.52,0.12,5.03,GREEN,Normal Hydrological State,0
3.01,53.31,42.14,3.31,1.08,5.18,GREEN,Normal Hydrological State,0
6.21,44.7,34.88,2.86,0.95,5.26,GREEN,Normal Hydrological State,0
2.8,35.53,29.58,2.46,0.34,5.1,GREEN,Normal Hydrological State,0
1.54,38.39,23.56,2.71,1.25,5.06,GREEN,Normal Hydrological State,0
13.5,35.92,40.36,2.98,0.11,5.5,GREEN,Normal Hydrological State,0
3.6,52.45,24.4,3.46,0.21,5.15,GREEN,Normal Hydrological State,0
123.97,94.22,50.27,10.73,1.26,94.03,RED,Cloudburst Flash Flood,1
6.46,24.35,43.57,0.91,0.22,5.18,GREEN,Normal Hydrological State,0
10.84,53.31,9.91,3.0,0.66,5.21,GREEN,Normal Hydrological State,0
76.26,83.65,54.16,9.99,1.7,73.37,ORANGE,Cloudburst Flash Flood,1
3.19,49.12,26.7,3.58,1.33,5.13,GREEN,Normal Hydrological State,0
53.59,74.9,35.09,5.11,1.64,9.81,GREEN,Normal Hydrological State,0
128.98,92.94,35.81,8.38,0.56,62.04,ORANGE,Cloudburst Flash Flood,1
55.99,67.59,14.85,6.46,2.56,8.06,GREEN,Normal Hydrological State,0
8.77,56.7,22.01,2.41,0.84,5.33,GREEN,Normal Hydrological State,0
35.38,71.45,41.37,5.29,1.95,8.08,GREEN,Normal Hydrological State,0
2.37,57.81,54.61,9.74,7.0,95.92,RED,Seismic GLOF Warning,1
8.79,46.12,24.39,1.93,0.21,5.29,GREEN,Normal Hydrological State,0
61.73,68.29,36.79,4.87,0.63,10.37,GREEN,Normal Hydrological State,0
5.63,50.13,33.82,4.33,0.99,5.26,GREEN,Normal Hydrological State,0
7.04,22.15,36.11,2.71,0.86,5.16,GREEN,Normal Hydrological State,0
10.53,40.62,15.14,1.42,0.23,5.22,GREEN,Normal Hydrological State,0
8.19,43.46,41.37,3.22,0.92,5.37,GREEN,Normal Hydrological State,0
8.54,30.12,32.49,3.16,0.51,5.23,GREEN,Normal Hydrological State,0
6.68,50.37,35.75,10.7,4.8,69.26,ORANGE,River Overflow / Stage Exceeded,1
54.58,73.83,39.23,4.61,3.16,10.36,GREEN,Normal Hydrological State,0
24.95,33.52,16.72,2.69,0.15,5.45,GREEN,Normal Hydrological State,0
1.06,34.69,17.05,1.17,1.08,5.04,GREEN,Normal Hydrological State,0
43.0,62.36,27.78,6.0,1.68,7.36,GREEN,Normal Hydrological State,0
1.84,16.33,40.0,2.88,0.12,5.05,GREEN,Normal Hydrological State,0
11.84,36.44,34.42,1.7,0.72,5.4,GREEN,Normal Hydrological State,0
2.22,38.9,6.93,2.04,0.25,5.04,GREEN,Normal Hydrological State,0
99.74,85.07,41.43,11.23,1.89,90.37,RED,Cloudburst Flash Flood,1
1.48,21.95,16.47,2.52,0.33,5.04,GREEN,Normal Hydrological State,0
57.39,71.12,42.57,6.53,3.27,12.71,GREEN,Normal Hydrological State,0
26.25,62.61,16.65,6.38,1.11,6.56,GREEN,Normal Hydrological State,0
2.52,21.36,42.66,2.84,0.25,5.07,GREEN,Normal Hydrological State,0
0.89,19.54,19.79,2.63,0.19,5.03,GREEN,Normal Hydrological State,0
2.59,19.74,25.68,2.34,1.16,5.06,GREEN,Normal Hydrological State,0
16.68,37.5,43.33,9.22,6.3,79.62,RED,Seismic GLOF Warning,1
3.09,30.59,35.88,1.63,0.28,5.1,GREEN,Normal Hydrological State,0
14.42,41.03,38.78,3.23,1.08,5.59,GREEN,Normal Hydrological State,0
128.94,72.79,42.7,7.33,1.88,39.47,YELLOW,Cloudburst Flash Flood,0
2.18,56.3,38.76,9.15,6.33,72.95,ORANGE,Seismic GLOF Warning,1
28.11,77.2,16.67,4.11,0.99,6.2,GREEN,Normal Hydrological State,0
9.54,32.74,7.72,3.13,0.49,5.11,GREEN,Normal Hydrological State,0
114.17,87.98,25.86,9.96,2.07,71.59,ORANGE,Cloudburst Flash Flood,1
56.25,66.23,31.73,6.68,1.25,11.18,GREEN,Normal Hydrological State,0
7.4,19.54,18.99,2.47,0.0,5.1,GREEN,Normal Hydrological State,0
1.55,25.38,19.12,2.31,0.35,5.04,GREEN,Normal Hydrological State,0
1.86,40.38,56.93,7.99,4.6,24.4,GREEN,River Overflow / Stage Exceeded,0
1.9,32.42,26.09,4.71,0.6,5.06,GREEN,Normal Hydrological State,0
0.0,50.18,34.79,7.04,6.25,33.38,GREEN,Seismic GLOF Warning,0
7.88,23.05,22.35,2.28,0.0,5.13,GREEN,Normal Hydrological State,0
3.81,22.66,42.13,1.3,0.4,5.11,GREEN,Normal Hydrological State,0
7.62,34.56,34.18,3.09,0.72,5.25,GREEN,Normal Hydrological State,0
7.34,35.29,42.42,3.85,0.07,5.28,GREEN,Normal Hydrological State,0
5.95,45.72,30.35,2.61,0.22,5.24,GREEN,Normal Hydrological State,0
50.0,62.65,33.29,4.98,1.44,8.34,GREEN,Normal Hydrological State,0
10.37,45.39,40.54,1.59,1.06,5.49,GREEN,Normal Hydrological State,0
8.19,19.03,23.3,3.19,0.14,5.12,GREEN,Normal Hydrological State,0
2.36,29.45,35.1,3.46,0.74,5.08,GREEN,Normal Hydrological State,0
73.04,86.56,26.46,8.64,1.17,35.75,YELLOW,Cloudburst Flash Flood,0
15.91,15.81,19.52,3.57,0.08,5.16,GREEN,Normal Hydrological State,0
5.0,22.27,38.13,2.99,0.28,5.12,GREEN,Normal Hydrological State,0
8.86,42.96,12.26,3.53,0.14,5.17,GREEN,Normal Hydrological State,0
6.23,38.18,60.33,11.88,6.11,98.42,RED,Seismic GLOF Warning,1
0.28,18.5,15.75,1.89,0.34,5.02,GREEN,Normal Hydrological State,0
0.27,36.55,42.44,2.46,0.4,5.03,GREEN,Normal Hydrological State,0
17.38,50.56,20.52,3.24,0.26,5.55,GREEN,Normal Hydrological State,0
9.65,38.03,42.66,3.17,1.17,5.39,GREEN,Normal Hydrological State,0
13.71,50.42,15.77,2.93,0.33,5.36,GREEN,Normal Hydrological State,0
111.48,76.88,25.55,8.89,0.41,47.27,YELLOW,Cloudburst Flash Flood,0
3.21,19.09,20.09,2.35,0.11,5.06,GREEN,Normal Hydrological State,0
1.12,53.08,43.41,2.57,1.34,5.08,GREEN,Normal Hydrological State,0
30.72,27.13,41.95,2.3,0.04,5.89,GREEN,Normal Hydrological State,0
17.7,52.2,8.32,1.71,0.33,5.29,GREEN,Normal Hydrological State,0
0.19,45.08,11.17,2.51,1.21,5.02,GREEN,Normal Hydrological State,0
9.35,27.61,44.46,1.66,0.27,5.29,GREEN,Normal Hydrological State,0
44.88,75.65,41.95,4.71,2.25,9.52,GREEN,Normal Hydrological State,0
3.92,55.55,30.56,0.9,0.17,5.19,GREEN,Normal Hydrological State,0
9.59,66.16,35.29,11.15,6.14,91.21,RED,Seismic GLOF Warning,1
10.56,31.59,23.86,2.0,0.09,5.24,GREEN,Normal Hydrological State,0
109.17,87.64,49.85,11.43,0.79,94.62,RED,Cloudburst Flash Flood,1
5.92,45.45,39.99,1.99,0.47,5.28,GREEN,Normal Hydrological State,0
2.46,29.42,14.41,2.07,0.31,5.05,GREEN,Normal Hydrological State,0
13.26,33.54,35.73,2.91,0.47,5.42,GREEN,Normal Hydrological State,0
138.73,93.39,46.56,7.95,2.03,69.67,ORANGE,Cloudburst Flash Flood,1
32.23,59.91,46.19,6.38,0.95,8.25,GREEN,Normal Hydrological State,0
2.62,72.47,45.05,8.44,6.87,80.32,RED,Seismic GLOF Warning,1
2.75,22.47,12.17,2.82,0.36,5.04,GREEN,Normal Hydrological State,0
5.9,31.96,42.13,1.95,1.07,5.21,GREEN,Normal Hydrological State,0
51.93,66.44,34.05,5.23,0.85,8.85,GREEN,Normal Hydrological State,0
73.49,98.16,48.23,8.81,2.23,55.05,ORANGE,Cloudburst Flash Flood,1
2.42,48.11,50.05,10.61,5.41,84.28,RED,Seismic GLOF Warning,1
1.87,34.25,20.02,3.44,0.45,5.06,GREEN,Normal Hydrological State,0
0.0,41.46,20.31,2.52,1.13,5.02,GREEN,Normal Hydrological State,0
17.16,43.25,37.21,1.11,0.26,5.73,GREEN,Normal Hydrological State,0
0.0,35.37,40.87,7.98,4.49,18.45,GREEN,River Overflow / Stage Exceeded,0
3.21,18.16,17.82,3.43,0.55,5.05,GREEN,Normal Hydrological State,0
0.0,38.58,26.12,4.55,1.17,5.02,GREEN,Normal Hydrological State,0
8.15,62.19,57.14,8.89,7.03,94.38,RED,Seismic GLOF Warning,1
0.0,23.74,17.58,2.49,0.18,5.02,GREEN,Normal Hydrological State,0
2.24,31.86,18.01,3.71,0.13,5.06,GREEN,Normal Hydrological State,0
18.7,47.59,15.67,2.69,0.47,5.45,GREEN,Normal Hydrological State,0
10.64,39.99,40.02,2.32,0.15,5.44,GREEN,Normal Hydrological State,0
30.22,63.06,23.0,5.75,2.72,6.37,GREEN,Normal Hydrological State,0
0.02,39.73,7.61,2.42,0.16,5.02,GREEN,Normal Hydrological State,0
6.34,37.6,4.92,1.72,3.08,5.07,GREEN,Normal Hydrological State,0
8.02,29.36,29.71,3.56,0.21,5.2,GREEN,Normal Hydrological State,0
8.69,36.51,35.13,1.88,0.55,5.3,GREEN,Normal Hydrological State,0
4.64,54.9,44.87,2.23,2.1,5.28,GREEN,Normal Hydrological State,0
1.47,37.25,33.16,11.4,4.61,76.14,RED,River Overflow / Stage Exceeded,1
2.69,54.45,57.31,9.95,4.77,63.05,ORANGE,River Overflow / Stage Exceeded,1
7.73,36.25,53.76,11.73,7.52,99.0,RED,Seismic GLOF Warning,1
3.82,37.9,56.25,10.69,6.64,97.26,RED,Seismic GLOF Warning,1
8.68,47.3,24.57,3.17,0.22,5.3,GREEN,Normal Hydrological State,0
6.56,46.11,4.7,2.71,0.8,5.08,GREEN,Normal Hydrological State,0
2.27,40.33,38.12,3.24,0.2,5.1,GREEN,Normal Hydrological State,0
3.55,54.7,21.27,3.15,0.22,5.14,GREEN,Normal Hydrological State,0
2.07,18.11,25.8,1.62,0.37,5.05,GREEN,Normal Hydrological State,0
11.55,26.1,35.97,3.3,0.41,5.29,GREEN,Normal Hydrological State,0
1.76,33.08,21.57,1.4,0.16,5.06,GREEN,Normal Hydrological State,0
0.51,50.33,36.61,1.79,0.6,5.04,GREEN,Normal Hydrological State,0
0.0,34.35,43.93,2.19,0.9,5.02,GREEN,Normal Hydrological State,0
7.57,30.07,34.59,2.85,0.85,5.22,GREEN,Normal Hydrological State,0
9.03,22.49,31.5,2.42,0.0,5.18,GREEN,Normal Hydrological State,0
0.64,16.73,18.11,3.09,0.68,5.03,GREEN,Normal Hydrological State,0
29.03,62.3,23.7,6.0,3.02,6.32,GREEN,Normal Hydrological State,0
0.0,32.78,8.02,4.1,1.88,5.02,GREEN,Normal Hydrological State,0
2.55,38.13,23.69,1.66,0.3,5.08,GREEN,Normal Hydrological State,0
4.87,32.15,36.22,10.22,4.61,55.62,ORANGE,River Overflow / Stage Exceeded,1
29.79,72.82,33.54,5.83,0.61,7.16,GREEN,Normal Hydrological State,0
1.18,41.12,37.41,11.81,7.14,97.8,RED,Seismic GLOF Warning,1
58.74,73.9,14.75,4.69,2.0,7.36,GREEN,Normal Hydrological State,0
119.58,93.17,37.36,9.81,0.88,81.05,RED,Cloudburst Flash Flood,1
3.08,41.77,51.83,10.55,4.77,71.45,ORANGE,River Overflow / Stage Exceeded,1
8.01,61.76,31.5,8.4,4.54,23.18,GREEN,River Overflow / Stage Exceeded,0
0.0,42.68,13.53,2.28,1.23,5.02,GREEN,Normal Hydrological State,0
14.74,23.81,15.7,2.52,0.41,5.19,GREEN,Normal Hydrological State,0
88.18,78.31,38.73,10.48,0.08,77.33,RED,Cloudburst Flash Flood,1
0.0,16.89,31.28,2.56,0.21,5.02,GREEN,Normal Hydrological State,0
10.12,40.49,22.0,1.84,0.53,5.28,GREEN,Normal Hydrological State,0
30.21,56.27,35.13,5.92,0.69,6.7,GREEN,Normal Hydrological State,0
1.74,51.09,36.58,4.09,0.85,5.1,GREEN,Normal Hydrological State,0
88.22,86.25,48.8,11.2,2.44,90.03,RED,Cloudburst Flash Flood,1
8.58,15.36,23.38,3.08,1.27,5.11,GREEN,Normal Hydrological State,0
10.14,37.48,42.88,1.8,0.27,5.41,GREEN,Normal Hydrological State,0
35.57,60.36,50.05,5.77,0.66,7.92,GREEN,Normal Hydrological State,0
3.34,37.1,15.52,1.65,0.31,5.08,GREEN,Normal Hydrological State,0
48.4,69.13,44.88,5.17,2.4,9.7,GREEN,Normal Hydrological State,0
146.92,94.86,35.69,8.91,1.23,77.14,RED,Cloudburst Flash Flood,1
12.36,36.76,39.06,2.87,0.27,5.46,GREEN,Normal Hydrological State,0
3.62,46.03,16.49,3.75,0.5,5.1,GREEN,Normal Hydrological State,0
0.62,39.61,30.11,2.98,0.11,5.04,GREEN,Normal Hydrological State,0
104.26,94.12,53.29,7.48,1.92,50.85,YELLOW,Cloudburst Flash Flood,1
0.0,71.82,39.94,10.08,5.12,64.9,ORANGE,River Overflow / Stage Exceeded,1
45.55,67.97,41.94,4.79,1.25,9.01,GREEN,Normal Hydrological State,0
134.76,93.83,36.33,11.26,2.11,94.71,RED,Cloudburst Flash Flood,1
0.26,50.33,29.58,1.79,0.35,5.03,GREEN,Normal Hydrological State,0
0.29,40.7,23.34,2.27,0.24,5.03,GREEN,Normal Hydrological State,0
56.54,69.42,30.0,4.7,2.29,9.04,GREEN,Normal Hydrological State,0
8.51,41.08,19.28,4.15,0.0,5.22,GREEN,Normal Hydrological State,0
25.31,60.17,44.71,5.42,2.98,6.8,GREEN,Normal Hydrological State,0
4.34,52.91,26.38,0.87,0.64,5.18,GREEN,Normal Hydrological State,0
6.79,17.78,7.23,1.42,0.43,5.05,GREEN,Normal Hydrological State,0
0.0,47.74,23.51,2.59,0.14,5.02,GREEN,Normal Hydrological State,0
6.12,33.5,25.68,1.9,0.0,5.16,GREEN,Normal Hydrological State,0
72.28,98.86,39.44,10.55,0.2,79.33,RED,Cloudburst Flash Flood,1
8.91,35.65,26.07,4.6,1.23,5.25,GREEN,Normal Hydrological State,0
3.55,30.09,20.94,2.79,0.68,5.08,GREEN,Normal Hydrological State,0
84.81,91.44,39.82,10.12,0.54,75.48,RED,Cloudburst Flash Flood,1
50.01,77.27,27.97,6.54,0.48,10.28,GREEN,Normal Hydrological State,0
1.18,42.34,8.44,1.8,1.76,5.04,GREEN,Normal Hydrological State,0
33.28,62.6,16.5,6.19,2.28,6.41,GREEN,Normal Hydrological State,0
13.27,49.49,27.38,2.18,0.21,5.51,GREEN,Normal Hydrological State,0
3.95,54.07,28.17,1.57,0.09,5.18,GREEN,Normal Hydrological State,0
8.46,55.11,22.62,1.83,0.58,5.32,GREEN,Normal Hydrological State,0
6.46,56.0,34.27,7.59,4.28,12.89,GREEN,River Overflow / Stage Exceeded,0
119.67,92.61,27.35,7.6,1.03,37.07,YELLOW,Cloudburst Flash Flood,0
0.0,68.2,42.43,10.72,5.07,75.98,RED,River Overflow / Stage Exceeded,1
4.59,42.84,34.23,3.1,0.0,5.19,GREEN,Normal Hydrological State,0
38.4,60.75,37.82,4.55,2.33,7.6,GREEN,Normal Hydrological State,0
3.48,21.46,27.33,1.82,0.06,5.07,GREEN,Normal Hydrological State,0
4.47,38.7,19.49,1.77,0.03,5.12,GREEN,Normal Hydrological State,0
2.03,19.71,29.36,3.77,1.57,5.05,GREEN,Normal Hydrological State,0
3.67,33.92,13.04,2.43,1.48,5.07,GREEN,Normal Hydrological State,0
4.0,52.12,36.77,2.41,0.87,5.21,GREEN,Normal Hydrological State,0
44.69,72.05,18.79,4.63,2.35,7.07,GREEN,Normal Hydrological State,0
126.02,81.15,47.61,8.72,1.39,68.73,ORANGE,Cloudburst Flash Flood,1
2.53,52.32,22.95,2.31,0.03,5.11,GREEN,Normal Hydrological State,0
1.47,44.84,35.78,2.35,1.08,5.08,GREEN,Normal Hydrological State,0
11.83,21.73,41.09,2.78,0.24,5.27,GREEN,Normal Hydrological State,0
10.49,27.7,43.9,3.17,0.18,5.32,GREEN,Normal Hydrological State,0
0.0,41.18,59.46,8.91,7.23,95.94,RED,Seismic GLOF Warning,1
2.94,47.74,5.44,3.27,0.9,5.05,GREEN,Normal Hydrological State,0
5.24,43.95,18.01,3.44,1.78,5.14,GREEN,Normal Hydrological State,0
4.94,29.79,5.3,2.7,0.43,5.05,GREEN,Normal Hydrological State,0
140.16,80.84,29.31,9.67,0.84,73.94,ORANGE,Cloudburst Flash Flood,1
4.01,22.63,25.09,3.38,0.18,5.08,GREEN,Normal Hydrological State,0
7.78,32.33,9.39,1.6,1.77,5.1,GREEN,Normal Hydrological State,0
58.46,65.37,24.15,5.86,0.49,8.19,GREEN,Normal Hydrological State,0
3.27,44.49,39.49,3.08,0.57,5.16,GREEN,Normal Hydrological State,0
0.65,39.13,38.39,11.82,5.91,94.09,RED,Seismic GLOF Warning,1
42.83,70.97,46.73,6.26,2.8,9.89,GREEN,Normal Hydrological State,0
6.88,14.19,14.97,3.98,0.07,5.07,GREEN,Normal Hydrological State,0
4.45,45.03,11.42,3.07,0.06,5.09,GREEN,Normal Hydrological State,0
10.04,28.08,35.46,4.58,0.29,5.27,GREEN,Normal Hydrological State,0
35.38,79.04,17.86,6.56,3.02,7.98,GREEN,Normal Hydrological State,0
3.39,39.04,13.98,1.52,0.47,5.08,GREEN,Normal Hydrological State,0
7.04,40.41,21.54,2.36,0.24,5.19,GREEN,Normal Hydrological State,0
6.81,30.48,24.67,2.81,1.0,5.16,GREEN,Normal Hydrological State,0
8.5,25.4,8.46,1.21,0.13,5.08,GREEN,Normal Hydrological State,0
5.12,21.44,33.65,3.57,1.59,5.11,GREEN,Normal Hydrological State,0
8.43,40.83,22.37,2.94,0.54,5.24,GREEN,Normal Hydrological State,0
34.62,63.32,29.56,6.18,0.77,7.27,GREEN,Normal Hydrological State,0
123.12,87.7,37.58,7.39,0.32,42.92,YELLOW,Cloudburst Flash Flood,0
11.99,39.9,10.08,2.28,0.34,5.18,GREEN,Normal Hydrological State,0
4.87,45.43,45.58,3.38,0.57,5.25,GREEN,Normal Hydrological State,0
13.54,49.4,16.44,4.0,1.48,5.36,GREEN,Normal Hydrological State,0
32.63,76.1,40.21,6.25,3.36,8.46,GREEN,Normal Hydrological State,0
8.06,49.51,3.46,4.17,0.79,5.08,GREEN,Normal Hydrological State,0
2.55,58.9,34.8,7.7,5.28,25.66,GREEN,River Overflow / Stage Exceeded,0
15.42,38.91,36.77,2.47,0.0,5.58,GREEN,Normal Hydrological State,0
46.67,59.6,48.88,5.63,2.19,8.96,GREEN,Normal Hydrological State,0
0.01,37.47,42.93,8.48,4.6,26.41,GREEN,River Overflow / Stage Exceeded,0
5.16,23.76,28.89,2.61,0.9,5.11,GREEN,Normal Hydrological State,0
19.73,24.77,24.39,3.02,1.6,5.35,GREEN,Normal Hydrological State,0
0.03,40.55,34.41,4.16,0.76,5.02,GREEN,Normal Hydrological State,0
0.0,55.26,32.17,10.19,6.81,85.48,RED,Seismic GLOF Warning,1
41.92,68.23,41.12,4.67,0.93,8.57,GREEN,Normal Hydrological State,0
4.15,30.12,22.53,3.03,0.0,5.1,GREEN,Normal Hydrological State,0
9.06,53.24,45.04,2.25,0.23,5.53,GREEN,Normal Hydrological State,0
30.41,76.07,47.75,5.93,0.87,8.09,GREEN,Normal Hydrological State,0
0.0,43.77,19.21,2.54,1.34,5.02,GREEN,Normal Hydrological State,0
4.41,47.32,35.56,11.54,5.34,87.5,RED,Seismic GLOF Warning,1
11.22,34.81,12.74,3.24,0.74,5.18,GREEN,Normal Hydrological State,0
5.61,19.63,24.76,4.24,0.72,5.09,GREEN,Normal Hydrological State,0
52.7,72.82,49.24,4.82,0.65,11.11,GREEN,Saturated Soil Runoff,0
25.16,60.5,32.78,6.37,1.75,7.11,GREEN,Normal Hydrological State,0
43.15,58.04,24.57,4.58,1.93,6.96,GREEN,Normal Hydrological State,0
32.84,69.88,22.39,4.81,0.82,6.64,GREEN,Normal Hydrological State,0
43.9,73.97,24.91,4.91,0.92,7.69,GREEN,Normal Hydrological State,0
43.55,53.53,42.39,4.48,2.21,7.84,GREEN,Normal Hydrological State,0
0.89,22.43,5.75,3.39,0.31,5.03,GREEN,Normal Hydrological State,0
100.02,96.56,37.66,9.97,0.43,78.77,RED,Cloudburst Flash Flood,1
45.94,66.04,24.34,4.57,2.97,7.43,GREEN,Normal Hydrological State,0
0.13,31.7,19.61,2.97,0.33,5.02,GREEN,Normal Hydrological State,0
11.42,17.53,32.19,4.33,1.83,5.19,GREEN,Normal Hydrological State,0
3.71,32.06,32.72,3.14,0.24,5.12,GREEN,Normal Hydrological State,0
7.01,33.59,33.51,2.64,0.0,5.22,GREEN,Normal Hydrological State,0
0.86,32.03,37.96,11.52,5.4,88.37,RED,Seismic GLOF Warning,1
4.02,50.66,29.06,2.43,0.29,5.18,GREEN,Normal Hydrological State,0
67.81,93.93,48.28,7.11,1.24,25.6,GREEN,River Overflow / Stage Exceeded,0
4.69,31.9,32.67,3.58,0.32,5.14,GREEN,Normal Hydrological State,0
68.48,100.0,48.26,11.16,0.05,87.97,RED,River Overflow / Stage Exceeded,1
2.68,70.76,49.11,7.41,6.13,54.27,YELLOW,Seismic GLOF Warning,1
58.82,63.52,35.54,6.97,3.0,13.33,GREEN,Normal Hydrological State,0
7.44,33.9,23.2,1.48,0.21,5.18,GREEN,Normal Hydrological State,0
1.49,42.65,57.34,9.51,6.82,94.91,RED,Seismic GLOF Warning,1
3.65,24.32,29.24,1.98,0.11,5.09,GREEN,Normal Hydrological State,0
12.44,44.42,30.17,2.41,0.64,5.46,GREEN,Normal Hydrological State,0
0.54,19.22,4.81,2.91,0.24,5.02,GREEN,Normal Hydrological State,0
117.07,92.8,46.14,11.65,0.28,96.22,RED,Cloudburst Flash Flood,1
8.58,13.86,29.22,2.84,0.82,5.11,GREEN,Normal Hydrological State,0
11.57,27.62,32.84,2.85,0.2,5.29,GREEN,Normal Hydrological State,0
6.98,25.07,25.51,2.43,1.23,5.14,GREEN,Normal Hydrological State,0
0.58,53.64,8.81,3.71,2.42,5.03,GREEN,Normal Hydrological State,0
5.34,41.0,38.81,2.33,0.16,5.23,GREEN,Normal Hydrological State,0
4.08,33.24,41.8,3.35,0.22,5.15,GREEN,Normal Hydrological State,0
38.75,61.93,16.8,6.25,1.56,6.76,GREEN,Normal Hydrological State,0
11.83,31.47,9.57,3.13,0.49,5.14,GREEN,Normal Hydrological State,0
57.62,64.57,38.38,6.09,3.37,9.89,GREEN,Normal Hydrological State,0
3.58,19.98,32.12,1.6,0.02,5.08,GREEN,Normal Hydrological State,0
0.0,44.19,32.57,1.82,0.27,5.02,GREEN,Normal Hydrological State,0
0.0,19.58,42.66,2.6,0.25,5.02,GREEN,Normal Hydrological State,0
0.0,48.81,30.86,2.1,0.92,5.02,GREEN,Normal Hydrological State,0
5.32,24.36,21.74,3.34,0.84,5.1,GREEN,Normal Hydrological State,0
60.28,68.62,33.3,4.91,0.71,9.77,GREEN,Normal Hydrological State,0
0.58,70.08,45.77,7.42,6.29,53.89,YELLOW,Seismic GLOF Warning,1
11.13,46.48,57.47,8.59,5.36,60.01,ORANGE,Seismic GLOF Warning,1
39.81,62.2,24.31,4.49,2.99,6.92,GREEN,Normal Hydrological State,0
8.24,35.87,39.07,9.21,4.49,35.44,YELLOW,River Overflow / Stage Exceeded,0
0.0,16.78,34.9,3.45,0.75,5.02,GREEN,Normal Hydrological State,0
41.06,57.66,24.91,6.52,0.88,8.07,GREEN,Normal Hydrological State,0
17.96,36.32,16.51,1.98,0.0,5.35,GREEN,Normal Hydrological State,0
5.71,21.72,33.63,1.75,0.45,5.13,GREEN,Normal Hydrological State,0
0.0,51.93,8.87,2.53,0.54,5.02,GREEN,Normal Hydrological State,0
9.32,44.14,36.65,3.17,0.97,5.4,GREEN,Normal Hydrological State,0
31.66,70.37,29.9,5.23,1.35,7.03,GREEN,Normal Hydrological State,0
2.82,37.54,3.49,2.22,0.29,5.04,GREEN,Normal Hydrological State,0
6.55,26.33,41.23,2.63,0.01,5.19,GREEN,Normal Hydrological State,0
8.92,32.7,35.49,2.2,0.57,5.28,GREEN,Normal Hydrological State,0
32.65,66.19,36.83,6.84,1.39,9.83,GREEN,Normal Hydrological State,0
34.75,60.78,29.99,5.17,3.15,6.91,GREEN,Normal Hydrological State,0
85.57,78.72,38.17,7.35,1.35,25.74,GREEN,Cloudburst Flash Flood,0
116.23,88.32,41.79,8.23,2.04,57.1,ORANGE,Cloudburst Flash Flood,1
10.3,36.17,33.09,2.15,0.0,5.34,GREEN,Normal Hydrological State,0
11.89,51.14,14.03,2.93,1.29,5.29,GREEN,Normal Hydrological State,0
43.45,74.23,26.06,5.96,3.38,7.78,GREEN,Normal Hydrological State,0
0.47,66.48,42.64,9.65,6.15,79.92,RED,Seismic GLOF Warning,1
34.8,67.66,23.15,5.76,2.53,6.74,GREEN,Normal Hydrological State,0
7.41,44.96,30.15,1.37,0.66,5.28,GREEN,Normal Hydrological State,0
3.59,46.71,50.41,8.25,4.41,22.04,GREEN,River Overflow / Stage Exceeded,0
106.96,75.74,43.03,7.94,0.63,42.19,YELLOW,Cloudburst Flash Flood,0
0.0,24.94,33.66,2.72,0.0,5.02,GREEN,Normal Hydrological State,0
4.12,33.16,8.42,2.08,0.2,5.06,GREEN,Normal Hydrological State,0
11.43,42.58,40.46,3.29,0.69,5.5,GREEN,Normal Hydrological State,0
0.73,44.8,18.0,2.49,1.55,5.04,GREEN,Normal Hydrological State,0
1.11,30.33,38.65,1.57,0.48,5.05,GREEN,Normal Hydrological State,0
3.51,36.59,54.5,8.85,5.03,49.44,YELLOW,Seismic GLOF Warning,0
0.0,63.8,48.98,9.76,6.35,88.16,RED,Seismic GLOF Warning,1
6.82,41.57,18.96,2.7,0.07,5.18,GREEN,Normal Hydrological State,0
51.05,57.76,27.84,6.0,1.49,7.65,GREEN,Normal Hydrological State,0
81.79,85.28,29.89,8.37,2.26,35.82,YELLOW,Cloudburst Flash Flood,0
6.48,35.34,34.32,4.42,1.02,5.22,GREEN,Normal Hydrological State,0
5.02,55.14,10.27,3.05,0.11,5.12,GREEN,Normal Hydrological State,0
0.63,27.7,36.49,3.15,0.13,5.04,GREEN,Normal Hydrological State,0
15.05,53.5,22.64,1.77,0.01,5.55,GREEN,Normal Hydrological State,0
3.17,48.29,30.94,2.84,0.13,5.14,GREEN,Normal Hydrological State,0
54.06,57.88,22.91,6.46,2.45,8.47,GREEN,Normal Hydrological State,0
0.0,47.87,14.25,1.98,0.96,5.02,GREEN,Normal Hydrological State,0
12.69,54.1,35.71,9.65,6.63,82.54,RED,Seismic GLOF Warning,1
24.65,78.74,19.79,7.06,3.12,9.32,GREEN,River Overflow / Stage Exceeded,0
25.74,69.16,41.62,4.74,1.67,7.04,GREEN,Normal Hydrological State,0
5.97,50.79,25.74,2.01,0.19,5.23,GREEN,Normal Hydrological State,0
10.96,53.41,35.46,3.83,0.25,5.55,GREEN,Normal Hydrological State,0
1.17,51.8,32.69,2.7,0.26,5.07,GREEN,Normal Hydrological State,0
3.32,31.56,14.25,2.96,0.93,5.07,GREEN,Normal Hydrological State,0
4.86,14.94,40.19,1.96,1.08,5.09,GREEN,Normal Hydrological State,0
6.05,73.88,46.95,8.06,4.61,24.18,GREEN,River Overflow / Stage Exceeded,0
4.07,33.36,38.74,3.29,2.15,5.15,GREEN,Normal Hydrological State,0
2.85,41.72,41.77,1.86,0.71,5.14,GREEN,Normal Hydrological State,0
60.13,72.65,24.54,6.8,2.77,11.61,GREEN,Normal Hydrological State,0
5.93,25.46,41.35,3.29,0.14,5.17,GREEN,Normal Hydrological State,0
105.88,93.09,25.06,10.06,1.37,72.1,ORANGE,Cloudburst Flash Flood,1
1.94,63.66,55.9,11.86,4.92,91.02,RED,Seismic GLOF Warning,1
59.76,60.63,29.18,5.49,2.93,8.56,GREEN,Normal Hydrological State,0
3.34,35.65,26.32,2.22,0.08,5.1,GREEN,Normal Hydrological State,0
6.02,53.21,7.78,3.63,0.53,5.11,GREEN,Normal Hydrological State,0
5.28,37.07,15.51,3.01,0.08,5.11,GREEN,Normal Hydrological State,0
5.44,50.13,25.76,3.42,0.05,5.21,GREEN,Normal Hydrological State,0
51.66,82.77,46.54,4.72,1.64,11.78,GREEN,Saturated Soil Runoff,0
2.01,53.0,34.11,10.4,5.15,68.24,ORANGE,River Overflow / Stage Exceeded,1
3.42,32.85,53.12,9.81,7.07,96.05,RED,Seismic GLOF Warning,1
2.04,51.68,13.71,1.46,0.09,5.07,GREEN,Normal Hydrological State,0
1.08,39.52,16.99,1.97,0.65,5.04,GREEN,Normal Hydrological State,0
36.58,58.9,35.17,5.97,3.07,7.23,GREEN,Normal Hydrological State,0
1.5,25.97,37.9,1.27,0.63,5.06,GREEN,Normal Hydrological State,0
48.53,77.11,45.42,6.81,2.33,13.78,GREEN,Normal Hydrological State,0
114.54,90.16,50.83,6.9,0.23,44.28,YELLOW,Cloudburst Flash Flood,0
3.95,44.97,24.53,1.72,0.27,5.14,GREEN,Normal Hydrological State,0
55.88,60.1,17.99,5.67,2.24,7.09,GREEN,Normal Hydrological State,0
15.09,37.69,22.46,2.75,0.27,5.38,GREEN,Normal Hydrological State,0
57.13,60.38,43.72,6.47,3.45,11.2,GREEN,Normal Hydrological State,0
55.18,77.61,29.43,5.05,2.59,9.44,GREEN,Normal Hydrological State,0
45.9,72.5,37.88,6.02,2.36,9.05,GREEN,Normal Hydrological State,0
8.79,43.47,29.91,1.94,0.81,5.32,GREEN,Normal Hydrological State,0
8.1,39.23,21.33,3.78,0.02,5.21,GREEN,Normal Hydrological State,0
10.08,63.46,48.81,8.3,7.66,92.89,RED,Seismic GLOF Warning,1
8.66,14.25,24.0,1.99,0.34,5.1,GREEN,Normal Hydrological State,0
4.71,53.82,15.86,2.06,0.56,5.14,GREEN,Normal Hydrological State,0
5.1,39.08,41.19,8.65,5.5,49.39,YELLOW,Seismic GLOF Warning,0
92.27,86.73,55.28,10.17,1.68,82.63,RED,Cloudburst Flash Flood,1
1.51,42.47,16.43,3.55,0.86,5.05,GREEN,Normal Hydrological State,0
10.31,48.25,10.25,3.02,1.25,5.19,GREEN,Normal Hydrological State,0
50.65,61.24,42.97,5.28,2.94,9.11,GREEN,Normal Hydrological State,0
3.64,24.58,28.99,4.24,0.34,5.09,GREEN,Normal Hydrological State,0
12.17,43.61,48.39,8.56,6.56,80.88,RED,Seismic GLOF Warning,1
7.86,30.09,32.9,1.71,0.07,5.22,GREEN,Normal Hydrological State,0
5.31,47.86,12.62,2.41,0.0,5.12,GREEN,Normal Hydrological State,0
8.83,28.38,27.95,3.3,0.0,5.21,GREEN,Normal Hydrological State,0
8.42,46.32,36.72,2.36,0.07,5.38,GREEN,Normal Hydrological State,0
38.03,81.49,31.18,6.73,2.72,10.37,GREEN,Normal Hydrological State,0
107.71,87.34,48.89,10.93,1.01,91.46,RED,Cloudburst Flash Flood,1
0.0,46.85,19.07,3.63,0.19,5.02,GREEN,Normal Hydrological State,0
52.67,71.33,21.88,5.92,0.88,7.85,GREEN,Normal Hydrological State,0
116.44,93.02,35.27,10.51,1.2,86.73,RED,Cloudburst Flash Flood,1
48.61,65.15,16.28,5.14,3.37,6.79,GREEN,Normal Hydrological State,0
20.99,39.36,26.28,3.14,0.06,5.63,GREEN,Normal Hydrological State,0
143.35,87.59,29.79,10.42,2.34,86.47,RED,Cloudburst Flash Flood,1
0.0,43.53,9.6,2.21,1.46,5.02,GREEN,Normal Hydrological State,0
8.71,50.97,51.54,8.94,6.65,88.01,RED,Seismic GLOF Warning,1
6.08,52.99,34.18,2.54,0.69,5.3,GREEN,Normal Hydrological State,0
5.54,52.01,12.89,3.99,0.13,5.14,GREEN,Normal Hydrological State,0
7.18,45.61,13.88,3.44,0.54,5.16,GREEN,Normal Hydrological State,0
10.42,32.84,4.85,1.5,0.95,5.08,GREEN,Normal Hydrological State,0
116.83,89.86,43.01,10.96,0.69,92.15,RED,Cloudburst Flash Flood,1
4.66,24.63,39.01,2.23,0.21,5.13,GREEN,Normal Hydrological State,0
2.28,63.41,57.25,8.05,5.17,42.28,YELLOW,Seismic GLOF Warning,0
4.97,48.95,28.58,2.75,0.23,5.2,GREEN,Normal Hydrological State,0
4.46,16.53,44.19,3.12,0.9,5.1,GREEN,Normal Hydrological State,0
11.23,16.01,8.33,3.94,1.26,5.07,GREEN,Normal Hydrological State,0
8.43,22.55,26.65,4.03,0.55,5.16,GREEN,Normal Hydrological State,0
39.27,76.83,18.89,4.96,0.63,6.93,GREEN,Normal Hydrological State,0
5.53,53.08,13.46,2.82,0.17,5.14,GREEN,Normal Hydrological State,0
66.2,83.44,30.22,7.6,0.58,21.42,GREEN,River Overflow / Stage Exceeded,0
127.82,75.88,52.7,6.88,2.09,41.73,YELLOW,Cloudburst Flash Flood,0
52.45,80.32,41.78,4.39,2.94,11.03,GREEN,Saturated Soil Runoff,0
57.54,59.05,23.06,5.19,0.57,7.65,GREEN,Normal Hydrological State,0
15.97,35.18,16.98,2.06,0.51,5.31,GREEN,Normal Hydrological State,0
78.62,81.95,52.63,10.86,1.56,84.79,RED,Cloudburst Flash Flood,1
13.3,20.64,11.08,2.56,0.22,5.12,GREEN,Normal Hydrological State,0
1.04,64.16,48.77,9.68,6.13,84.47,RED,Seismic GLOF Warning,1
36.08,72.76,45.17,4.82,1.83,8.46,GREEN,Normal Hydrological State,0
2.22,26.59,26.42,2.38,0.44,5.06,GREEN,Normal Hydrological State,0
38.3,80.84,40.94,6.43,2.28,10.09,GREEN,Normal Hydrological State,0
147.17,86.39,54.74,7.48,1.05,68.13,ORANGE,Cloudburst Flash Flood,1
105.96,89.06,38.89,7.53,0.64,39.73,YELLOW,Cloudburst Flash Flood,0
2.66,37.25,43.08,1.91,2.05,5.12,GREEN,Normal Hydrological State,0
11.0,38.51,7.58,2.94,0.0,5.13,GREEN,Normal Hydrological State,0
0.0,37.3,49.65,10.18,6.48,92.62,RED,Seismic GLOF Warning,1
6.74,50.08,31.82,1.73,0.42,5.3,GREEN,Normal Hydrological State,0
98.08,96.29,52.0,10.74,0.79,90.92,RED,Cloudburst Flash Flood,1
40.11,56.53,25.39,7.04,2.7,10.05,GREEN,River Overflow / Stage Exceeded,0
22.33,49.37,38.76,0.84,2.81,6.14,GREEN,Normal Hydrological State,0
52.54,74.97,23.13,5.18,2.54,8.18,GREEN,Normal Hydrological State,0
2.95,45.51,51.31,9.07,4.6,38.78,YELLOW,River Overflow / Stage Exceeded,0
6.77,38.44,30.74,7.85,5.07,22.64,GREEN,River Overflow / Stage Exceeded,0
28.97,71.31,49.42,5.86,2.82,7.76,GREEN,Normal Hydrological State,0
27.07,73.23,22.0,6.87,0.89,8.71,GREEN,Normal Hydrological State,0
7.29,39.7,19.08,1.85,0.04,5.18,GREEN,Normal Hydrological State,0
4.58,17.84,9.45,3.17,0.04,5.05,GREEN,Normal Hydrological State,0
36.1,75.25,44.19,5.19,1.29,8.55,GREEN,Normal Hydrological State,0
6.07,42.96,23.91,0.85,0.1,5.19,GREEN,Normal Hydrological State,0
3.89,36.82,9.74,2.9,0.22,5.07,GREEN,Normal Hydrological State,0
5.69,31.63,16.06,2.54,0.17,5.11,GREEN,Normal Hydrological State,0
3.23,51.58,27.22,1.64,0.08,5.14,GREEN,Normal Hydrological State,0
90.5,81.74,26.73,9.89,1.27,62.56,ORANGE,Cloudburst Flash Flood,1
1.41,33.01,25.01,3.83,0.19,5.05,GREEN,Normal Hydrological State,0
80.2,88.3,37.23,8.68,1.8,46.13,YELLOW,Cloudburst Flash Flood,0
7.96,34.76,7.65,3.55,0.13,5.1,GREEN,Normal Hydrological State,0
0.07,54.96,53.5,8.77,6.03,75.33,RED,Seismic GLOF Warning,1
7.93,34.25,53.35,9.41,5.18,64.1,ORANGE,Seismic GLOF Warning,1
0.0,35.68,46.36,10.65,7.28,97.3,RED,Seismic GLOF Warning,1
58.06,59.7,33.87,5.49,3.37,8.85,GREEN,Normal Hydrological State,0
5.89,30.14,23.23,3.63,0.16,5.13,GREEN,Normal Hydrological State,0
28.45,76.38,49.51,5.61,0.7,7.93,GREEN,Normal Hydrological State,0
1.62,37.88,56.64,8.35,6.9,89.44,RED,Seismic GLOF Warning,1
27.05,74.6,31.71,5.65,0.66,6.9,GREEN,Normal Hydrological State,0
17.12,17.01,28.56,2.0,0.32,5.24,GREEN,Normal Hydrological State,0
3.68,34.09,16.77,2.85,0.62,5.08,GREEN,Normal Hydrological State,0
58.12,58.36,40.04,6.57,1.45,11.1,GREEN,Normal Hydrological State,0
0.64,48.98,15.71,4.01,0.0,5.04,GREEN,Normal Hydrological State,0
1.66,39.73,47.83,10.31,4.72,63.91,ORANGE,River Overflow / Stage Exceeded,1
3.69,15.29,18.22,3.13,0.21,5.05,GREEN,Normal Hydrological State,0
53.9,64.53,19.38,5.17,1.17,7.33,GREEN,Normal Hydrological State,0
10.05,43.97,12.7,2.97,0.24,5.2,GREEN,Normal Hydrological State,0
7.09,59.42,47.31,9.22,6.2,80.79,RED,Seismic GLOF Warning,1
5.77,46.17,29.97,3.54,1.32,5.23,GREEN,Normal Hydrological State,0
15.99,41.0,5.38,3.15,0.0,5.15,GREEN,Normal Hydrological State,0
2.74,48.41,31.29,1.78,0.08,5.13,GREEN,Normal Hydrological State,0
4.19,38.74,32.07,2.88,0.59,5.15,GREEN,Normal Hydrological State,0
7.78,48.92,9.78,3.45,0.35,5.15,GREEN,Normal Hydrological State,0
4.9,32.33,7.36,1.86,2.06,5.06,GREEN,Normal Hydrological State,0
12.68,39.59,11.29,1.82,0.34,5.21,GREEN,Normal Hydrological State,0
70.38,94.81,29.86,7.15,0.84,20.03,GREEN,Cloudburst Flash Flood,0
45.49,62.26,27.12,5.96,0.65,7.47,GREEN,Normal Hydrological State,0
3.64,16.45,7.77,3.19,0.0,5.04,GREEN,Normal Hydrological State,0
11.3,53.12,29.7,2.0,0.12,5.5,GREEN,Normal Hydrological State,0
4.0,29.56,27.92,2.8,2.45,5.11,GREEN,Normal Hydrological State,0
10.37,20.78,44.99,2.51,1.66,5.24,GREEN,Normal Hydrological State,0
58.79,57.02,36.23,4.76,0.9,8.92,GREEN,Normal Hydrological State,0
32.86,57.17,16.54,5.53,2.98,6.02,GREEN,Normal Hydrological State,0
0.31,38.63,42.13,2.39,0.0,5.03,GREEN,Normal Hydrological State,0
16.54,45.5,7.71,4.43,1.01,5.23,GREEN,Normal Hydrological State,0
3.42,34.22,29.03,1.91,0.63,5.11,GREEN,Normal Hydrological State,0
0.0,50.02,44.2,11.54,5.08,87.12,RED,Seismic GLOF Warning,1
7.58,24.02,43.83,2.44,0.0,5.21,GREEN,Normal Hydrological State,0
2.89,18.83,10.59,3.02,1.02,5.04,GREEN,Normal Hydrological State,0
126.4,98.78,37.39,10.89,1.11,93.02,RED,Cloudburst Flash Flood,1
36.06,80.15,20.1,4.78,0.77,6.94,GREEN,Normal Hydrological State,0
14.54,30.21,42.3,2.79,2.36,5.47,GREEN,Normal Hydrological State,0
50.16,71.63,30.58,6.82,1.32,11.51,GREEN,Normal Hydrological State,0
40.15,61.91,46.9,6.16,2.33,8.63,GREEN,Normal Hydrological State,0
4.6,33.52,7.26,2.77,0.15,5.06,GREEN,Normal Hydrological State,0
4.8,42.6,5.63,2.68,0.31,5.06,GREEN,Normal Hydrological State,0
15.78,39.49,33.34,2.89,0.62,5.56,GREEN,Normal Hydrological State,0
3.14,52.6,8.63,3.17,2.29,5.07,GREEN,Normal Hydrological State,0
102.71,76.08,54.9,6.51,2.34,28.7,GREEN,Cloudburst Flash Flood,0
7.94,33.44,9.78,3.13,0.07,5.11,GREEN,Normal Hydrological State,0
4.13,18.84,21.3,2.47,0.21,5.07,GREEN,Normal Hydrological State,0
2.9,43.44,50.9,11.08,5.77,92.59,RED,Seismic GLOF Warning,1
140.62,79.28,45.04,6.88,2.29,44.21,YELLOW,Cloudburst Flash Flood,0
2.58,35.01,41.55,1.87,0.27,5.11,GREEN,Normal Hydrological State,0
4.95,47.82,16.73,0.98,0.68,5.14,GREEN,Normal Hydrological State,0
11.65,24.86,23.82,0.6,0.26,5.21,GREEN,Normal Hydrological State,0
0.35,25.33,17.25,1.39,1.15,5.03,GREEN,Normal Hydrological State,0
7.83,36.52,4.95,3.32,0.92,5.08,GREEN,Normal Hydrological State,0
10.6,66.57,35.35,7.38,4.41,13.55,GREEN,River Overflow / Stage Exceeded,0
2.32,54.31,14.55,2.44,0.0,5.08,GREEN,Normal Hydrological State,0
6.73,39.78,36.0,2.59,1.04,5.26,GREEN,Normal Hydrological State,0
11.44,47.26,25.54,4.55,1.66,5.4,GREEN,Normal Hydrological State,0
1.95,26.61,41.76,3.03,0.34,5.07,GREEN,Normal Hydrological State,0
10.75,36.2,31.47,2.56,0.23,5.34,GREEN,Normal Hydrological State,0
144.89,78.95,51.61,7.61,1.92,61.04,ORANGE,Cloudburst Flash Flood,1
0.0,45.12,10.93,3.07,0.0,5.02,GREEN,Normal Hydrological State,0
107.92,83.21,40.03,8.4,0.73,52.23,YELLOW,Cloudburst Flash Flood,1
31.07,66.58,37.53,7.01,1.38,10.5,GREEN,River Overflow / Stage Exceeded,0
2.68,66.33,31.39,10.45,4.85,63.01,ORANGE,River Overflow / Stage Exceeded,1
5.41,26.78,42.37,1.61,0.07,5.16,GREEN,Normal Hydrological State,0
0.0,60.44,40.79,9.61,4.76,48.22,YELLOW,River Overflow / Stage Exceeded,0
22.49,35.95,32.25,3.72,0.62,5.72,GREEN,Normal Hydrological State,0
55.74,72.73,33.58,5.95,1.94,9.68,GREEN,Normal Hydrological State,0
1.43,27.56,15.54,3.18,0.39,5.04,GREEN,Normal Hydrological State,0
5.61,27.55,8.02,2.55,0.99,5.06,GREEN,Normal Hydrological State,0
0.96,34.48,23.41,2.13,0.17,5.04,GREEN,Normal Hydrological State,0
3.97,16.46,43.0,2.85,1.57,5.09,GREEN,Normal Hydrological State,0
10.3,46.61,21.88,2.22,0.16,5.32,GREEN,Normal Hydrological State,0
9.25,42.0,20.75,1.94,0.97,5.25,GREEN,Normal Hydrological State,0
12.35,18.78,33.92,3.17,0.34,5.22,GREEN,Normal Hydrological State,0
29.74,77.61,15.92,5.92,2.96,6.24,GREEN,Normal Hydrological State,0
73.82,91.46,39.9,10.06,0.67,70.69,ORANGE,Cloudburst Flash Flood,1
16.27,18.38,24.99,2.49,0.48,5.23,GREEN,Normal Hydrological State,0
0.0,28.29,35.38,1.75,0.06,5.02,GREEN,Normal Hydrological State,0
31.04,58.08,27.08,4.49,0.66,6.47,GREEN,Normal Hydrological State,0
1.73,38.63,41.45,0.55,0.0,5.09,GREEN,Normal Hydrological State,0
3.14,46.07,33.76,2.87,0.23,5.14,GREEN,Normal Hydrological State,0
0.0,51.36,8.35,3.8,0.38,5.02,GREEN,Normal Hydrological State,0
4.54,45.72,32.11,8.6,6.58,60.57,ORANGE,Seismic GLOF Warning,1
0.96,20.57,15.38,4.16,0.17,5.03,GREEN,Normal Hydrological State,0
4.23,22.76,26.2,1.97,0.24,5.09,GREEN,Normal Hydrological State,0
2.61,27.68,13.28,2.12,0.48,5.05,GREEN,Normal Hydrological State,0
6.07,20.51,29.21,2.56,0.47,5.12,GREEN,Normal Hydrological State,0
14.88,30.83,20.17,3.24,1.08,5.29,GREEN,Normal Hydrological State,0
0.11,67.18,36.4,10.02,7.34,91.43,RED,Seismic GLOF Warning,1
3.86,42.43,26.81,4.08,0.93,5.14,GREEN,Normal Hydrological State,0
22.94,38.03,43.59,3.22,0.52,5.96,GREEN,Normal Hydrological State,0
93.09,76.07,35.93,7.75,0.17,30.82,GREEN,Cloudburst Flash Flood,0
3.26,43.03,35.36,3.32,0.89,5.14,GREEN,Normal Hydrological State,0
40.97,62.65,30.86,5.48,3.47,7.46,GREEN,Normal Hydrological State,0
3.13,13.97,38.7,1.6,0.0,5.06,GREEN,Normal Hydrological State,0
4.33,26.87,15.75,2.98,0.7,5.08,GREEN,Normal Hydrological State,0
10.9,23.85,31.61,1.71,2.47,5.23,GREEN,Normal Hydrological State,0
3.18,18.45,26.64,2.74,0.04,5.06,GREEN,Normal Hydrological State,0
9.8,20.75,10.8,2.07,0.52,5.09,GREEN,Normal Hydrological State,0
147.28,78.5,30.89,11.18,1.17,91.59,RED,Cloudburst Flash Flood,1
1.28,36.52,20.34,2.46,0.37,5.05,GREEN,Normal Hydrological State,0
52.17,58.74,22.63,6.32,1.44,7.96,GREEN,Normal Hydrological State,0
0.2,37.97,4.99,1.52,0.36,5.02,GREEN,Normal Hydrological State,0
6.82,53.6,28.87,3.42,0.28,5.3,GREEN,Normal Hydrological State,0
6.91,33.5,39.56,10.27,4.65,59.12,ORANGE,River Overflow / Stage Exceeded,1
1.18,52.16,23.68,3.33,0.29,5.06,GREEN,Normal Hydrological State,0
11.41,43.43,42.96,3.28,2.83,5.53,GREEN,Normal Hydrological State,0
21.61,44.27,10.28,1.44,0.63,5.35,GREEN,Normal Hydrological State,0
3.32,72.98,60.54,9.65,7.42,98.42,RED,Seismic GLOF Warning,1
4.03,75.02,40.89,9.61,4.57,45.28,YELLOW,River Overflow / Stage Exceeded,0
1.96,34.4,32.18,9.42,7.37,83.27,RED,Seismic GLOF Warning,1
2.05,41.76,17.28,2.24,0.25,5.06,GREEN,Normal Hydrological State,0
0.19,30.72,37.9,9.56,6.38,78.04,RED,Seismic GLOF Warning,1
142.65,89.17,32.3,8.31,2.08,60.27,ORANGE,Cloudburst Flash Flood,1
11.1,27.55,23.33,2.52,0.38,5.22,GREEN,Normal Hydrological State,0
4.73,11.12,6.06,2.13,1.15,5.03,GREEN,Normal Hydrological State,0
16.03,52.9,42.16,2.56,0.27,5.91,GREEN,Normal Hydrological State,0
43.23,59.09,15.69,5.5,0.61,6.36,GREEN,Normal Hydrological State,0
0.33,29.09,17.93,3.44,0.98,5.03,GREEN,Normal Hydrological State,0
1.32,23.73,31.29,2.47,0.09,5.05,GREEN,Normal Hydrological State,0
3.83,25.51,32.57,3.66,0.02,5.1,GREEN,Normal Hydrological State,0
13.28,19.6,29.43,1.61,0.84,5.22,GREEN,Normal Hydrological State,0
2.65,31.85,44.32,1.9,0.57,5.11,GREEN,Normal Hydrological State,0
4.09,32.39,34.57,1.14,0.21,5.13,GREEN,Normal Hydrological State,0
1.12,58.26,55.94,11.53,5.94,96.57,RED,Seismic GLOF Warning,1
8.72,43.28,42.41,2.35,0.29,5.4,GREEN,Normal Hydrological State,0
143.71,78.2,46.71,10.23,1.71,89.44,RED,Cloudburst Flash Flood,1
60.63,74.04,26.04,6.46,2.32,10.5,GREEN,Normal Hydrological State,0
6.46,34.23,16.74,2.84,0.58,5.13,GREEN,Normal Hydrological State,0
138.78,76.76,37.85,10.8,2.68,89.9,RED,Cloudburst Flash Flood,1
55.57,64.14,50.71,4.6,0.98,10.65,GREEN,Normal Hydrological State,0
3.73,32.42,33.75,2.18,2.27,5.12,GREEN,Normal Hydrological State,0
4.53,43.53,31.76,1.79,0.33,5.18,GREEN,Normal Hydrological State,0
20.71,45.67,38.37,2.67,0.2,5.96,GREEN,Normal Hydrological State,0
12.92,18.63,11.41,3.92,0.19,5.11,GREEN,Normal Hydrological State,0
1.6,18.94,30.55,2.81,0.93,5.04,GREEN,Normal Hydrological State,0
5.12,54.62,48.41,11.04,6.11,94.32,RED,Seismic GLOF Warning,1
118.93,95.58,43.4,8.84,0.67,72.82,ORANGE,Cloudburst Flash Flood,1
50.86,74.25,16.52,6.05,2.48,7.28,GREEN,Normal Hydrological State,0
8.72,20.86,38.33,2.04,2.37,5.19,GREEN,Normal Hydrological State,0
49.97,75.01,32.8,6.89,2.78,12.43,GREEN,Normal Hydrological State,0
6.08,26.29,13.25,1.68,0.0,5.09,GREEN,Normal Hydrological State,0
11.55,52.09,35.46,2.75,0.41,5.57,GREEN,Normal Hydrological State,0
6.66,36.72,14.81,2.24,0.15,5.13,GREEN,Normal Hydrological State,0
1.92,63.66,31.13,10.54,7.17,90.67,RED,Seismic GLOF Warning,1
0.0,15.42,38.46,1.87,0.36,5.02,GREEN,Normal Hydrological State,0
9.54,32.79,40.58,3.18,1.73,5.33,GREEN,Normal Hydrological State,0
4.55,43.85,35.75,2.84,0.32,5.2,GREEN,Normal Hydrological State,0
2.17,63.49,52.87,9.25,5.67,73.47,ORANGE,Seismic GLOF Warning,1
54.59,61.43,47.25,5.21,0.46,9.92,GREEN,Normal Hydrological State,0
6.51,41.52,14.15,2.52,0.63,5.14,GREEN,Normal Hydrological State,0
1.09,29.44,15.02,2.28,2.51,5.04,GREEN,Normal Hydrological State,0
2.81,54.08,27.46,1.62,1.01,5.13,GREEN,Normal Hydrological State,0
131.54,97.48,46.47,6.69,0.15,52.12,YELLOW,Cloudburst Flash Flood,1
3.33,47.36,30.79,2.59,1.16,5.15,GREEN,Normal Hydrological State,0
3.35,37.7,13.59,2.96,0.76,5.07,GREEN,Normal Hydrological State,0
0.14,44.59,57.99,7.98,5.29,44.69,YELLOW,Seismic GLOF Warning,0
36.13,76.36,46.6,5.59,1.47,8.77,GREEN,Normal Hydrological State,0
45.72,73.08,26.93,5.41,1.37,7.99,GREEN,Normal Hydrological State,0
7.8,44.6,29.87,3.62,1.08,5.29,GREEN,Normal Hydrological State,0
114.21,90.99,29.72,8.69,0.62,54.62,YELLOW,Cloudburst Flash Flood,1
9.69,21.63,24.79,3.43,0.83,5.16,GREEN,Normal Hydrological State,0
13.11,16.99,17.36,3.22,0.76,5.14,GREEN,Normal Hydrological State,0
1.69,45.46,13.04,1.21,0.69,5.05,GREEN,Normal Hydrological State,0
123.84,90.05,51.49,9.34,0.4,82.74,RED,Cloudburst Flash Flood,1
0.9,43.74,26.15,3.41,0.4,5.05,GREEN,Normal Hydrological State,0
6.21,37.23,51.77,8.91,4.67,38.86,YELLOW,River Overflow / Stage Exceeded,0
0.0,55.32,29.05,9.79,4.77,46.62,YELLOW,River Overflow / Stage Exceeded,0
0.0,51.29,9.78,1.26,0.2,5.02,GREEN,Normal Hydrological State,0
59.64,81.24,21.07,5.96,3.2,8.77,GREEN,Normal Hydrological State,0
0.39,22.36,6.55,2.29,1.44,5.02,GREEN,Normal Hydrological State,0
89.74,92.01,53.7,9.54,2.03,75.01,RED,Cloudburst Flash Flood,1
13.01,49.27,23.87,1.79,0.77,5.45,GREEN,Normal Hydrological State,0
0.12,45.76,46.85,1.54,0.8,5.03,GREEN,Normal Hydrological State,0
47.82,70.13,21.83,4.85,1.23,7.48,GREEN,Normal Hydrological State,0
136.55,79.87,52.12,8.96,1.77,77.66,RED,Cloudburst Flash Flood,1
33.91,70.04,33.48,5.84,1.58,7.4,GREEN,Normal Hydrological State,0
118.16,92.38,39.61,9.37,1.67,76.03,RED,Cloudburst Flash Flood,1
3.3,18.02,30.19,2.56,0.64,5.07,GREEN,Normal Hydrological State,0
1.71,38.47,11.02,2.44,0.77,5.04,GREEN,Normal Hydrological State,0
0.85,59.23,44.59,11.85,7.11,98.69,RED,Seismic GLOF Warning,1
4.72,50.59,18.65,0.79,0.0,5.15,GREEN,Normal Hydrological State,0
2.69,20.03,30.01,2.62,0.12,5.06,GREEN,Normal Hydrological State,0
7.52,37.7,37.15,11.45,6.84,96.22,RED,Seismic GLOF Warning,1
106.5,86.11,32.64,7.36,1.32,31.67,GREEN,Cloudburst Flash Flood,0
47.02,62.45,44.32,5.16,3.31,8.93,GREEN,Normal Hydrological State,0
11.24,57.26,35.8,2.95,1.19,5.61,GREEN,Normal Hydrological State,0
28.37,67.76,27.79,6.24,2.2,7.02,GREEN,Normal Hydrological State,0
4.88,41.37,37.94,3.65,0.53,5.21,GREEN,Normal Hydrological State,0
2.55,63.83,53.38,10.7,5.54,88.51,RED,Seismic GLOF Warning,1
8.32,37.8,8.24,1.4,0.82,5.11,GREEN,Normal Hydrological State,0
2.07,41.52,6.35,2.68,0.09,5.04,GREEN,Normal Hydrological State,0
0.09,15.51,15.2,2.67,0.17,5.02,GREEN,Normal Hydrological State,0
33.19,76.64,43.39,6.27,2.75,8.81,GREEN,Normal Hydrological State,0
6.31,46.5,26.84,2.83,0.22,5.23,GREEN,Normal Hydrological State,0
14.04,31.66,21.07,0.94,1.67,5.29,GREEN,Normal Hydrological State,0
10.28,25.9,43.08,3.05,0.04,5.29,GREEN,Normal Hydrological State,0
6.62,43.35,19.6,3.41,0.58,5.18,GREEN,Normal Hydrological State,0
2.84,41.72,15.72,2.39,0.07,5.08,GREEN,Normal Hydrological State,0
5.72,54.05,30.03,1.85,1.37,5.26,GREEN,Normal Hydrological State,0
3.77,33.63,27.0,2.79,0.12,5.11,GREEN,Normal Hydrological State,0
23.63,18.46,24.25,1.78,0.57,5.31,GREEN,Normal Hydrological State,0
5.05,46.88,19.96,3.92,0.26,5.16,GREEN,Normal Hydrological State,0
9.61,43.66,19.91,2.68,0.07,5.26,GREEN,Normal Hydrological State,0
6.0,52.44,44.43,2.32,0.41,5.35,GREEN,Normal Hydrological State,0
2.13,70.72,44.9,7.39,6.63,61.53,ORANGE,Seismic GLOF Warning,1
7.63,47.01,43.38,3.59,0.85,5.39,GREEN,Normal Hydrological State,0
50.82,79.14,15.59,6.45,1.75,8.29,GREEN,Normal Hydrological State,0
27.26,79.14,42.75,6.08,2.9,7.71,GREEN,Normal Hydrological State,0
0.52,65.36,55.4,7.78,7.11,87.54,RED,Seismic GLOF Warning,1
17.62,35.87,38.95,3.2,0.19,5.64,GREEN,Normal Hydrological State,0
32.91,64.49,36.48,5.8,2.51,7.26,GREEN,Normal Hydrological State,0
0.42,50.56,34.9,2.86,0.35,5.04,GREEN,Normal Hydrological State,0
0.56,31.0,36.39,1.08,0.9,5.04,GREEN,Normal Hydrological State,0
0.0,18.56,45.04,1.38,0.53,5.02,GREEN,Normal Hydrological State,0
9.79,45.8,19.35,2.25,0.3,5.27,GREEN,Normal Hydrological State,0
6.98,46.83,36.67,3.96,0.11,5.32,GREEN,Normal Hydrological State,0
8.6,49.93,44.42,2.7,0.25,5.47,GREEN,Normal Hydrological State,0
2.2,48.52,28.93,1.67,1.31,5.1,GREEN,Normal Hydrological State,0
56.34,58.14,26.11,5.82,1.7,7.84,GREEN,Normal Hydrological State,0
28.08,69.3,39.21,5.57,0.83,7.16,GREEN,Normal Hydrological State,0
100.55,79.52,35.68,9.73,0.05,67.92,ORANGE,Cloudburst Flash Flood,1
3.62,46.87,9.68,3.02,0.01,5.08,GREEN,Normal Hydrological State,0
1.97,37.96,58.48,12.02,6.87,99.0,RED,Seismic GLOF Warning,1
3.09,31.48,34.34,2.8,1.03,5.1,GREEN,Normal Hydrological State,0
6.49,24.08,30.09,1.47,1.1,5.14,GREEN,Normal Hydrological State,0
15.65,29.81,18.05,2.98,0.63,5.27,GREEN,Normal Hydrological State,0
3.36,37.35,8.5,2.74,0.74,5.06,GREEN,Normal Hydrological State,0
5.65,13.94,45.04,2.71,0.33,5.1,GREEN,Normal Hydrological State,0
30.64,66.49,35.11,6.68,1.87,8.86,GREEN,Normal Hydrological State,0
5.33,28.04,40.43,10.39,6.7,91.68,RED,Seismic GLOF Warning,1
23.83,70.84,45.28,7.0,0.54,10.18,GREEN,Normal Hydrological State,0
1.1,58.17,41.38,11.49,6.38,95.54,RED,Seismic GLOF Warning,1
0.44,29.97,8.59,3.36,0.49,5.02,GREEN,Normal Hydrological State,0
48.71,67.47,20.88,5.28,2.48,7.33,GREEN,Normal Hydrological State,0
96.52,75.6,26.09,8.46,1.19,35.86,YELLOW,Cloudburst Flash Flood,0
8.57,37.39,45.59,2.41,0.85,5.36,GREEN,Normal Hydrological State,0
25.46,65.36,46.7,6.54,1.88,8.35,GREEN,Normal Hydrological State,0
48.33,57.17,26.39,5.27,3.47,7.34,GREEN,Normal Hydrological State,0
6.63,26.07,3.83,2.48,0.43,5.05,GREEN,Normal Hydrological State,0
2.13,58.96,47.38,7.16,5.47,30.96,GREEN,Seismic GLOF Warning,0
3.69,49.52,25.85,2.77,0.58,5.15,GREEN,Normal Hydrological State,0
0.85,25.95,38.31,1.76,0.09,5.04,GREEN,Normal Hydrological State,0
0.54,30.23,8.14,1.39,0.0,5.03,GREEN,Normal Hydrological State,0
4.83,35.86,32.11,2.18,0.38,5.16,GREEN,Normal Hydrological State,0
8.98,51.23,32.08,2.7,0.02,5.4,GREEN,Normal Hydrological State,0
8.05,23.85,36.78,3.12,0.67,5.19,GREEN,Normal Hydrological State,0
149.33,76.65,38.4,9.52,0.38,79.04,RED,Cloudburst Flash Flood,1
5.7,44.07,26.28,3.44,0.52,5.2,GREEN,Normal Hydrological State,0
15.0,39.4,28.66,1.88,0.26,5.48,GREEN,Normal Hydrological State,0
15.81,50.37,35.94,2.77,0.38,5.76,GREEN,Normal Hydrological State,0
2.93,54.11,33.43,1.54,0.17,5.15,GREEN,Normal Hydrological State,0
0.0,55.7,11.96,2.53,0.47,5.02,GREEN,Normal Hydrological State,0
100.98,89.31,53.18,11.14,0.33,92.88,RED,Cloudburst Flash Flood,1
61.13,63.13,24.2,6.48,2.8,9.48,GREEN,Normal Hydrological State,0
4.98,31.87,38.83,0.97,0.24,5.17,GREEN,Normal Hydrological State,0
0.0,28.7,8.83,1.66,0.01,5.02,GREEN,Normal Hydrological State,0
8.43,42.88,42.43,3.44,0.3,5.39,GREEN,Normal Hydrological State,0
95.18,86.69,35.92,9.17,0.36,59.27,ORANGE,Cloudburst Flash Flood,1
4.53,48.89,4.31,2.87,0.09,5.06,GREEN,Normal Hydrological State,0
125.46,89.69,31.88,8.2,1.79,51.91,YELLOW,Cloudburst Flash Flood,1
12.97,24.92,9.6,2.22,1.11,5.13,GREEN,Normal Hydrological State,0
4.94,45.55,36.63,11.54,6.15,93.58,RED,Seismic GLOF Warning,1
9.58,44.31,20.49,2.35,0.22,5.27,GREEN,Normal Hydrological State,0
4.05,27.02,24.81,1.45,1.18,5.09,GREEN,Normal Hydrological State,0
99.88,86.81,39.52,10.16,1.91,79.06,RED,Cloudburst Flash Flood,1
30.83,57.05,29.58,6.28,1.21,7.02,GREEN,Normal Hydrological State,0
9.88,50.86,39.1,1.59,0.81,5.51,GREEN,Normal Hydrological State,0
131.84,98.5,28.09,10.64,1.78,88.27,RED,Cloudburst Flash Flood,1
104.66,89.47,35.48,10.18,0.6,79.44,RED,Cloudburst Flash Flood,1
4.47,20.9,29.25,3.16,0.0,5.09,GREEN,Normal Hydrological State,0
2.74,17.83,32.01,1.82,0.83,5.06,GREEN,Normal Hydrological State,0
4.43,74.6,57.74,7.3,6.11,63.38,ORANGE,Seismic GLOF Warning,1
4.61,26.67,8.4,2.54,0.27,5.06,GREEN,Normal Hydrological State,0
121.2,79.79,26.7,6.69,0.6,22.07,GREEN,Cloudburst Flash Flood,0
4.55,30.27,37.53,1.56,0.0,5.15,GREEN,Normal Hydrological State,0
4.09,36.82,9.69,3.5,0.1,5.07,GREEN,Normal Hydrological State,0
6.95,42.21,31.38,2.7,0.63,5.26,GREEN,Normal Hydrological State,0
7.71,25.8,33.64,2.27,1.24,5.19,GREEN,Normal Hydrological State,0
139.27,88.65,47.27,11.06,1.34,95.65,RED,Cloudburst Flash Flood,1
32.15,62.8,31.78,7.17,1.0,10.86,GREEN,River Overflow / Stage Exceeded,0
43.88,68.81,22.32,6.38,2.8,8.07,GREEN,Normal Hydrological State,0
2.12,35.06,47.51,7.99,7.22,83.67,RED,Seismic GLOF Warning,1
8.1,40.36,42.12,3.1,0.19,5.35,GREEN,Normal Hydrological State,0
92.38,77.2,55.01,10.0,1.99,77.04,RED,Cloudburst Flash Flood,1
29.04,72.62,20.4,5.74,3.07,6.38,GREEN,Normal Hydrological State,0
3.47,45.43,31.6,3.97,0.98,5.15,GREEN,Normal Hydrological State,0
0.0,56.77,53.96,10.49,5.76,89.3,RED,Seismic GLOF Warning,1
2.77,41.7,16.08,3.06,0.59,5.08,GREEN,Normal Hydrological State,0
4.95,50.19,13.43,2.36,1.41,5.13,GREEN,Normal Hydrological State,0
8.32,42.68,35.83,2.99,0.04,5.34,GREEN,Normal Hydrological State,0
3.21,29.83,37.51,1.99,0.32,5.11,GREEN,Normal Hydrological State,0
1.34,46.99,8.64,2.84,1.42,5.04,GREEN,Normal Hydrological State,0
1.28,15.55,21.24,3.34,0.18,5.03,GREEN,Normal Hydrological State,0
36.8,58.14,28.73,5.82,0.46,6.87,GREEN,Normal Hydrological State,0
26.37,61.13,21.74,5.53,2.95,6.09,GREEN,Normal Hydrological State,0
3.06,56.2,31.02,8.77,7.2,71.67,ORANGE,Seismic GLOF Warning,1
75.86,97.95,38.65,8.15,1.38,39.61,YELLOW,Cloudburst Flash Flood,0
7.38,36.71,17.14,2.66,1.51,5.16,GREEN,Normal Hydrological State,0
123.74,82.63,32.77,7.48,1.43,37.36,YELLOW,Cloudburst Flash Flood,0
4.3,44.81,7.34,3.69,0.78,5.07,GREEN,Normal Hydrological State,0
11.76,33.0,5.85,3.0,0.02,5.11,GREEN,Normal Hydrological State,0
2.64,63.59,43.99,7.68,6.34,57.3,ORANGE,Seismic GLOF Warning,1
11.62,46.22,22.79,3.8,0.13,5.37,GREEN,Normal Hydrological State,0
0.0,36.62,31.23,1.47,0.95,5.02,GREEN,Normal Hydrological State,0
10.56,34.36,41.9,3.97,0.15,5.38,GREEN,Normal Hydrological State,0
2.01,39.31,53.97,9.16,6.15,83.13,RED,Seismic GLOF Warning,1
4.13,32.99,12.71,3.9,3.08,5.08,GREEN,Normal Hydrological State,0
4.84,27.74,35.88,2.45,0.27,5.14,GREEN,Normal Hydrological State,0
8.27,25.63,37.24,3.31,0.0,5.21,GREEN,Normal Hydrological State,0
40.79,76.26,41.81,4.73,0.72,9.03,GREEN,Normal Hydrological State,0
2.51,32.49,33.76,9.91,7.32,88.72,RED,Seismic GLOF Warning,1
0.0,46.68,39.17,0.77,0.58,5.02,GREEN,Normal Hydrological State,0
3.2,50.1,16.19,3.67,0.15,5.1,GREEN,Normal Hydrological State,0
5.89,49.43,35.49,2.55,0.05,5.28,GREEN,Normal Hydrological State,0
27.54,60.0,49.79,7.19,2.87,11.28,GREEN,River Overflow / Stage Exceeded,0
13.94,19.57,4.42,3.24,0.65,5.07,GREEN,Normal Hydrological State,0
1.47,50.94,26.99,3.14,0.31,5.07,GREEN,Normal Hydrological State,0
2.22,52.56,31.31,3.45,0.0,5.11,GREEN,Normal Hydrological State,0
8.37,36.44,15.83,1.87,0.44,5.17,GREEN,Normal Hydrological State,0
7.7,44.28,28.63,0.92,0.39,5.28,GREEN,Normal Hydrological State,0
43.2,68.65,42.56,6.92,2.27,12.26,GREEN,Normal Hydrological State,0
8.14,15.59,22.76,3.68,0.57,5.1,GREEN,Normal Hydrological State,0
13.47,48.62,43.24,2.34,0.0,5.71,GREEN,Normal Hydrological State,0
10.76,49.0,6.98,2.58,0.21,5.15,GREEN,Normal Hydrological State,0
1.48,55.42,36.35,7.53,5.45,26.93,GREEN,Seismic GLOF Warning,0
11.62,39.69,34.78,8.03,4.41,18.06,GREEN,River Overflow / Stage Exceeded,0
3.4,44.45,32.23,2.7,0.28,5.14,GREEN,Normal Hydrological State,0
12.55,43.66,31.65,1.66,0.66,5.48,GREEN,Normal Hydrological State,0
2.38,18.81,30.65,2.22,0.41,5.06,GREEN,Normal Hydrological State,0
8.2,14.71,29.26,2.81,0.37,5.11,GREEN,Normal Hydrological State,0
2.1,43.85,25.78,4.07,0.55,5.08,GREEN,Normal Hydrological State,0
6.5,25.11,35.88,2.76,0.0,5.17,GREEN,Normal Hydrological State,0
0.31,47.84,21.1,2.51,0.0,5.03,GREEN,Normal Hydrological State,0
4.59,33.92,27.81,2.48,1.22,5.14,GREEN,Normal Hydrological State,0
84.45,91.46,46.08,7.97,2.35,42.53,YELLOW,Cloudburst Flash Flood,0
13.61,46.53,17.79,2.06,0.67,5.36,GREEN,Normal Hydrological State,0
11.96,39.56,28.64,2.24,0.42,5.38,GREEN,Normal Hydrological State,0
13.15,43.51,34.93,4.33,1.25,5.53,GREEN,Normal Hydrological State,0
18.08,16.47,39.96,2.43,0.77,5.31,GREEN,Normal Hydrological State,0
6.52,55.57,40.17,2.17,0.05,5.37,GREEN,Normal Hydrological State,0
9.88,30.66,24.5,2.56,0.55,5.22,GREEN,Normal Hydrological State,0
7.58,25.02,16.48,3.14,0.8,5.11,GREEN,Normal Hydrological State,0
11.48,36.38,34.97,1.63,0.36,5.39,GREEN,Normal Hydrological State,0
11.29,50.64,37.59,3.49,0.65,5.56,GREEN,Normal Hydrological State,0
14.65,55.12,23.29,1.86,1.22,5.56,GREEN,Normal Hydrological State,0
27.54,68.93,45.51,5.43,1.28,7.35,GREEN,Normal Hydrological State,0
12.67,18.71,14.54,2.34,0.15,5.13,GREEN,Normal Hydrological State,0
48.33,66.91,43.35,6.53,3.13,10.98,GREEN,Normal Hydrological State,0
8.99,26.99,19.55,1.42,0.14,5.16,GREEN,Normal Hydrological State,0
3.43,33.04,15.48,1.89,2.91,5.07,GREEN,Normal Hydrological State,0
141.15,81.43,30.45,11.54,2.16,93.53,RED,Cloudburst Flash Flood,1
4.36,43.29,29.49,2.33,0.16,5.17,GREEN,Normal Hydrological State,0
4.53,38.88,43.23,2.33,0.25,5.2,GREEN,Normal Hydrological State,0
1.4,43.99,51.23,8.76,6.71,86.14,RED,Seismic GLOF Warning,1
18.52,36.98,21.67,2.23,0.3,5.45,GREEN,Normal Hydrological State,0
6.11,30.86,8.66,3.45,0.3,5.08,GREEN,Normal Hydrological State,0
5.37,28.43,22.26,2.18,1.16,5.12,GREEN,Normal Hydrological State,0
20.16,41.18,22.86,3.71,2.36,5.57,GREEN,Normal Hydrological State,0
1.54,37.17,43.75,8.43,5.0,34.89,GREEN,River Overflow / Stage Exceeded,0
3.25,34.86,17.9,3.06,0.54,5.08,GREEN,Normal Hydrological State,0
81.74,85.59,25.57,8.73,1.79,38.98,YELLOW,Cloudburst Flash Flood,0
12.95,43.78,25.02,2.97,0.37,5.42,GREEN,Normal Hydrological State,0
13.21,46.66,35.76,1.54,0.25,5.58,GREEN,Normal Hydrological State,0
50.38,69.86,28.76,4.17,0.93,8.39,GREEN,Normal Hydrological State,0
0.0,33.54,39.97,12.2,5.86,95.77,RED,Seismic GLOF Warning,1
8.19,44.65,6.38,1.97,0.0,5.11,GREEN,Normal Hydrological State,0
1.86,39.51,54.84,8.49,5.43,55.68,ORANGE,Seismic GLOF Warning,1
2.42,51.13,49.54,8.17,4.43,21.32,GREEN,River Overflow / Stage Exceeded,0
6.72,35.46,40.14,1.98,0.47,5.25,GREEN,Normal Hydrological State,0
4.29,34.15,10.93,2.73,0.05,5.07,GREEN,Normal Hydrological State,0
72.0,98.79,48.68,7.47,2.13,33.42,GREEN,Cloudburst Flash Flood,0
37.07,71.24,45.87,4.33,0.92,8.53,GREEN,Normal Hydrological State,0
7.17,47.04,36.32,2.34,1.0,5.33,GREEN,Normal Hydrological State,0
1.32,36.05,44.26,11.5,4.89,84.47,RED,River Overflow / Stage Exceeded,1
2.93,64.76,31.61,9.12,4.78,36.42,YELLOW,River Overflow / Stage Exceeded,0
4.75,30.94,51.31,7.74,5.51,43.26,YELLOW,Seismic GLOF Warning,0
5.43,41.14,24.77,1.36,1.06,5.17,GREEN,Normal Hydrological State,0
0.8,29.85,36.48,10.05,5.38,67.41,ORANGE,Seismic GLOF Warning,1
0.0,36.73,39.72,2.16,0.07,5.02,GREEN,Normal Hydrological State,0
60.48,60.59,41.31,5.21,1.09,9.94,GREEN,Normal Hydrological State,0
38.02,57.44,22.2,5.01,2.34,6.54,GREEN,Normal Hydrological State,0
90.79,86.55,50.31,8.19,1.09,49.07,YELLOW,Cloudburst Flash Flood,0
8.3,18.63,17.58,0.96,0.59,5.1,GREEN,Normal Hydrological State,0
7.03,53.31,7.51,1.72,0.25,5.12,GREEN,Normal Hydrological State,0
0.53,48.95,38.41,2.0,0.13,5.04,GREEN,Normal Hydrological State,0
27.76,58.25,48.96,4.68,2.57,7.05,GREEN,Normal Hydrological State,0
2.19,39.65,19.79,2.9,0.0,5.07,GREEN,Normal Hydrological State,0
3.68,20.24,17.59,3.6,1.31,5.06,GREEN,Normal Hydrological State,0
6.03,44.91,43.16,1.77,0.25,5.29,GREEN,Normal Hydrological State,0
49.65,69.48,38.62,5.05,1.12,9.3,GREEN,Normal Hydrological State,0
8.94,47.89,22.7,2.92,0.1,5.29,GREEN,Normal Hydrological State,0
2.3,18.9,35.7,2.28,0.23,5.06,GREEN,Normal Hydrological State,0
0.65,70.95,55.28,8.06,6.87,85.97,RED,Seismic GLOF Warning,1
12.63,34.94,19.18,2.76,0.0,5.27,GREEN,Normal Hydrological State,0
66.22,83.99,51.82,11.01,1.24,83.53,RED,River Overflow / Stage Exceeded,1
7.52,51.48,56.9,9.72,6.81,95.76,RED,Seismic GLOF Warning,1
0.04,37.84,50.93,11.76,5.83,95.98,RED,Seismic GLOF Warning,1
31.97,65.47,30.09,5.4,1.49,6.9,GREEN,Normal Hydrological State,0
5.86,40.81,32.75,2.37,0.7,5.22,GREEN,Normal Hydrological State,0
5.37,44.98,9.06,2.54,0.98,5.1,GREEN,Normal Hydrological State,0
14.27,45.4,6.6,4.54,0.33,5.18,GREEN,Normal Hydrological State,0
9.31,18.83,29.92,2.26,0.42,5.16,GREEN,Normal Hydrological State,0
4.74,62.45,37.63,7.88,6.2,49.12,YELLOW,Seismic GLOF Warning,0
7.47,18.42,5.3,2.71,1.25,5.05,GREEN,Normal Hydrological State,0
0.74,37.69,15.74,2.03,0.57,5.03,GREEN,Normal Hydrological State,0
7.13,53.42,5.33,3.38,0.22,5.1,GREEN,Normal Hydrological State,0
5.45,19.02,24.78,1.42,0.46,5.09,GREEN,Normal Hydrological State,0
7.49,33.91,16.93,2.33,0.14,5.15,GREEN,Normal Hydrological State,0
5.19,52.39,44.12,1.31,0.94,5.3,GREEN,Normal Hydrological State,0
13.93,20.77,30.72,1.8,0.1,5.25,GREEN,Normal Hydrological State,0
4.99,36.32,30.08,3.47,2.34,5.16,GREEN,Normal Hydrological State,0
0.0,55.09,37.11,7.3,5.52,25.79,GREEN,Seismic GLOF Warning,0
7.17,52.5,53.58,10.28,7.67,98.8,RED,Seismic GLOF Warning,1
7.71,48.32,34.76,2.82,0.52,5.35,GREEN,Normal Hydrological State,0
0.0,24.57,18.04,0.7,0.12,5.02,GREEN,Normal Hydrological State,0
3.49,53.66,9.2,2.8,0.25,5.08,GREEN,Normal Hydrological State,0
149.02,93.61,35.08,6.84,1.48,47.29,YELLOW,Cloudburst Flash Flood,0
2.49,46.12,14.03,1.06,0.59,5.07,GREEN,Normal Hydrological State,0
2.16,24.5,30.74,1.97,0.16,5.06,GREEN,Normal Hydrological State,0
1.6,50.99,7.05,2.09,0.32,5.04,GREEN,Normal Hydrological State,0
3.23,41.07,31.17,2.64,0.31,5.13,GREEN,Normal Hydrological State,0
5.51,14.79,11.0,1.78,0.12,5.05,GREEN,Normal Hydrological State,0
0.0,47.76,54.68,8.05,5.74,57.59,ORANGE,Seismic GLOF Warning,1
0.65,66.17,50.21,9.76,5.7,78.95,RED,Seismic GLOF Warning,1
26.09,69.78,46.41,5.76,1.96,7.27,GREEN,Normal Hydrological State,0
16.52,48.49,17.29,3.5,0.99,5.44,GREEN,Normal Hydrological State,0
0.0,60.53,54.37,7.96,7.52,92.37,RED,Seismic GLOF Warning,1
3.93,16.11,9.52,2.72,0.12,5.04,GREEN,Normal Hydrological State,0
5.86,40.27,15.04,2.12,0.24,5.13,GREEN,Normal Hydrological State,0
3.57,53.39,31.75,2.84,0.21,5.18,GREEN,Normal Hydrological State,0
52.5,61.49,36.82,5.85,3.12,8.79,GREEN,Normal Hydrological State,0
2.55,19.88,18.25,2.33,1.74,5.05,GREEN,Normal Hydrological State,0
73.27,83.8,31.63,6.97,2.3,17.87,GREEN,Cloudburst Flash Flood,0
128.98,92.22,27.56,8.18,1.03,49.34,YELLOW,Cloudburst Flash Flood,0
2.8,22.52,25.53,2.83,0.13,5.06,GREEN,Normal Hydrological State,0
77.46,88.66,28.59,9.67,1.41,57.88,ORANGE,Cloudburst Flash Flood,1
5.4,32.35,10.38,2.47,0.45,5.08,GREEN,Normal Hydrological State,0
0.86,42.74,40.36,2.96,0.2,5.06,GREEN,Normal Hydrological State,0
0.0,22.11,7.45,1.88,0.16,5.02,GREEN,Normal Hydrological State,0
41.73,81.71,18.0,6.76,0.71,9.25,GREEN,Normal Hydrological State,0
41.96,73.68,43.79,6.31,0.67,9.91,GREEN,Normal Hydrological State,0
0.28,42.48,28.3,1.07,0.47,5.03,GREEN,Normal Hydrological State,0
4.81,29.52,27.27,1.69,0.48,5.12,GREEN,Normal Hydrological State,0
44.59,69.53,47.8,6.19,0.54,9.88,GREEN,Normal Hydrological State,0
48.57,63.61,30.97,5.66,0.82,8.08,GREEN,Normal Hydrological State,0
0.74,26.95,40.09,2.27,0.56,5.04,GREEN,Normal Hydrological State,0
11.37,35.54,40.55,1.23,0.0,5.42,GREEN,Normal Hydrological State,0
0.59,71.16,57.35,11.57,4.88,88.21,RED,Seismic GLOF Warning,1
5.5,45.03,17.57,1.43,1.0,5.15,GREEN,Normal Hydrological State,0
36.52,71.51,30.65,5.16,2.9,7.49,GREEN,Normal Hydrological State,0
6.15,16.16,17.21,2.89,0.2,5.07,GREEN,Normal Hydrological State,0
7.62,46.79,22.33,1.41,2.31,5.25,GREEN,Normal Hydrological State,0
7.0,19.14,11.5,2.77,0.69,5.07,GREEN,Normal Hydrological State,0
3.64,23.3,39.63,2.95,0.61,5.1,GREEN,Normal Hydrological State,0
2.49,51.8,24.74,2.12,0.0,5.11,GREEN,Normal Hydrological State,0
4.37,55.05,9.53,3.16,0.78,5.1,GREEN,Normal Hydrological State,0
4.75,41.5,34.19,7.61,5.7,30.99,GREEN,Seismic GLOF Warning,0
3.88,40.42,39.21,9.69,4.89,52.84,YELLOW,River Overflow / Stage Exceeded,1
6.26,26.69,21.14,3.61,0.22,5.12,GREEN,Normal Hydrological State,0
0.42,19.02,34.77,2.29,0.0,5.03,GREEN,Normal Hydrological State,0
138.39,77.11,50.8,10.28,1.4,89.74,RED,Cloudburst Flash Flood,1
0.0,44.3,27.95,1.78,0.26,5.02,GREEN,Normal Hydrological State,0
7.72,20.8,26.2,2.95,0.61,5.13,GREEN,Normal Hydrological State,0
91.88,94.55,27.82,8.88,1.5,49.6,YELLOW,Cloudburst Flash Flood,0
12.29,40.85,11.22,3.02,0.41,5.21,GREEN,Normal Hydrological State,0
0.0,33.07,35.96,1.83,0.12,5.02,GREEN,Normal Hydrological State,0
143.75,97.57,24.97,8.9,1.31,65.53,ORANGE,Cloudburst Flash Flood,1
5.2,15.4,5.86,3.25,0.95,5.04,GREEN,Normal Hydrological State,0
12.12,34.3,6.29,2.78,0.78,5.12,GREEN,Normal Hydrological State,0
9.0,39.85,9.96,3.91,0.64,5.14,GREEN,Normal Hydrological State,0
1.03,17.35,27.52,3.24,0.82,5.03,GREEN,Normal Hydrological State,0
44.67,69.24,39.91,5.52,1.74,8.84,GREEN,Normal Hydrological State,0
15.13,54.2,42.99,3.85,0.68,5.89,GREEN,Normal Hydrological State,0
9.4,30.97,45.58,2.1,0.65,5.33,GREEN,Normal Hydrological State,0
83.63,88.92,33.23,10.33,1.64,74.35,ORANGE,Cloudburst Flash Flood,1
29.11,65.26,25.75,5.61,1.01,6.5,GREEN,Normal Hydrological State,0
1.54,25.84,13.9,2.42,0.53,5.04,GREEN,Normal Hydrological State,0
32.91,62.15,39.06,4.62,1.84,7.28,GREEN,Normal Hydrological State,0
17.77,51.06,8.68,0.97,0.24,5.29,GREEN,Normal Hydrological State,0
0.0,31.6,26.71,3.0,0.94,5.02,GREEN,Normal Hydrological State,0
13.27,41.89,8.59,3.9,0.38,5.19,GREEN,Normal Hydrological State,0
1.32,73.16,41.96,8.53,4.76,30.33,GREEN,River Overflow / Stage Exceeded,0
8.42,42.63,9.33,3.37,0.2,5.13,GREEN,Normal Hydrological State,0
50.06,83.69,24.68,6.71,3.01,10.92,GREEN,Normal Hydrological State,0
4.14,18.25,40.0,2.16,0.0,5.09,GREEN,Normal Hydrological State,0
1.22,22.61,20.92,2.58,0.08,5.04,GREEN,Normal Hydrological State,0
7.55,51.13,15.54,2.7,0.75,5.2,GREEN,Normal Hydrological State,0
1.17,47.64,38.12,8.32,4.87,27.94,GREEN,River Overflow / Stage Exceeded,0
7.56,17.18,36.38,2.26,0.31,5.14,GREEN,Normal Hydrological State,0
4.14,65.56,40.16,7.17,5.57,28.57,GREEN,Seismic GLOF Warning,0
59.45,76.59,40.37,7.01,2.69,16.39,GREEN,River Overflow / Stage Exceeded,0
0.08,44.37,4.34,1.61,0.25,5.02,GREEN,Normal Hydrological State,0
4.34,40.5,36.97,8.86,4.33,26.13,GREEN,River Overflow / Stage Exceeded,0
4.12,51.28,43.71,9.12,7.13,88.75,RED,Seismic GLOF Warning,1
6.45,68.29,39.21,10.69,5.72,85.0,RED,Seismic GLOF Warning,1
117.94,88.4,28.01,11.42,2.3,90.85,RED,Cloudburst Flash Flood,1
6.39,31.93,14.96,2.22,0.46,5.11,GREEN,Normal Hydrological State,0
132.31,82.71,27.03,11.48,1.35,91.55,RED,Cloudburst Flash Flood,1
4.01,27.28,41.92,2.65,0.28,5.13,GREEN,Normal Hydrological State,0
3.36,51.12,27.22,1.04,0.46,5.15,GREEN,Normal Hydrological State,0
1.59,40.06,41.24,1.73,1.2,5.08,GREEN,Normal Hydrological State,0
8.67,44.27,13.83,2.88,0.45,5.19,GREEN,Normal Hydrological State,0
31.01,79.82,47.54,4.91,2.15,8.34,GREEN,Normal Hydrological State,0
3.11,40.12,22.18,2.38,1.57,5.1,GREEN,Normal Hydrological State,0
1.39,49.37,42.17,9.0,4.51,32.25,GREEN,River Overflow / Stage Exceeded,0
0.0,48.85,53.23,11.46,4.61,81.66,RED,River Overflow / Stage Exceeded,1
33.4,55.83,41.34,6.81,2.59,9.45,GREEN,Normal Hydrological State,0
60.11,70.99,24.31,5.72,2.2,8.69,GREEN,Normal Hydrological State,0
61.56,69.1,36.47,4.75,3.18,10.39,GREEN,Normal Hydrological State,0
2.03,45.98,59.27,10.49,7.31,98.91,RED,Seismic GLOF Warning,1
130.88,79.75,27.38,10.98,0.0,86.81,RED,Cloudburst Flash Flood,1
3.22,17.17,21.08,2.78,0.74,5.05,GREEN,Normal Hydrological State,0
3.47,22.78,12.36,1.36,0.0,5.05,GREEN,Normal Hydrological State,0
41.09,59.33,24.18,4.65,3.35,6.88,GREEN,Normal Hydrological State,0
97.06,76.49,48.68,9.56,2.36,69.4,ORANGE,Cloudburst Flash Flood,1
26.08,79.14,46.95,6.9,3.19,10.54,GREEN,Normal Hydrological State,0
89.65,83.98,45.48,7.24,1.34,31.01,GREEN,Cloudburst Flash Flood,0
6.32,22.4,26.25,2.55,0.55,5.12,GREEN,Normal Hydrological State,0
117.58,90.03,27.38,10.84,1.94,85.76,RED,Cloudburst Flash Flood,1
36.77,72.81,24.87,5.89,2.44,7.14,GREEN,Normal Hydrological State,0
18.26,27.06,26.63,2.19,0.0,5.38,GREEN,Normal Hydrological State,0
2.65,32.18,40.89,1.6,0.45,5.1,GREEN,Normal Hydrological State,0
1.56,30.64,28.92,2.35,1.13,5.06,GREEN,Normal Hydrological State,0
0.0,57.63,20.36,2.84,0.11,5.02,GREEN,Normal Hydrological State,0
103.07,92.18,48.28,7.45,0.94,45.54,YELLOW,Cloudburst Flash Flood,0
8.37,38.84,43.82,2.82,0.15,5.35,GREEN,Normal Hydrological State,0
5.59,40.77,23.22,2.63,0.32,5.17,GREEN,Normal Hydrological State,0
0.2,23.06,28.0,1.63,0.17,5.02,GREEN,Normal Hydrological State,0
130.62,97.59,41.96,10.96,2.4,94.72,RED,Cloudburst Flash Flood,1
0.88,44.92,42.53,10.13,6.85,92.04,RED,Seismic GLOF Warning,1
107.57,93.88,43.51,7.82,0.31,50.97,YELLOW,Cloudburst Flash Flood,1
0.0,48.36,24.42,2.37,2.88,5.02,GREEN,Normal Hydrological State,0
147.11,93.53,45.35,10.81,0.0,95.73,RED,Cloudburst Flash Flood,1
43.51,69.1,31.31,5.14,2.6,8.01,GREEN,Normal Hydrological State,0
133.89,76.38,46.7,9.2,0.36,75.34,RED,Cloudburst Flash Flood,1
103.6,79.31,52.17,6.94,0.7,34.06,GREEN,Cloudburst Flash Flood,0
4.74,20.56,28.17,2.84,1.36,5.09,GREEN,Normal Hydrological State,0
0.62,53.0,34.1,8.07,5.48,32.88,GREEN,Seismic GLOF Warning,0
148.08,84.42,49.43,8.66,0.97,78.8,RED,Cloudburst Flash Flood,1
11.64,39.72,42.77,2.76,2.12,5.49,GREEN,Normal Hydrological State,0
9.97,66.45,45.22,7.2,6.93,69.1,ORANGE,Seismic GLOF Warning,1
4.69,26.7,43.58,2.8,0.22,5.15,GREEN,Normal Hydrological State,0
6.2,49.23,14.17,2.66,0.25,5.16,GREEN,Normal Hydrological State,0
68.01,93.54,45.69,8.64,1.0,46.3,YELLOW,River Overflow / Stage Exceeded,0
24.87,59.68,19.47,4.75,2.35,5.91,GREEN,Normal Hydrological State,0
103.07,78.88,51.77,9.19,1.23,68.25,ORANGE,Cloudburst Flash Flood,1
3.79,16.99,18.03,1.84,0.01,5.05,GREEN,Normal Hydrological State,0
11.22,19.78,13.03,3.03,0.95,5.11,GREEN,Normal Hydrological State,0
114.27,83.99,35.43,9.84,1.1,75.4,RED,Cloudburst Flash Flood,1
3.09,38.39,11.48,3.17,0.61,5.06,GREEN,Normal Hydrological State,0
60.76,64.14,21.9,4.77,3.04,7.99,GREEN,Normal Hydrological State,0
10.05,20.27,38.69,2.46,0.47,5.21,GREEN,Normal Hydrological State,0
5.02,37.73,22.04,1.48,0.14,5.14,GREEN,Normal Hydrological State,0
75.29,98.6,39.2,10.71,1.95,82.19,RED,Cloudburst Flash Flood,1
8.07,43.33,21.24,2.22,0.42,5.23,GREEN,Normal Hydrological State,0
6.3,30.68,23.06,2.31,0.01,5.14,GREEN,Normal Hydrological State,0
1.12,24.34,24.31,2.55,0.42,5.04,GREEN,Normal Hydrological State,0
2.28,21.44,41.51,2.31,2.72,5.07,GREEN,Normal Hydrological State,0
1.87,44.57,31.96,2.71,0.44,5.09,GREEN,Normal Hydrological State,0
7.5,23.59,24.9,2.3,0.29,5.14,GREEN,Normal Hydrological State,0
2.1,25.58,6.75,2.62,0.44,5.03,GREEN,Normal Hydrological State,0
4.49,15.78,29.16,3.73,0.4,5.07,GREEN,Normal Hydrological State,0
52.33,63.86,35.8,4.56,0.46,8.86,GREEN,Normal Hydrological State,0
28.07,18.17,38.56,2.03,0.0,5.51,GREEN,Normal Hydrological State,0
46.91,74.37,25.16,6.51,2.61,9.3,GREEN,Normal Hydrological State,0
11.86,33.96,44.38,1.41,0.6,5.44,GREEN,Normal Hydrological State,0
2.92,54.56,11.74,1.58,0.02,5.08,GREEN,Normal Hydrological State,0
116.46,93.36,39.53,10.26,0.48,86.3,RED,Cloudburst Flash Flood,1
2.95,25.02,28.8,2.41,0.84,5.08,GREEN,Normal Hydrological State,0
7.9,18.28,20.7,3.07,0.82,5.11,GREEN,Normal Hydrological State,0
84.35,75.16,46.81,11.44,2.2,89.02,RED,Cloudburst Flash Flood,1
9.43,50.76,35.47,2.41,1.17,5.45,GREEN,Normal Hydrological State,0
9.66,26.1,17.4,2.34,0.13,5.15,GREEN,Normal Hydrological State,0
0.0,43.78,34.71,8.81,5.03,36.51,YELLOW,River Overflow / Stage Exceeded,0
5.33,46.05,55.84,7.95,6.27,73.77,ORANGE,Seismic GLOF Warning,1
9.51,27.2,7.22,2.13,0.01,5.09,GREEN,Normal Hydrological State,0
34.27,58.13,28.46,5.8,2.21,6.71,GREEN,Normal Hydrological State,0
9.61,33.83,26.71,3.25,0.64,5.26,GREEN,Normal Hydrological State,0
1.63,37.3,42.31,1.13,0.85,5.08,GREEN,Normal Hydrological State,0
119.74,89.35,52.43,11.08,0.76,94.74,RED,Cloudburst Flash Flood,1
1.2,33.52,32.33,1.52,0.34,5.05,GREEN,Normal Hydrological State,0
0.78,48.8,33.1,10.9,6.85,92.1,RED,Seismic GLOF Warning,1
1.73,43.16,32.04,1.66,1.85,5.08,GREEN,Normal Hydrological State,0
4.82,18.7,19.9,1.17,0.68,5.07,GREEN,Normal Hydrological State,0
4.2,59.87,46.02,8.29,7.35,87.05,RED,Seismic GLOF Warning,1
1.82,34.77,6.92,3.14,0.0,5.04,GREEN,Normal Hydrological State,0
0.0,53.88,38.2,2.0,0.51,5.02,GREEN,Normal Hydrological State,0
52.83,74.45,34.83,5.49,3.03,9.65,GREEN,Normal Hydrological State,0
1.16,13.46,26.21,3.93,0.94,5.03,GREEN,Normal Hydrological State,0
4.27,44.53,4.56,2.84,0.62,5.05,GREEN,Normal Hydrological State,0
2.9,22.34,5.59,3.15,0.74,5.03,GREEN,Normal Hydrological State,0
2.67,30.77,18.56,2.29,0.83,5.07,GREEN,Normal Hydrological State,0
10.71,15.21,14.95,2.71,0.42,5.1,GREEN,Normal Hydrological State,0
0.0,32.78,30.56,10.85,5.51,78.31,RED,River Overflow / Stage Exceeded,1
1.3,29.97,34.35,10.8,4.65,66.79,ORANGE,River Overflow / Stage Exceeded,1
6.0,36.29,6.45,3.82,0.14,5.07,GREEN,Normal Hydrological State,0
71.53,77.9,37.3,9.2,2.18,48.39,YELLOW,Cloudburst Flash Flood,0
3.02,25.54,26.56,2.96,1.17,5.08,GREEN,Normal Hydrological State,0
91.65,95.88,33.01,7.8,0.13,36.37,YELLOW,Cloudburst Flash Flood,0
5.5,45.05,28.14,1.55,0.15,5.21,GREEN,Normal Hydrological State,0
3.34,29.48,46.78,10.64,4.27,58.57,ORANGE,River Overflow / Stage Exceeded,1
1.8,47.96,35.37,2.94,0.28,5.1,GREEN,Normal Hydrological State,0
33.72,81.24,44.53,6.83,2.27,11.47,GREEN,Normal Hydrological State,0
107.87,91.55,48.35,7.26,2.06,44.89,YELLOW,Cloudburst Flash Flood,0
13.3,43.39,23.7,3.0,0.53,5.41,GREEN,Normal Hydrological State,0
4.12,52.85,36.11,1.21,0.79,5.21,GREEN,Normal Hydrological State,0
56.3,72.7,39.36,5.66,1.4,10.49,GREEN,Normal Hydrological State,0
56.21,63.75,30.19,5.22,1.34,8.62,GREEN,Normal Hydrological State,0
52.56,77.83,19.22,6.39,0.47,8.72,GREEN,Normal Hydrological State,0
0.0,49.29,22.1,1.2,0.13,5.02,GREEN,Normal Hydrological State,0
121.45,89.78,46.57,8.59,1.58,69.31,ORANGE,Cloudburst Flash Flood,1
30.87,76.3,46.14,5.29,1.01,8.07,GREEN,Normal Hydrological State,0
41.71,61.76,39.86,6.01,1.05,8.07,GREEN,Normal Hydrological State,0
4.85,54.85,20.15,2.84,0.34,5.17,GREEN,Normal Hydrological State,0
4.57,44.89,12.0,2.25,0.14,5.1,GREEN,Normal Hydrological State,0
0.23,58.32,41.73,10.83,6.29,91.81,RED,Seismic GLOF Warning,1
34.17,58.42,47.38,5.37,3.25,7.57,GREEN,Normal Hydrological State,0
5.06,30.61,40.72,2.41,0.06,5.17,GREEN,Normal Hydrological State,0
2.96,44.15,30.43,8.89,7.61,77.66,RED,Seismic GLOF Warning,1
18.83,39.34,25.45,0.6,0.46,5.55,GREEN,Normal Hydrological State,0
108.18,89.12,31.95,10.18,1.47,78.19,RED,Cloudburst Flash Flood,1
4.23,47.96,4.93,2.28,1.72,5.06,GREEN,Normal Hydrological State,0
23.13,76.4,21.3,4.86,2.39,6.18,GREEN,Normal Hydrological State,0
12.8,42.35,58.96,8.22,7.01,92.19,RED,Seismic GLOF Warning,1
1.78,21.0,21.86,3.61,0.15,5.04,GREEN,Normal Hydrological State,0
29.25,69.24,44.98,6.24,2.18,7.97,GREEN,Normal Hydrological State,0
6.47,22.46,41.72,3.24,0.26,5.16,GREEN,Normal Hydrological State,0
1.72,37.22,44.51,2.96,0.3,5.09,GREEN,Normal Hydrological State,0
0.69,23.73,38.07,3.21,0.82,5.04,GREEN,Normal Hydrological State,0
4.54,39.66,57.43,7.93,6.64,83.12,RED,Seismic GLOF Warning,1
3.79,43.39,33.16,8.86,6.39,62.78,ORANGE,Seismic GLOF Warning,1
8.09,25.6,18.63,1.59,1.63,5.13,GREEN,Normal Hydrological State,0
1.91,32.57,33.22,2.24,0.11,5.07,GREEN,Normal Hydrological State,0
0.0,47.89,7.41,2.91,0.11,5.02,GREEN,Normal Hydrological State,0
1.77,56.12,9.72,3.41,0.63,5.05,GREEN,Normal Hydrological State,0
55.37,70.15,44.37,5.18,2.88,10.69,GREEN,Normal Hydrological State,0
0.0,63.59,63.71,11.78,6.24,98.72,RED,Seismic GLOF Warning,1
12.32,46.76,25.39,2.4,0.07,5.43,GREEN,Normal Hydrological State,0
0.0,38.47,38.33,1.67,0.29,5.02,GREEN,Normal Hydrological State,0
8.18,36.48,6.06,2.5,0.83,5.09,GREEN,Normal Hydrological State,0
3.05,46.55,36.75,2.35,0.09,5.15,GREEN,Normal Hydrological State,0
113.93,96.59,24.08,11.42,1.33,90.05,RED,Cloudburst Flash Flood,1
25.52,57.5,24.13,5.18,2.42,6.07,GREEN,Normal Hydrological State,0
4.16,47.17,18.05,2.18,1.04,5.12,GREEN,Normal Hydrological State,0
60.95,77.61,21.24,5.11,2.7,8.69,GREEN,Normal Hydrological State,0
0.23,12.57,19.25,2.71,0.25,5.02,GREEN,Normal Hydrological State,0
1.19,31.45,6.84,2.25,1.11,5.03,GREEN,Normal Hydrological State,0
37.83,73.37,36.51,4.86,3.12,8.11,GREEN,Normal Hydrological State,0
4.12,48.42,43.03,7.32,4.64,15.78,GREEN,River Overflow / Stage Exceeded,0
26.55,66.21,18.29,6.57,2.2,7.22,GREEN,Normal Hydrological State,0
49.8,72.43,45.27,6.66,1.22,12.59,GREEN,Normal Hydrological State,0
27.45,66.18,31.52,6.05,1.25,6.72,GREEN,Normal Hydrological State,0
134.47,93.66,31.13,9.22,2.0,72.83,ORANGE,Cloudburst Flash Flood,1
4.35,70.66,60.96,7.98,6.39,81.97,RED,Seismic GLOF Warning,1
11.56,49.76,16.11,2.39,0.32,5.3,GREEN,Normal Hydrological State,0
0.0,27.11,24.45,3.79,0.18,5.02,GREEN,Normal Hydrological State,0
8.26,49.84,12.79,3.26,1.43,5.19,GREEN,Normal Hydrological State,0
13.99,31.96,21.74,2.41,0.75,5.3,GREEN,Normal Hydrological State,0
51.65,67.49,25.99,4.61,2.55,8.05,GREEN,Normal Hydrological State,0
5.12,32.27,40.95,2.41,0.69,5.18,GREEN,Normal Hydrological State,0
0.41,31.4,10.91,3.23,0.25,5.03,GREEN,Normal Hydrological State,0
5.94,55.76,16.45,0.57,0.62,5.18,GREEN,Normal Hydrological State,0
88.34,96.9,28.37,8.6,1.41,44.48,YELLOW,Cloudburst Flash Flood,0
138.31,79.18,30.49,8.8,1.32,59.41,ORANGE,Cloudburst Flash Flood,1
12.92,57.47,36.75,2.91,1.01,5.72,GREEN,Normal Hydrological State,0
80.64,98.4,55.16,9.22,0.76,69.09,ORANGE,Cloudburst Flash Flood,1
0.08,71.65,48.58,7.47,7.31,81.46,RED,Seismic GLOF Warning,1
7.81,30.59,21.23,2.08,0.19,5.16,GREEN,Normal Hydrological State,0
120.0,89.3,42.51,8.57,0.66,65.23,ORANGE,Cloudburst Flash Flood,1
4.2,44.03,23.2,2.39,0.2,5.14,GREEN,Normal Hydrological State,0
0.0,37.67,31.16,1.44,1.54,5.02,GREEN,Normal Hydrological State,0
1.53,21.54,41.2,2.21,0.4,5.05,GREEN,Normal Hydrological State,0
4.44,19.1,37.71,3.51,0.6,5.1,GREEN,Normal Hydrological State,0
3.67,32.77,41.33,2.38,0.26,5.14,GREEN,Normal Hydrological State,0
11.99,21.52,5.41,4.01,0.84,5.07,GREEN,Normal Hydrological State,0
9.54,24.01,30.62,1.58,0.17,5.2,GREEN,Normal Hydrological State,0
69.26,98.57,33.23,9.91,1.29,65.1,ORANGE,River Overflow / Stage Exceeded,1
7.63,23.34,17.23,3.34,0.66,5.11,GREEN,Normal Hydrological State,0
5.96,58.66,24.83,2.94,0.38,5.26,GREEN,Normal Hydrological State,0
102.76,83.11,31.27,10.81,0.76,83.02,RED,Cloudburst Flash Flood,1
4.55,18.3,11.63,3.74,0.91,5.05,GREEN,Normal Hydrological State,0
30.83,63.98,47.2,6.08,0.64,7.63,GREEN,Normal Hydrological State,0
0.0,15.24,14.97,3.65,0.29,5.02,GREEN,Normal Hydrological State,0
4.86,69.65,40.61,10.32,7.13,94.29,RED,Seismic GLOF Warning,1
2.87,28.56,41.59,2.23,0.35,5.1,GREEN,Normal Hydrological State,0
150.08,90.12,28.39,8.86,0.99,67.59,ORANGE,Cloudburst Flash Flood,1
56.68,74.82,50.66,5.69,1.54,12.21,GREEN,Saturated Soil Runoff,0
0.47,31.21,19.26,1.74,0.69,5.03,GREEN,Normal Hydrological State,0
10.04,16.72,12.16,2.68,0.23,5.09,GREEN,Normal Hydrological State,0
1.47,44.35,20.75,1.95,1.2,5.06,GREEN,Normal Hydrological State,0
48.4,77.22,17.94,6.47,1.34,8.46,GREEN,Normal Hydrological State,0
9.94,44.51,24.97,2.24,0.22,5.33,GREEN,Normal Hydrological State,0
14.27,33.45,24.98,2.73,1.05,5.35,GREEN,Normal Hydrological State,0
40.6,55.03,42.83,4.72,1.36,7.72,GREEN,Normal Hydrological State,0
8.2,38.32,23.31,3.21,0.23,5.22,GREEN,Normal Hydrological State,0
5.02,50.82,20.06,2.22,0.66,5.17,GREEN,Normal Hydrological State,0
4.21,76.19,50.18,11.45,6.06,96.12,RED,Seismic GLOF Warning,1
2.55,29.3,35.83,2.06,0.6,5.09,GREEN,Normal Hydrological State,0
8.45,33.38,26.09,2.69,0.33,5.22,GREEN,Normal Hydrological State,0
5.28,35.38,30.48,10.01,5.95,71.78,ORANGE,Seismic GLOF Warning,1
19.04,52.34,25.35,2.15,0.04,5.74,GREEN,Normal Hydrological State,0
8.23,51.21,43.12,2.24,0.52,5.45,GREEN,Normal Hydrological State,0
7.1,35.67,29.77,1.02,0.58,5.22,GREEN,Normal Hydrological State,0
25.82,71.76,34.18,6.57,3.53,8.16,GREEN,Normal Hydrological State,0
7.21,30.27,36.24,3.23,0.29,5.22,GREEN,Normal Hydrological State,0
4.14,22.74,15.13,2.12,0.13,5.06,GREEN,Normal Hydrological State,0
10.5,27.31,7.54,2.66,0.0,5.1,GREEN,Normal Hydrological State,0
8.16,52.64,20.79,2.97,1.03,5.28,GREEN,Normal Hydrological State,0
7.11,20.53,6.28,2.36,0.37,5.05,GREEN,Normal Hydrological State,0
0.0,19.31,15.76,1.86,2.06,5.02,GREEN,Normal Hydrological State,0
6.55,35.81,41.88,10.88,4.31,64.22,ORANGE,River Overflow / Stage Exceeded,1
6.84,57.2,35.58,11.19,7.46,96.9,RED,Seismic GLOF Warning,1
135.29,85.78,44.62,7.26,1.18,51.37,YELLOW,Cloudburst Flash Flood,1
6.42,34.67,29.65,1.97,0.16,5.19,GREEN,Normal Hydrological State,0
1.22,46.02,19.91,0.8,0.03,5.05,GREEN,Normal Hydrological State,0
7.62,29.56,14.64,3.16,0.62,5.12,GREEN,Normal Hydrological State,0
6.09,21.09,30.3,2.16,0.94,5.12,GREEN,Normal Hydrological State,0
13.87,48.0,9.55,2.43,0.01,5.24,GREEN,Normal Hydrological State,0
3.94,51.86,42.38,2.19,0.3,5.22,GREEN,Normal Hydrological State,0
6.29,28.54,32.4,2.36,2.0,5.17,GREEN,Normal Hydrological State,0
47.17,72.95,46.38,4.63,2.96,10.01,GREEN,Normal Hydrological State,0
5.74,23.47,40.83,2.3,0.0,5.15,GREEN,Normal Hydrological State,0
2.03,46.16,25.49,3.3,0.2,5.09,GREEN,Normal Hydrological State,0
43.47,17.65,23.81,3.53,0.03,5.54,GREEN,Normal Hydrological State,0
1.1,26.37,24.79,1.99,0.43,5.04,GREEN,Normal Hydrological State,0
5.75,27.1,20.33,2.97,0.0,5.11,GREEN,Normal Hydrological State,0
4.94,18.67,36.48,2.4,0.32,5.1,GREEN,Normal Hydrological State,0
45.67,71.05,48.43,5.06,0.55,9.8,GREEN,Normal Hydrological State,0
33.12,69.31,19.05,5.23,3.29,6.43,GREEN,Normal Hydrological State,0
0.0,48.4,27.72,1.99,0.38,5.02,GREEN,Normal Hydrological State,0
1.15,33.93,60.09,8.6,6.68,90.23,RED,Seismic GLOF Warning,1
5.17,52.56,39.32,2.35,1.21,5.28,GREEN,Normal Hydrological State,0
0.34,48.26,9.89,3.23,1.62,5.03,GREEN,Normal Hydrological State,0
2.93,69.11,47.32,9.29,7.21,92.71,RED,Seismic GLOF Warning,1
102.53,76.32,43.37,10.93,2.09,86.94,RED,Cloudburst Flash Flood,1
18.91,39.65,39.79,3.6,0.86,5.77,GREEN,Normal Hydrological State,0
0.0,51.83,47.58,9.75,5.68,76.32,RED,Seismic GLOF Warning,1
146.08,85.86,28.5,11.01,0.46,90.79,RED,Cloudburst Flash Flood,1
3.2,48.61,32.83,2.27,0.06,5.15,GREEN,Normal Hydrological State,0
8.37,33.99,16.85,2.18,0.35,5.16,GREEN,Normal Hydrological State,0
8.7,48.44,10.15,3.29,0.14,5.16,GREEN,Normal Hydrological State,0
12.6,23.47,4.74,2.04,0.21,5.08,GREEN,Normal Hydrological State,0
90.37,82.81,50.81,8.31,1.4,49.26,YELLOW,Cloudburst Flash Flood,0
18.7,24.37,27.67,3.62,1.02,5.36,GREEN,Normal Hydrological State,0
40.96,57.81,39.72,6.76,2.81,10.02,GREEN,Normal Hydrological State,0
0.76,27.46,8.05,1.97,0.86,5.03,GREEN,Normal Hydrological State,0
4.85,25.62,44.98,1.57,0.51,5.15,GREEN,Normal Hydrological State,0
79.48,83.54,46.75,8.24,2.0,41.5,YELLOW,Cloudburst Flash Flood,0
5.97,26.52,37.27,3.49,0.74,5.16,GREEN,Normal Hydrological State,0
6.09,25.32,30.11,3.4,0.94,5.14,GREEN,Normal Hydrological State,0
6.97,44.6,31.74,2.67,0.53,5.28,GREEN,Normal Hydrological State,0
0.25,32.6,44.91,8.31,5.49,45.54,YELLOW,Seismic GLOF Warning,0
2.12,34.48,12.23,1.6,0.28,5.05,GREEN,Normal Hydrological State,0
1.68,23.37,36.75,2.51,0.48,5.06,GREEN,Normal Hydrological State,0
0.94,36.66,40.37,10.2,4.97,64.28,ORANGE,River Overflow / Stage Exceeded,1
10.28,39.13,22.63,2.64,0.0,5.28,GREEN,Normal Hydrological State,0
2.32,24.04,43.55,2.42,0.05,5.08,GREEN,Normal Hydrological State,0
4.91,32.39,24.51,2.97,0.75,5.13,GREEN,Normal Hydrological State,0
6.74,40.63,11.08,3.41,2.05,5.12,GREEN,Normal Hydrological State,0
3.38,22.45,35.62,2.66,0.53,5.09,GREEN,Normal Hydrological State,0
0.36,30.33,15.04,3.04,0.79,5.03,GREEN,Normal Hydrological State,0
7.3,39.78,44.69,0.57,0.33,5.32,GREEN,Normal Hydrological State,0
4.66,16.64,15.54,3.25,1.18,5.06,GREEN,Normal Hydrological State,0
53.7,57.55,31.93,6.38,2.89,9.05,GREEN,Normal Hydrological State,0
61.52,74.75,29.04,6.33,3.19,10.69,GREEN,Normal Hydrological State,0
11.48,54.54,19.22,1.54,0.84,5.38,GREEN,Normal Hydrological State,0
5.77,73.6,34.21,9.04,5.52,51.55,YELLOW,Seismic GLOF Warning,1
13.12,34.4,17.6,2.48,0.1,5.26,GREEN,Normal Hydrological State,0
9.13,17.53,5.98,1.52,0.61,5.06,GREEN,Normal Hydrological State,0
0.0,69.89,30.74,9.43,5.0,44.56,YELLOW,River Overflow / Stage Exceeded,0
0.0,43.16,51.76,11.81,6.13,97.39,RED,Seismic GLOF Warning,1
12.07,47.84,36.16,10.42,4.31,55.37,ORANGE,River Overflow / Stage Exceeded,1
54.24,70.48,25.69,4.82,2.89,8.38,GREEN,Normal Hydrological State,0
8.19,53.46,57.31,7.87,6.0,68.15,ORANGE,Seismic GLOF Warning,1
3.23,37.46,40.2,1.35,0.09,5.14,GREEN,Normal Hydrological State,0
3.69,51.27,38.08,7.78,5.59,34.55,GREEN,Seismic GLOF Warning,0
4.24,47.54,31.0,1.41,0.97,5.18,GREEN,Normal Hydrological State,0
5.58,43.75,15.75,4.17,0.15,5.14,GREEN,Normal Hydrological State,0
4.54,17.65,11.79,2.5,0.27,5.05,GREEN,Normal Hydrological State,0
6.96,22.37,35.16,2.74,0.98,5.16,GREEN,Normal Hydrological State,0
68.52,78.37,38.75,7.59,1.19,23.71,GREEN,River Overflow / Stage Exceeded,0
5.21,25.8,9.3,3.07,1.11,5.06,GREEN,Normal Hydrological State,0
55.18,71.05,13.3,5.55,2.63,6.91,GREEN,Normal Hydrological State,0
8.75,37.69,39.06,0.5,0.18,5.33,GREEN,Normal Hydrological State,0
0.62,31.86,58.62,9.0,7.4,96.76,RED,Seismic GLOF Warning,1
1.42,29.22,32.2,1.61,0.39,5.05,GREEN,Normal Hydrological State,0
2.98,26.19,34.15,3.91,0.41,5.09,GREEN,Normal Hydrological State,0
1.49,17.56,24.38,2.65,0.31,5.04,GREEN,Normal Hydrological State,0
3.54,20.03,38.93,3.21,0.33,5.09,GREEN,Normal Hydrological State,0
50.06,59.73,26.99,6.83,2.56,10.17,GREEN,Normal Hydrological State,0
16.11,32.81,11.04,2.69,0.86,5.21,GREEN,Normal Hydrological State,0
5.15,28.76,47.11,10.0,7.42,96.47,RED,Seismic GLOF Warning,1
1.82,41.47,44.47,2.63,0.61,5.1,GREEN,Normal Hydrological State,0
1.97,17.88,23.66,1.7,0.17,5.04,GREEN,Normal Hydrological State,0
5.26,35.2,29.23,2.38,0.03,5.16,GREEN,Normal Hydrological State,0
2.41,37.05,32.71,3.07,0.06,5.09,GREEN,Normal Hydrological State,0
1.34,44.39,45.23,9.19,4.97,48.21,YELLOW,River Overflow / Stage Exceeded,0
39.77,55.71,20.16,5.88,1.62,6.44,GREEN,Normal Hydrological State,0
0.0,47.7,39.49,2.59,0.28,5.02,GREEN,Normal Hydrological State,0
140.55,88.19,30.89,9.21,0.15,71.9,ORANGE,Cloudburst Flash Flood,1
1.58,34.31,30.02,1.89,1.02,5.06,GREEN,Normal Hydrological State,0
0.81,47.72,20.45,1.56,0.33,5.04,GREEN,Normal Hydrological State,0
1.07,37.42,22.22,2.12,0.05,5.05,GREEN,Normal Hydrological State,0
26.99,78.13,27.85,6.32,2.53,7.41,GREEN,Normal Hydrological State,0
3.72,46.03,15.93,3.21,0.34,5.1,GREEN,Normal Hydrological State,0
5.01,16.05,11.29,2.3,2.32,5.05,GREEN,Normal Hydrological State,0
10.77,36.33,39.65,2.92,0.03,5.4,GREEN,Normal Hydrological State,0
9.01,30.13,38.0,1.7,0.04,5.27,GREEN,Normal Hydrological State,0
2.89,23.64,34.62,1.79,0.44,5.08,GREEN,Normal Hydrological State,0
133.31,98.05,28.99,6.99,0.84,38.01,YELLOW,Cloudburst Flash Flood,0
4.88,47.04,10.29,2.21,0.7,5.1,GREEN,Normal Hydrological State,0
56.51,67.4,28.75,6.44,3.27,9.89,GREEN,Normal Hydrological State,0
0.5,64.44,50.21,10.84,4.4,66.27,ORANGE,River Overflow / Stage Exceeded,1
59.82,70.23,25.47,5.16,2.06,8.78,GREEN,Normal Hydrological State,0
0.0,24.36,15.22,1.08,2.66,5.02,GREEN,Normal Hydrological State,0
55.55,55.38,30.06,4.84,0.95,7.98,GREEN,Normal Hydrological State,0
6.28,50.26,41.62,2.68,1.97,5.33,GREEN,Normal Hydrological State,0
0.94,21.29,22.81,2.32,1.41,5.03,GREEN,Normal Hydrological State,0
56.68,68.91,45.0,5.68,2.04,10.8,GREEN,Normal Hydrological State,0
35.1,77.5,48.5,5.85,1.73,8.82,GREEN,Normal Hydrological State,0
4.48,22.61,33.52,3.62,0.29,5.11,GREEN,Normal Hydrological State,0
5.63,20.24,41.81,2.72,0.45,5.13,GREEN,Normal Hydrological State,0
3.02,37.6,25.59,4.15,0.28,5.1,GREEN,Normal Hydrological State,0
5.18,50.32,26.53,3.26,0.05,5.21,GREEN,Normal Hydrological State,0
0.0,40.22,59.16,11.11,6.82,98.68,RED,Seismic GLOF Warning,1
14.29,20.17,13.65,2.93,0.83,5.14,GREEN,Normal Hydrological State,0
1.26,30.66,26.04,3.66,0.08,5.05,GREEN,Normal Hydrological State,0
114.98,99.57,44.27,7.33,1.99,51.28,YELLOW,Cloudburst Flash Flood,1
2.0,52.18,60.02,10.66,5.39,88.31,RED,Seismic GLOF Warning,1
5.29,19.37,8.94,3.82,0.15,5.05,GREEN,Normal Hydrological State,0
0.93,57.47,59.07,8.87,4.35,30.07,GREEN,River Overflow / Stage Exceeded,0
3.23,38.93,36.59,1.42,0.44,5.13,GREEN,Normal Hydrological State,0
1.73,25.36,41.12,2.39,0.71,5.06,GREEN,Normal Hydrological State,0
17.29,51.61,31.41,2.73,0.22,5.78,GREEN,Normal Hydrological State,0
5.64,40.62,12.55,0.78,0.6,5.11,GREEN,Normal Hydrological State,0
0.0,46.01,22.38,2.93,0.23,5.02,GREEN,Normal Hydrological State,0
17.3,30.11,43.61,4.12,0.19,5.56,GREEN,Normal Hydrological State,0
18.51,18.97,16.87,1.78,0.08,5.2,GREEN,Normal Hydrological State,0
8.32,30.16,25.79,1.79,0.48,5.2,GREEN,Normal Hydrological State,0
1.88,39.06,28.06,2.91,0.55,5.07,GREEN,Normal Hydrological State,0
11.65,23.45,40.7,3.56,0.08,5.29,GREEN,Normal Hydrological State,0
3.05,45.66,42.76,0.93,0.53,5.16,GREEN,Normal Hydrological State,0
1.81,43.05,38.29,1.66,0.9,5.09,GREEN,Normal Hydrological State,0
43.28,63.14,49.38,5.19,1.84,8.9,GREEN,Normal Hydrological State,0
57.0,57.84,28.71,6.81,2.33,10.72,GREEN,Normal Hydrological State,0
0.42,42.57,12.39,2.06,0.02,5.03,GREEN,Normal Hydrological State,0
49.54,67.52,32.96,4.63,0.7,8.59,GREEN,Normal Hydrological State,0
1.73,17.45,23.26,1.78,0.2,5.04,GREEN,Normal Hydrological State,0
83.52,93.28,33.46,10.13,0.78,72.42,ORANGE,Cloudburst Flash Flood,1
2.72,59.79,40.28,11.53,5.83,92.73,RED,Seismic GLOF Warning,1
4.06,18.58,17.38,1.92,1.75,5.06,GREEN,Normal Hydrological State,0
0.86,32.54,29.59,8.38,7.13,61.53,ORANGE,Seismic GLOF Warning,1
54.33,79.42,31.04,5.03,0.53,9.72,GREEN,Normal Hydrological State,0
34.92,72.74,43.49,4.7,2.01,8.22,GREEN,Normal Hydrological State,0
4.81,50.42,34.85,2.45,0.0,5.23,GREEN,Normal Hydrological State,0
7.47,16.68,35.94,2.83,0.71,5.13,GREEN,Normal Hydrological State,0
3.31,14.71,37.11,1.96,0.59,5.06,GREEN,Normal Hydrological State,0
1.64,23.14,17.55,3.35,1.64,5.04,GREEN,Normal Hydrological State,0
5.95,40.26,14.16,2.33,0.86,5.13,GREEN,Normal Hydrological State,0
63.02,79.2,52.51,7.97,2.09,30.97,GREEN,River Overflow / Stage Exceeded,0
19.25,52.29,41.46,2.34,0.97,6.08,GREEN,Normal Hydrological State,0
1.62,43.1,36.95,2.65,0.83,5.08,GREEN,Normal Hydrological State,0
11.15,45.84,23.82,3.57,1.02,5.36,GREEN,Normal Hydrological State,0
30.57,75.93,50.63,4.73,2.36,8.23,GREEN,Normal Hydrological State,0
37.51,80.45,29.64,6.63,1.09,9.66,GREEN,Normal Hydrological State,0
4.11,68.54,45.17,8.38,5.06,37.3,YELLOW,Seismic GLOF Warning,0
1.4,33.31,32.0,3.05,1.03,5.06,GREEN,Normal Hydrological State,0
4.42,28.86,31.21,3.84,0.0,5.12,GREEN,Normal Hydrological State,0
9.24,27.36,39.38,0.77,0.02,5.26,GREEN,Normal Hydrological State,0
1.17,34.76,7.6,4.62,0.52,5.03,GREEN,Normal Hydrological State,0
3.42,31.17,27.15,1.4,0.24,5.1,GREEN,Normal Hydrological State,0
7.67,46.37,25.04,0.67,0.43,5.27,GREEN,Normal Hydrological State,0
3.44,36.09,24.58,2.97,0.07,5.1,GREEN,Normal Hydrological State,0
2.15,47.11,41.73,12.16,6.71,98.22,RED,Seismic GLOF Warning,1
3.54,46.11,36.1,3.22,0.08,5.17,GREEN,Normal Hydrological State,0
6.83,36.1,38.15,2.67,0.84,5.25,GREEN,Normal Hydrological State,0
6.2,49.78,41.03,2.31,0.77,5.32,GREEN,Normal Hydrological State,0
44.0,68.52,19.4,5.26,0.85,6.98,GREEN,Normal Hydrological State,0
2.35,47.87,38.15,2.93,0.21,5.12,GREEN,Normal Hydrological State,0
5.6,45.0,39.68,2.17,0.02,5.26,GREEN,Normal Hydrological State,0
85.46,88.31,46.72,10.21,1.74,78.89,RED,Cloudburst Flash Flood,1
98.01,81.61,46.15,8.99,2.52,61.41,ORANGE,Cloudburst Flash Flood,1
4.87,15.03,26.94,2.41,0.46,5.07,GREEN,Normal Hydrological State,0
3.62,41.16,27.46,0.75,0.46,5.13,GREEN,Normal Hydrological State,0
40.18,72.7,42.83,6.08,2.99,8.92,GREEN,Normal Hydrological State,0
4.1,33.48,20.69,2.01,0.4,5.1,GREEN,Normal Hydrological State,0
7.34,32.07,44.34,3.7,0.23,5.26,GREEN,Normal Hydrological State,0
3.25,43.16,29.99,2.6,0.46,5.13,GREEN,Normal Hydrological State,0
14.16,55.66,27.88,3.01,0.05,5.63,GREEN,Normal Hydrological State,0
119.29,76.3,52.09,10.07,2.44,84.2,RED,Cloudburst Flash Flood,1
9.12,50.56,41.36,1.54,0.94,5.48,GREEN,Normal Hydrological State,0
5.26,26.78,45.02,3.62,1.44,5.17,GREEN,Normal Hydrological State,0
1.43,48.94,39.74,2.71,0.75,5.09,GREEN,Normal Hydrological State,0
4.84,24.62,44.75,3.19,0.05,5.14,GREEN,Normal Hydrological State,0
3.82,51.67,19.44,3.04,0.34,5.13,GREEN,Normal Hydrological State,0
6.74,42.29,42.27,2.08,0.0,5.31,GREEN,Normal Hydrological State,0
2.18,26.06,38.75,3.18,0.02,5.07,GREEN,Normal Hydrological State,0
3.48,54.0,20.51,2.41,1.12,5.13,GREEN,Normal Hydrological State,0
7.14,47.4,38.06,2.52,0.24,5.34,GREEN,Normal Hydrological State,0
2.31,36.19,28.28,3.66,0.36,5.08,GREEN,Normal Hydrological State,0
8.3,53.76,25.63,1.77,0.58,5.33,GREEN,Normal Hydrological State,0
8.32,50.33,13.99,3.64,0.29,5.2,GREEN,Normal Hydrological State,0
9.03,29.6,16.39,3.07,0.71,5.15,GREEN,Normal Hydrological State,0
1.21,29.91,5.91,2.1,0.0,5.03,GREEN,Normal Hydrological State,0
2.06,36.61,52.12,8.55,5.94,68.98,ORANGE,Seismic GLOF Warning,1
4.88,49.87,12.75,2.59,0.46,5.12,GREEN,Normal Hydrological State,0
10.67,47.39,39.03,3.29,0.53,5.51,GREEN,Normal Hydrological State,0
3.75,72.37,51.9,9.23,7.19,94.48,RED,Seismic GLOF Warning,1
4.63,41.23,37.56,11.32,5.46,87.28,RED,Seismic GLOF Warning,1
7.01,39.82,37.04,3.49,0.58,5.28,GREEN,Normal Hydrological State,0
38.18,56.73,23.2,6.19,2.71,6.88,GREEN,Normal Hydrological State,0
4.68,39.3,22.58,2.31,0.2,5.14,GREEN,Normal Hydrological State,0
0.0,65.65,37.99,9.77,5.47,65.27,ORANGE,Seismic GLOF Warning,1
55.62,77.46,32.55,5.61,3.05,9.93,GREEN,Normal Hydrological State,0
3.96,24.51,14.2,2.76,0.61,5.06,GREEN,Normal Hydrological State,0
3.99,43.99,20.19,1.52,0.53,5.12,GREEN,Normal Hydrological State,0
2.41,65.91,48.49,8.25,6.95,83.07,RED,Seismic GLOF Warning,1
1.43,56.27,41.21,11.03,6.49,94.11,RED,Seismic GLOF Warning,1
57.07,78.75,41.28,4.27,1.95,11.53,GREEN,Saturated Soil Runoff,0
5.0,46.45,3.86,1.6,0.42,5.06,GREEN,Normal Hydrological State,0
1.15,43.42,37.87,7.76,5.14,25.36,GREEN,River Overflow / Stage Exceeded,0
1.86,29.04,44.21,2.61,0.46,5.08,GREEN,Normal Hydrological State,0
2.25,22.03,27.66,2.68,1.31,5.06,GREEN,Normal Hydrological State,0
96.71,85.51,46.7,11.18,2.38,90.77,RED,Cloudburst Flash Flood,1
5.36,48.45,23.75,2.71,0.79,5.19,GREEN,Normal Hydrological State,0
5.87,27.49,21.53,2.99,1.15,5.12,GREEN,Normal Hydrological State,0
14.42,13.69,33.47,3.15,0.28,5.19,GREEN,Normal Hydrological State,0
6.35,40.3,21.69,3.49,0.4,5.18,GREEN,Normal Hydrological State,0
4.97,35.13,55.19,9.39,6.74,93.12,RED,Seismic GLOF Warning,1
2.88,52.65,29.67,8.47,6.11,46.32,YELLOW,Seismic GLOF Warning,0
9.69,26.96,9.18,2.57,0.42,5.1,GREEN,Normal Hydrological State,0
5.78,52.56,13.51,3.99,0.92,5.15,GREEN,Normal Hydrological State,0
0.53,56.01,44.77,2.35,1.74,5.05,GREEN,Normal Hydrological State,0
9.42,45.68,29.37,2.56,0.31,5.36,GREEN,Normal Hydrological State,0
14.52,27.36,17.92,2.63,0.8,5.23,GREEN,Normal Hydrological State,0
5.53,37.59,15.54,2.95,1.56,5.12,GREEN,Normal Hydrological State,0
6.61,47.79,37.23,2.72,0.07,5.31,GREEN,Normal Hydrological State,0
77.63,100.0,54.11,7.53,1.92,40.04,YELLOW,Cloudburst Flash Flood,0
6.33,36.83,18.9,4.0,0.2,5.15,GREEN,Normal Hydrological State,0
4.06,25.6,41.23,1.24,0.8,5.12,GREEN,Normal Hydrological State,0
7.48,42.56,21.2,2.17,0.0,5.21,GREEN,Normal Hydrological State,0
1.4,54.84,24.11,3.48,0.22,5.07,GREEN,Normal Hydrological State,0
2.82,24.24,15.63,2.62,0.78,5.05,GREEN,Normal Hydrological State,0
10.31,54.98,42.55,7.03,4.55,13.51,GREEN,River Overflow / Stage Exceeded,0
101.74,81.75,30.8,10.36,0.1,76.23,RED,Cloudburst Flash Flood,1
17.2,41.98,5.22,1.01,0.97,5.16,GREEN,Normal Hydrological State,0
1.56,14.71,31.46,2.19,0.26,5.04,GREEN,Normal Hydrological State,0
3.63,15.82,8.09,2.46,0.0,5.04,GREEN,Normal Hydrological State,0
2.03,15.57,18.45,3.29,0.27,5.04,GREEN,Normal Hydrological State,0
4.09,20.35,18.95,2.33,1.51,5.07,GREEN,Normal Hydrological State,0
20.49,27.26,26.12,2.38,1.0,5.42,GREEN,Normal Hydrological State,0
74.32,78.14,25.97,8.34,1.95,29.31,GREEN,Cloudburst Flash Flood,0
6.53,48.19,27.15,3.85,0.24,5.25,GREEN,Normal Hydrological State,0
1.29,17.0,24.22,2.13,0.18,5.04,GREEN,Normal Hydrological State,0
95.43,90.45,37.26,10.88,1.94,86.43,RED,Cloudburst Flash Flood,1
6.56,47.09,30.58,1.79,3.13,5.27,GREEN,Normal Hydrological State,0
5.2,17.5,25.28,1.57,0.53,5.08,GREEN,Normal Hydrological State,0
0.57,55.93,48.24,12.17,4.41,86.19,RED,River Overflow / Stage Exceeded,1
33.53,62.74,18.59,6.02,1.09,6.29,GREEN,Normal Hydrological State,0
3.18,42.11,16.72,2.7,1.09,5.09,GREEN,Normal Hydrological State,0
51.09,78.42,45.48,6.76,2.77,14.16,GREEN,Saturated Soil Runoff,0
3.06,46.09,57.88,9.86,6.24,92.09,RED,Seismic GLOF Warning,1
0.0,45.0,42.93,2.25,0.05,5.02,GREEN,Normal Hydrological State,0
3.7,31.19,37.69,1.39,0.84,5.13,GREEN,Normal Hydrological State,0
1.27,43.3,40.68,8.96,4.98,41.51,YELLOW,River Overflow / Stage Exceeded,0
47.34,66.5,32.01,7.06,0.99,12.19,GREEN,River Overflow / Stage Exceeded,0
8.19,50.88,18.95,2.16,0.69,5.25,GREEN,Normal Hydrological State,0
4.49,23.9,41.28,3.98,0.69,5.12,GREEN,Normal Hydrological State,0
1.61,53.7,44.2,2.84,0.41,5.11,GREEN,Normal Hydrological State,0
3.66,30.91,35.67,11.76,5.63,91.46,RED,Seismic GLOF Warning,1
27.13,19.75,42.02,2.53,0.31,5.57,GREEN,Normal Hydrological State,0
4.67,25.78,38.22,3.49,1.03,5.13,GREEN,Normal Hydrological State,0
0.8,25.35,7.9,2.44,0.0,5.03,GREEN,Normal Hydrological State,0
104.18,91.54,52.32,11.14,1.85,93.53,RED,Cloudburst Flash Flood,1
13.81,41.98,17.51,2.75,0.08,5.33,GREEN,Normal Hydrological State,0
28.33,60.62,36.17,4.62,1.64,6.76,GREEN,Normal Hydrological State,0
44.32,66.04,17.11,5.4,1.4,6.71,GREEN,Normal Hydrological State,0
4.94,53.53,20.8,2.22,0.0,5.18,GREEN,Normal Hydrological State,0
56.36,75.49,42.89,5.63,1.67,11.26,GREEN,Saturated Soil Runoff,0
109.38,79.01,29.11,6.87,1.56,22.37,GREEN,Cloudburst Flash Flood,0
3.43,43.9,10.44,2.38,0.37,5.07,GREEN,Normal Hydrological State,0
100.23,74.47,46.79,8.04,1.09,42.61,YELLOW,Cloudburst Flash Flood,0
64.8,85.34,37.21,9.97,1.0,62.77,ORANGE,River Overflow / Stage Exceeded,1
4.31,24.94,38.57,2.06,0.5,5.12,GREEN,Normal Hydrological State,0
12.73,27.41,16.96,2.55,0.24,5.2,GREEN,Normal Hydrological State,0
1.38,32.88,14.03,1.01,0.06,5.04,GREEN,Normal Hydrological State,0
9.16,50.04,36.47,2.6,2.41,5.44,GREEN,Normal Hydrological State,0
0.0,45.38,13.01,3.41,1.07,5.02,GREEN,Normal Hydrological State,0
0.0,42.98,36.19,9.41,7.05,83.58,RED,Seismic GLOF Warning,1
6.62,31.43,36.82,1.69,0.1,5.21,GREEN,Normal Hydrological State,0
118.68,84.48,31.21,11.11,1.34,88.94,RED,Cloudburst Flash Flood,1
7.14,37.41,32.7,2.94,1.61,5.24,GREEN,Normal Hydrological State,0
4.75,44.68,15.65,1.57,0.2,5.12,GREEN,Normal Hydrological State,0
144.85,100.0,53.78,9.13,0.85,90.51,RED,Cloudburst Flash Flood,1
107.33,82.17,37.96,9.51,2.09,69.05,ORANGE,Cloudburst Flash Flood,1
56.0,64.94,29.68,5.4,1.58,8.63,GREEN,Normal Hydrological State,0
4.26,25.11,15.97,0.6,0.12,5.07,GREEN,Normal Hydrological State,0
6.16,36.22,32.59,1.44,1.3,5.21,GREEN,Normal Hydrological State,0
0.0,18.69,16.51,4.44,0.0,5.02,GREEN,Normal Hydrological State,0
0.0,42.91,39.1,2.18,0.06,5.02,GREEN,Normal Hydrological State,0
4.53,50.03,34.45,9.26,5.27,49.97,YELLOW,River Overflow / Stage Exceeded,0
0.54,38.96,30.93,2.72,0.38,5.04,GREEN,Normal Hydrological State,0
12.92,51.82,21.84,1.95,0.0,5.44,GREEN,Normal Hydrological State,0
24.27,72.68,43.6,5.49,2.5,7.09,GREEN,Normal Hydrological State,0
16.62,34.03,32.38,2.53,0.3,5.5,GREEN,Normal Hydrological State,0
105.21,81.76,34.36,10.16,2.21,76.23,RED,Cloudburst Flash Flood,1
5.45,39.79,15.31,2.77,0.72,5.12,GREEN,Normal Hydrological State,0
5.5,14.41,6.98,2.72,0.1,5.04,GREEN,Normal Hydrological State,0
0.75,39.19,48.05,11.36,5.97,94.62,RED,Seismic GLOF Warning,1
5.87,52.02,38.48,3.47,0.29,5.31,GREEN,Normal Hydrological State,0
3.87,49.09,34.27,1.55,0.35,5.18,GREEN,Normal Hydrological State,0
91.42,77.15,28.38,8.91,2.35,44.21,YELLOW,Cloudburst Flash Flood,0
1.05,46.73,18.02,1.77,0.07,5.05,GREEN,Normal Hydrological State,0
5.38,28.02,21.47,1.69,0.48,5.11,GREEN,Normal Hydrological State,0
33.3,59.48,31.95,5.38,2.32,6.87,GREEN,Normal Hydrological State,0
14.05,41.36,31.71,3.28,0.13,5.51,GREEN,Normal Hydrological State,0
17.73,39.38,22.67,2.31,1.08,5.47,GREEN,Normal Hydrological State,0
65.45,85.47,42.39,11.05,0.23,82.11,RED,River Overflow / Stage Exceeded,1
2.38,48.8,11.17,1.13,0.17,5.06,GREEN,Normal Hydrological State,0
1.3,56.59,41.23,7.74,5.12,26.56,GREEN,River Overflow / Stage Exceeded,0
3.26,27.7,30.98,2.5,0.8,5.09,GREEN,Normal Hydrological State,0
54.21,72.45,31.47,4.75,3.28,9.23,GREEN,Normal Hydrological State,0
0.84,52.96,5.43,1.82,0.0,5.03,GREEN,Normal Hydrological State,0
0.0,43.45,43.57,1.17,0.26,5.02,GREEN,Normal Hydrological State,0
37.12,78.67,19.93,5.26,3.43,6.95,GREEN,Normal Hydrological State,0
6.7,55.04,42.41,9.22,4.16,29.83,GREEN,River Overflow / Stage Exceeded,0
134.19,96.71,39.78,8.02,0.02,64.86,ORANGE,Cloudburst Flash Flood,1
1.19,71.82,38.94,8.8,6.61,72.87,ORANGE,Seismic GLOF Warning,1
9.41,46.96,28.69,2.38,0.62,5.36,GREEN,Normal Hydrological State,0
4.89,47.54,49.43,9.57,4.83,54.47,YELLOW,River Overflow / Stage Exceeded,1
1.77,30.37,44.42,7.34,5.97,42.68,YELLOW,Seismic GLOF Warning,0
3.21,43.01,45.49,11.33,6.64,96.95,RED,Seismic GLOF Warning,1
3.79,38.62,24.0,3.04,0.65,5.12,GREEN,Normal Hydrological State,0
0.0,42.87,33.5,2.46,0.13,5.02,GREEN,Normal Hydrological State,0
0.1,30.21,18.23,1.78,0.12,5.02,GREEN,Normal Hydrological State,0
2.56,35.95,23.78,2.96,1.38,5.08,GREEN,Normal Hydrological State,0
10.09,40.55,27.02,2.63,0.97,5.32,GREEN,Normal Hydrological State,0
11.07,45.23,15.14,1.8,0.18,5.25,GREEN,Normal Hydrological State,0
92.1,91.24,53.97,7.89,2.47,49.22,YELLOW,Cloudburst Flash Flood,0
3.27,50.84,21.18,4.12,0.0,5.12,GREEN,Normal Hydrological State,0
121.27,91.71,48.58,9.25,0.78,80.33,RED,Cloudburst Flash Flood,1
0.0,35.41,10.9,2.76,0.35,5.02,GREEN,Normal Hydrological State,0
4.9,42.56,6.42,3.15,0.46,5.07,GREEN,Normal Hydrological State,0
5.18,47.9,26.73,2.02,0.15,5.2,GREEN,Normal Hydrological State,0
5.55,15.21,32.96,2.83,0.17,5.09,GREEN,Normal Hydrological State,0
0.13,68.55,35.08,10.66,6.34,87.7,RED,Seismic GLOF Warning,1
2.89,24.54,31.85,1.96,0.85,5.08,GREEN,Normal Hydrological State,0
14.44,45.9,41.17,2.0,0.33,5.69,GREEN,Normal Hydrological State,0
3.69,49.81,33.89,2.17,0.35,5.18,GREEN,Normal Hydrological State,0
1.09,19.43,20.4,2.55,2.11,5.03,GREEN,Normal Hydrological State,0
4.95,27.95,27.25,3.03,0.68,5.12,GREEN,Normal Hydrological State,0
98.58,96.03,47.87,8.88,0.73,67.86,ORANGE,Cloudburst Flash Flood,1
2.84,20.2,8.95,2.34,0.67,5.04,GREEN,Normal Hydrological State,0
9.04,14.14,5.85,2.45,0.03,5.05,GREEN,Normal Hydrological State,0
3.28,28.51,9.49,2.65,0.12,5.05,GREEN,Normal Hydrological State,0
3.67,21.3,13.97,2.78,0.84,5.05,GREEN,Normal Hydrological State,0
54.29,75.94,36.74,5.79,2.15,10.2,GREEN,Normal Hydrological State,0
112.83,77.2,45.29,10.81,1.41,88.38,RED,Cloudburst Flash Flood,1
32.09,55.78,15.68,5.3,3.42,5.93,GREEN,Normal Hydrological State,0
2.47,41.44,19.65,2.08,0.04,5.08,GREEN,Normal Hydrological State,0
0.0,37.42,16.46,3.11,0.11,5.02,GREEN,Normal Hydrological State,0
7.62,53.45,23.82,2.84,0.18,5.29,GREEN,Normal Hydrological State,0
5.77,20.59,13.78,1.58,1.03,5.07,GREEN,Normal Hydrological State,0
6.98,38.98,11.93,4.2,0.13,5.13,GREEN,Normal Hydrological State,0
125.11,81.7,44.07,8.64,1.79,65.22,ORANGE,Cloudburst Flash Flood,1
5.8,42.02,25.26,1.91,0.16,5.19,GREEN,Normal Hydrological State,0
26.8,70.56,17.25,6.45,3.54,6.95,GREEN,Normal Hydrological State,0
89.79,84.97,53.04,11.24,2.2,91.09,RED,Cloudburst Flash Flood,1
6.73,29.91,31.16,7.88,6.44,44.66,YELLOW,Seismic GLOF Warning,0
3.1,41.09,55.87,9.65,6.13,88.58,RED,Seismic GLOF Warning,1
33.94,58.1,31.92,6.3,2.14,7.43,GREEN,Normal Hydrological State,0
4.31,29.44,24.45,3.41,0.58,5.11,GREEN,Normal Hydrological State,0
99.83,92.64,28.78,8.47,2.38,45.31,YELLOW,Cloudburst Flash Flood,0
5.36,15.6,41.44,1.15,0.23,5.1,GREEN,Normal Hydrological State,0
6.58,46.94,9.86,2.88,0.14,5.12,GREEN,Normal Hydrological State,0
4.69,25.95,30.12,2.08,0.47,5.12,GREEN,Normal Hydrological State,0
0.91,42.56,47.99,10.09,6.82,93.98,RED,Seismic GLOF Warning,1
94.73,82.24,50.07,9.53,1.03,71.27,ORANGE,Cloudburst Flash Flood,1
54.19,60.91,29.73,6.68,2.04,10.25,GREEN,Normal Hydrological State,0
0.45,28.96,28.79,2.08,0.64,5.03,GREEN,Normal Hydrological State,0
2.22,20.94,30.76,2.98,0.2,5.06,GREEN,Normal Hydrological State,0
0.0,30.74,33.57,2.37,0.55,5.02,GREEN,Normal Hydrological State,0
3.33,16.32,10.74,1.86,0.92,5.04,GREEN,Normal Hydrological State,0
47.88,65.25,37.7,7.07,2.25,12.9,GREEN,River Overflow / Stage Exceeded,0
2.68,39.94,37.37,2.33,0.47,5.12,GREEN,Normal Hydrological State,0
0.0,64.07,31.34,10.11,4.44,48.02,YELLOW,River Overflow / Stage Exceeded,0
0.0,51.93,29.55,7.25,5.49,20.23,GREEN,River Overflow / Stage Exceeded,0
42.04,69.04,28.19,5.53,2.44,7.63,GREEN,Normal Hydrological State,0
7.06,49.62,33.94,1.5,0.32,5.32,GREEN,Normal Hydrological State,0
58.67,76.18,37.96,7.17,1.55,16.82,GREEN,River Overflow / Stage Exceeded,0
79.16,77.62,40.88,9.13,0.54,51.71,YELLOW,Cloudburst Flash Flood,1
0.68,43.68,43.1,9.39,6.78,86.2,RED,Seismic GLOF Warning,1
42.11,73.48,40.02,6.11,2.53,9.03,GREEN,Normal Hydrological State,0
6.49,62.1,42.61,7.39,5.03,22.84,GREEN,River Overflow / Stage Exceeded,0
0.0,19.46,27.14,2.62,0.31,5.02,GREEN,Normal Hydrological State,0
33.03,61.55,18.86,6.3,1.77,6.74,GREEN,Normal Hydrological State,0
7.36,34.27,38.13,2.61,3.08,5.26,GREEN,Normal Hydrological State,0
119.53,92.62,36.39,9.48,1.5,75.81,RED,Cloudburst Flash Flood,1
92.98,93.63,46.84,11.27,1.1,92.11,RED,Cloudburst Flash Flood,1
3.54,35.58,24.67,2.71,0.32,5.11,GREEN,Normal Hydrological State,0
54.27,80.05,38.33,6.01,1.21,10.83,GREEN,Normal Hydrological State,0
4.86,71.07,49.35,10.42,4.63,65.58,ORANGE,River Overflow / Stage Exceeded,1
4.63,18.7,28.39,2.96,1.95,5.09,GREEN,Normal Hydrological State,0
12.11,56.69,40.02,3.36,1.09,5.71,GREEN,Normal Hydrological State,0
7.2,50.35,6.67,1.72,0.17,5.11,GREEN,Normal Hydrological State,0
1.85,22.04,11.14,3.33,1.96,5.04,GREEN,Normal Hydrological State,0
16.59,50.67,30.93,1.96,0.58,5.72,GREEN,Normal Hydrological State,0
0.77,75.12,54.52,9.94,5.61,82.13,RED,Seismic GLOF Warning,1
28.54,63.3,49.88,4.59,3.34,7.37,GREEN,Normal Hydrological State,0
40.23,80.57,23.82,5.8,0.34,7.58,GREEN,Normal Hydrological State,0
8.74,49.81,13.3,2.16,0.49,5.2,GREEN,Normal Hydrological State,0
1.41,30.65,12.97,2.62,0.83,5.04,GREEN,Normal Hydrological State,0
131.6,81.22,24.2,9.1,0.21,57.09,ORANGE,Cloudburst Flash Flood,1
1.92,40.39,41.9,8.5,5.38,43.89,YELLOW,Seismic GLOF Warning,0
13.43,46.2,20.65,3.61,0.26,5.39,GREEN,Normal Hydrological State,0
10.56,40.21,42.0,2.26,0.14,5.45,GREEN,Normal Hydrological State,0
8.56,49.91,24.41,1.74,3.18,5.31,GREEN,Normal Hydrological State,0
7.36,57.77,36.38,2.66,0.16,5.41,GREEN,Normal Hydrological State,0
103.33,79.14,44.84,7.23,1.59,33.65,GREEN,Cloudburst Flash Flood,0
56.73,81.28,44.94,4.9,1.78,12.32,GREEN,Saturated Soil Runoff,0
6.2,39.45,8.2,2.84,0.49,5.09,GREEN,Normal Hydrological State,0
26.09,46.34,44.88,1.9,0.39,6.39,GREEN,Normal Hydrological State,0
7.26,52.43,17.34,2.76,1.21,5.22,GREEN,Normal Hydrological State,0
95.66,82.59,44.25,8.45,1.74,50.27,YELLOW,Cloudburst Flash Flood,1
42.41,66.11,27.5,5.46,3.53,7.47,GREEN,Normal Hydrological State,0
8.6,20.8,18.34,0.84,0.0,5.12,GREEN,Normal Hydrological State,0
107.41,80.98,33.27,8.17,0.71,41.83,YELLOW,Cloudburst Flash Flood,0
3.56,26.71,8.49,3.31,0.59,5.05,GREEN,Normal Hydrological State,0
120.69,97.33,32.22,9.46,1.66,74.63,ORANGE,Cloudburst Flash Flood,1
100.4,95.09,26.68,8.48,0.9,44.57,YELLOW,Cloudburst Flash Flood,0
35.24,74.81,29.1,4.35,1.65,7.41,GREEN,Normal Hydrological State,0
59.42,56.95,39.8,6.53,1.0,10.93,GREEN,Normal Hydrological State,0
48.88,70.91,26.07,6.74,1.56,10.28,GREEN,Normal Hydrological State,0
5.49,18.22,13.86,2.05,0.3,5.06,GREEN,Normal Hydrological State,0
6.05,30.89,22.14,3.73,0.19,5.14,GREEN,Normal Hydrological State,0
2.87,45.87,18.3,1.88,0.7,5.09,GREEN,Normal Hydrological State,0
3.94,39.11,58.27,9.98,7.16,97.86,RED,Seismic GLOF Warning,1
36.7,58.6,35.51,6.28,1.87,7.77,GREEN,Normal Hydrological State,0
29.82,77.71,25.04,4.45,2.46,6.83,GREEN,Normal Hydrological State,0
5.4,49.51,4.46,2.96,0.26,5.07,GREEN,Normal Hydrological State,0
1.24,22.6,33.95,3.06,1.77,5.04,GREEN,Normal Hydrological State,0
0.0,32.47,43.53,2.46,0.05,5.02,GREEN,Normal Hydrological State,0
41.75,55.9,38.22,6.92,3.23,10.59,GREEN,Normal Hydrological State,0
40.28,70.94,47.78,5.23,2.25,9.02,GREEN,Normal Hydrological State,0
5.87,45.93,16.2,3.07,0.18,5.15,GREEN,Normal Hydrological State,0
10.61,20.67,44.41,2.9,0.14,5.25,GREEN,Normal Hydrological State,0
75.2,85.23,50.56,10.75,1.11,83.01,RED,Cloudburst Flash Flood,1
1.01,53.06,19.66,3.22,1.15,5.05,GREEN,Normal Hydrological State,0
2.38,19.46,40.11,2.41,0.81,5.06,GREEN,Normal Hydrological State,0
6.76,52.22,19.01,2.66,0.69,5.22,GREEN,Normal Hydrological State,0
12.22,21.89,11.46,3.99,0.5,5.12,GREEN,Normal Hydrological State,0
25.0,75.95,41.05,6.59,1.01,8.64,GREEN,Normal Hydrological State,0
6.69,57.52,38.3,1.98,0.08,5.38,GREEN,Normal Hydrological State,0
141.24,94.72,53.94,7.84,0.0,75.23,RED,Cloudburst Flash Flood,1
1.59,31.93,32.04,1.84,0.17,5.06,GREEN,Normal Hydrological State,0
45.87,71.05,46.06,4.42,2.82,9.64,GREEN,Normal Hydrological State,0
11.84,43.39,51.09,9.19,5.13,58.75,ORANGE,Seismic GLOF Warning,1
11.32,43.01,10.6,3.43,0.84,5.19,GREEN,Normal Hydrological State,0
2.54,52.87,42.99,1.46,0.62,5.15,GREEN,Normal Hydrological State,0
1.26,51.84,46.05,2.23,0.46,5.09,GREEN,Normal Hydrological State,0
39.48,64.08,29.3,6.27,2.41,7.81,GREEN,Normal Hydrological State,0
0.61,56.54,36.84,10.95,6.83,93.85,RED,Seismic GLOF Warning,1
2.72,51.69,51.12,9.58,4.76,53.06,YELLOW,River Overflow / Stage Exceeded,1
1.0,53.23,45.44,7.28,6.43,55.11,ORANGE,Seismic GLOF Warning,1
1.87,39.63,41.84,3.77,0.68,5.09,GREEN,Normal Hydrological State,0
6.72,33.11,29.08,3.27,1.74,5.19,GREEN,Normal Hydrological State,0
33.84,59.69,16.28,4.71,0.62,6.09,GREEN,Normal Hydrological State,0
57.02,54.01,26.84,4.89,2.97,7.7,GREEN,Normal Hydrological State,0
8.24,27.4,43.9,2.54,0.45,5.25,GREEN,Normal Hydrological State,0
140.98,76.13,49.44,11.49,2.3,95.97,RED,Cloudburst Flash Flood,1
5.19,19.36,7.61,2.16,0.23,5.05,GREEN,Normal Hydrological State,0
72.1,80.91,36.8,9.19,2.1,49.2,YELLOW,Cloudburst Flash Flood,0
16.63,43.43,31.86,0.64,0.05,5.63,GREEN,Normal Hydrological State,0
0.93,34.68,4.82,3.73,0.0,5.03,GREEN,Normal Hydrological State,0
137.6,91.89,25.27,7.52,1.25,38.84,YELLOW,Cloudburst Flash Flood,0
81.18,100.0,38.91,8.5,1.59,48.92,YELLOW,Cloudburst Flash Flood,0
1.81,47.19,38.95,3.06,0.72,5.1,GREEN,Normal Hydrological State,0
56.02,73.07,44.03,5.91,0.81,11.07,GREEN,Saturated Soil Runoff,0
2.5,25.89,17.51,2.33,1.23,5.05,GREEN,Normal Hydrological State,0
7.35,50.12,20.43,2.74,0.81,5.24,GREEN,Normal Hydrological State,0
45.66,54.88,26.01,5.1,2.53,7.06,GREEN,Normal Hydrological State,0
14.73,45.25,27.55,2.03,1.59,5.52,GREEN,Normal Hydrological State,0
5.07,44.0,39.79,1.0,1.19,5.23,GREEN,Normal Hydrological State,0
0.0,31.27,41.98,2.2,1.21,5.02,GREEN,Normal Hydrological State,0
5.43,47.2,27.84,4.28,1.21,5.21,GREEN,Normal Hydrological State,0
135.76,89.92,47.98,10.24,1.4,91.68,RED,Cloudburst Flash Flood,1
0.8,65.53,49.45,9.0,6.06,75.75,RED,Seismic GLOF Warning,1
12.92,22.55,16.87,2.62,0.15,5.17,GREEN,Normal Hydrological State,0
34.01,55.87,47.96,6.54,0.96,8.79,GREEN,Normal Hydrological State,0
8.36,12.22,24.16,1.8,1.01,5.09,GREEN,Normal Hydrological State,0
0.0,68.33,55.72,9.42,4.94,56.87,ORANGE,Seismic GLOF Warning,1
8.84,17.33,40.32,1.73,0.52,5.17,GREEN,Normal Hydrological State,0
4.31,22.36,26.31,4.61,0.26,5.09,GREEN,Normal Hydrological State,0
2.24,34.16,37.96,1.64,1.7,5.09,GREEN,Normal Hydrological State,0
4.31,46.27,25.78,1.94,0.4,5.16,GREEN,Normal Hydrological State,0
10.9,41.6,13.79,2.0,2.46,5.22,GREEN,Normal Hydrological State,0
2.74,50.8,9.46,3.09,0.1,5.07,GREEN,Normal Hydrological State,0
9.54,45.05,23.07,1.65,0.13,5.3,GREEN,Normal Hydrological State,0
44.49,60.94,48.51,7.06,1.0,13.02,GREEN,River Overflow / Stage Exceeded,0
14.7,19.4,37.76,2.65,0.15,5.28,GREEN,Normal Hydrological State,0
71.09,73.21,44.97,9.82,0.6,61.57,ORANGE,Cloudburst Flash Flood,1
6.33,17.85,32.71,2.18,0.52,5.11,GREEN,Normal Hydrological State,0
2.87,70.28,45.11,11.51,4.8,84.1,RED,River Overflow / Stage Exceeded,1
58.8,78.21,34.26,5.01,3.18,10.65,GREEN,Normal Hydrological State,0
8.62,22.44,35.54,2.54,0.23,5.19,GREEN,Normal Hydrological State,0
0.26,18.87,29.77,3.49,0.64,5.02,GREEN,Normal Hydrological State,0
3.81,38.67,13.76,1.93,0.63,5.08,GREEN,Normal Hydrological State,0
8.43,21.35,8.99,2.23,0.55,5.08,GREEN,Normal Hydrological State,0
3.56,55.18,6.65,2.1,0.31,5.07,GREEN,Normal Hydrological State,0
6.31,41.07,18.22,1.55,1.11,5.16,GREEN,Normal Hydrological State,0
138.51,81.71,26.55,8.64,2.53,53.8,YELLOW,Cloudburst Flash Flood,1
0.0,34.03,22.69,1.69,0.22,5.02,GREEN,Normal Hydrological State,0
1.68,51.69,37.61,2.78,0.17,5.1,GREEN,Normal Hydrological State,0
0.0,37.28,18.9,2.71,0.34,5.02,GREEN,Normal Hydrological State,0
7.5,49.88,39.13,3.05,0.0,5.38,GREEN,Normal Hydrological State,0
4.04,35.71,47.33,11.18,6.04,94.1,RED,Seismic GLOF Warning,1
2.58,29.27,28.59,0.77,0.0,5.08,GREEN,Normal Hydrological State,0
0.0,41.46,41.35,8.94,5.24,47.37,YELLOW,Seismic GLOF Warning,0
112.74,96.68,50.59,9.12,0.83,78.83,RED,Cloudburst Flash Flood,1
0.6,24.41,23.61,2.65,0.71,5.03,GREEN,Normal Hydrological State,0
5.58,32.18,9.04,2.38,1.47,5.08,GREEN,Normal Hydrological State,0
7.85,39.31,18.56,3.2,0.23,5.19,GREEN,Normal Hydrological State,0
29.01,69.84,48.06,5.89,2.53,7.64,GREEN,Normal Hydrological State,0
3.14,24.95,25.93,3.61,0.25,5.08,GREEN,Normal Hydrological State,0
14.91,21.14,45.66,2.2,0.31,5.35,GREEN,Normal Hydrological State,0
7.85,41.68,35.72,4.03,0.83,5.31,GREEN,Normal Hydrological State,0
5.63,29.1,10.84,3.61,1.07,5.08,GREEN,Normal Hydrological State,0
109.41,93.35,44.4,11.41,0.68,94.46,RED,Cloudburst Flash Flood,1
3.67,24.28,36.47,3.7,1.12,5.1,GREEN,Normal Hydrological State,0
44.39,70.42,35.37,6.62,1.54,10.34,GREEN,Normal Hydrological State,0
48.57,75.11,41.6,4.58,1.55,9.94,GREEN,Normal Hydrological State,0
56.74,77.38,47.2,6.38,0.87,13.41,GREEN,Saturated Soil Runoff,0
50.28,62.12,39.98,5.61,2.48,8.9,GREEN,Normal Hydrological State,0
59.4,62.91,29.98,4.84,2.34,8.79,GREEN,Normal Hydrological State,0
10.93,18.22,29.65,2.0,0.58,5.17,GREEN,Normal Hydrological State,0
11.8,25.65,23.97,2.01,0.25,5.22,GREEN,Normal Hydrological State,0
4.8,32.72,39.81,2.38,1.66,5.17,GREEN,Normal Hydrological State,0
0.83,21.45,33.88,2.13,0.18,5.04,GREEN,Normal Hydrological State,0
95.92,95.18,37.14,7.52,1.97,36.95,YELLOW,Cloudburst Flash Flood,0
1.54,47.01,19.1,0.99,0.02,5.06,GREEN,Normal Hydrological State,0
0.21,50.39,20.73,1.43,0.8,5.03,GREEN,Normal Hydrological State,0
106.51,96.42,33.69,10.1,1.54,79.92,RED,Cloudburst Flash Flood,1
3.05,42.31,14.7,3.0,0.92,5.08,GREEN,Normal Hydrological State,0
6.42,67.48,30.66,7.61,4.92,18.83,GREEN,River Overflow / Stage Exceeded,0
50.03,65.81,25.0,5.59,3.03,7.75,GREEN,Normal Hydrological State,0
3.97,38.33,51.06,7.13,6.16,53.4,YELLOW,Seismic GLOF Warning,1
10.38,19.37,12.31,4.31,0.21,5.1,GREEN,Normal Hydrological State,0
2.3,28.66,43.1,2.78,0.31,5.09,GREEN,Normal Hydrological State,0
0.29,71.04,51.22,8.74,5.39,55.46,ORANGE,Seismic GLOF Warning,1
50.12,61.7,48.73,5.32,3.21,9.53,GREEN,Normal Hydrological State,0
61.12,93.71,29.84,9.79,0.9,56.54,ORANGE,River Overflow / Stage Exceeded,1
4.27,32.49,14.43,1.67,1.61,5.08,GREEN,Normal Hydrological State,0
2.5,27.54,40.57,2.97,0.39,5.09,GREEN,Normal Hydrological State,0
4.66,28.39,43.62,3.01,0.42,5.15,GREEN,Normal Hydrological State,0
16.13,48.66,10.4,3.63,0.03,5.29,GREEN,Normal Hydrological State,0
0.07,55.71,28.31,2.4,1.85,5.02,GREEN,Normal Hydrological State,0
13.48,36.35,28.08,3.66,0.0,5.39,GREEN,Normal Hydrological State,0
4.36,48.13,11.73,2.24,0.31,5.1,GREEN,Normal Hydrological State,0
0.57,59.9,56.11,10.45,5.73,89.53,RED,Seismic GLOF Warning,1
0.26,45.62,24.58,2.88,0.21,5.03,GREEN,Normal Hydrological State,0
10.79,51.32,18.42,2.11,0.18,5.32,GREEN,Normal Hydrological State,0
2.23,31.19,43.69,1.49,0.17,5.09,GREEN,Normal Hydrological State,0
26.9,78.27,24.65,4.98,2.99,6.62,GREEN,Normal Hydrological State,0
1.2,16.68,21.0,3.05,0.79,5.03,GREEN,Normal Hydrological State,0
4.09,37.12,9.62,2.97,0.58,5.07,GREEN,Normal Hydrological State,0
0.0,52.6,31.49,9.9,6.38,76.47,RED,Seismic GLOF Warning,1
40.83,54.24,28.09,5.77,1.15,6.91,GREEN,Normal Hydrological State,0
144.27,94.42,22.67,10.43,1.15,83.66,RED,Cloudburst Flash Flood,1
8.32,69.87,59.21,11.29,6.17,97.66,RED,Seismic GLOF Warning,1
33.2,67.4,46.38,6.63,3.28,9.69,GREEN,Normal Hydrological State,0
86.21,95.68,28.23,6.73,0.6,19.71,GREEN,Cloudburst Flash Flood,0
1.36,47.92,58.61,11.02,7.4,99.0,RED,Seismic GLOF Warning,1
6.07,52.38,31.18,2.61,0.66,5.28,GREEN,Normal Hydrological State,0
10.88,55.12,17.38,1.0,0.67,5.33,GREEN,Normal Hydrological State,0
1.77,17.08,41.75,1.74,0.37,5.05,GREEN,Normal Hydrological State,0
13.65,15.71,10.79,4.61,0.53,5.1,GREEN,Normal Hydrological State,0
43.54,58.11,47.7,6.49,3.27,9.78,GREEN,Normal Hydrological State,0
7.33,47.96,10.56,3.1,0.89,5.14,GREEN,Normal Hydrological State,0
28.47,65.15,35.76,6.15,1.35,7.13,GREEN,Normal Hydrological State,0
3.41,26.72,9.78,1.45,0.04,5.05,GREEN,Normal Hydrological State,0
128.28,81.62,42.29,11.56,0.19,95.05,RED,Cloudburst Flash Flood,1
99.23,83.59,40.71,8.4,1.79,49.24,YELLOW,Cloudburst Flash Flood,0
0.0,54.48,44.32,8.45,4.8,30.62,GREEN,River Overflow / Stage Exceeded,0
1.18,20.68,45.2,1.92,1.1,5.05,GREEN,Normal Hydrological State,0
22.75,43.68,36.16,3.61,1.55,5.97,GREEN,Normal Hydrological State,0
0.0,30.92,47.25,11.16,4.46,72.7,ORANGE,River Overflow / Stage Exceeded,1
6.56,31.62,30.46,2.17,1.49,5.18,GREEN,Normal Hydrological State,0
9.97,31.96,42.34,4.3,0.29,5.34,GREEN,Normal Hydrological State,0
3.44,39.8,6.44,2.31,0.29,5.05,GREEN,Normal Hydrological State,0
41.75,61.14,42.79,6.08,2.39,8.32,GREEN,Normal Hydrological State,0
3.09,45.63,25.85,2.64,3.3,5.12,GREEN,Normal Hydrological State,0
11.02,20.92,37.09,1.69,0.59,5.23,GREEN,Normal Hydrological State,0
1.54,40.96,48.05,11.38,5.95,94.58,RED,Seismic GLOF Warning,1
39.37,72.0,47.34,5.68,2.89,8.95,GREEN,Normal Hydrological State,0
4.9,14.7,33.04,2.61,1.52,5.08,GREEN,Normal Hydrological State,0
0.55,18.75,34.08,2.27,0.85,5.03,GREEN,Normal Hydrological State,0
5.0,44.97,36.58,1.83,0.05,5.22,GREEN,Normal Hydrological State,0
43.35,55.66,35.86,6.0,2.74,7.59,GREEN,Normal Hydrological State,0
1.97,41.72,55.93,10.51,4.44,62.65,ORANGE,River Overflow / Stage Exceeded,1
5.56,20.0,27.87,1.32,0.34,5.1,GREEN,Normal Hydrological State,0
141.21,91.59,48.55,11.18,1.88,96.67,RED,Cloudburst Flash Flood,1
4.03,42.82,20.03,3.22,1.86,5.12,GREEN,Normal Hydrological State,0
7.75,14.37,38.87,1.85,3.24,5.12,GREEN,Normal Hydrological State,0
2.53,19.57,14.61,2.22,0.82,5.04,GREEN,Normal Hydrological State,0
6.12,34.17,43.32,2.96,1.16,5.23,GREEN,Normal Hydrological State,0
90.81,88.11,40.96,7.92,0.81,40.21,YELLOW,Cloudburst Flash Flood,0
0.0,55.14,48.25,11.09,4.87,80.13,RED,River Overflow / Stage Exceeded,1
5.09,37.74,9.62,2.87,0.06,5.08,GREEN,Normal Hydrological State,0
4.74,46.09,41.19,1.07,1.38,5.23,GREEN,Normal Hydrological State,0
6.39,32.96,43.06,2.92,0.89,5.23,GREEN,Normal Hydrological State,0
9.46,29.21,31.58,2.86,0.09,5.25,GREEN,Normal Hydrological State,0
3.92,40.07,11.7,3.16,0.81,5.08,GREEN,Normal Hydrological State,0
4.88,45.43,5.35,2.14,0.77,5.07,GREEN,Normal Hydrological State,0
6.7,65.3,61.16,8.09,5.19,48.05,YELLOW,Seismic GLOF Warning,0
16.11,51.76,39.08,3.33,0.04,5.85,GREEN,Normal Hydrological State,0
127.62,94.63,42.87,10.06,0.98,88.54,RED,Cloudburst Flash Flood,1
3.11,44.49,38.41,9.61,5.9,71.91,ORANGE,Seismic GLOF Warning,1
2.99,32.74,26.98,2.51,0.2,5.09,GREEN,Normal Hydrological State,0
13.76,52.33,6.45,2.98,0.0,5.19,GREEN,Normal Hydrological State,0
11.94,24.42,42.25,2.86,0.21,5.31,GREEN,Normal Hydrological State,0
6.33,31.57,28.73,1.8,0.06,5.17,GREEN,Normal Hydrological State,0
33.27,38.34,24.74,2.45,0.1,5.94,GREEN,Normal Hydrological State,0
2.81,25.25,23.33,2.55,0.86,5.07,GREEN,Normal Hydrological State,0
2.77,46.31,33.06,11.66,4.79,82.34,RED,River Overflow / Stage Exceeded,1
6.22,64.25,42.3,8.36,5.56,48.07,YELLOW,Seismic GLOF Warning,0
31.69,71.13,40.38,5.16,0.71,7.63,GREEN,Normal Hydrological State,0
28.42,76.02,40.62,4.67,3.12,7.51,GREEN,Normal Hydrological State,0
0.73,42.82,34.29,1.64,0.39,5.05,GREEN,Normal Hydrological State,0
9.13,45.77,26.32,1.2,0.34,5.32,GREEN,Normal Hydrological State,0
3.55,32.97,41.37,10.66,4.51,63.92,ORANGE,River Overflow / Stage Exceeded,1
2.1,25.84,39.05,7.73,6.2,47.36,YELLOW,Seismic GLOF Warning,0
5.15,26.35,32.13,3.45,0.23,5.13,GREEN,Normal Hydrological State,0
3.56,45.45,26.97,2.05,0.57,5.14,GREEN,Normal Hydrological State,0
26.79,70.27,26.71,4.92,3.36,6.53,GREEN,Normal Hydrological State,0
46.62,61.14,45.04,4.75,2.12,8.83,GREEN,Normal Hydrological State,0
129.1,77.08,43.45,7.28,2.39,42.15,YELLOW,Cloudburst Flash Flood,0
0.0,46.04,47.55,11.0,5.92,92.19,RED,Seismic GLOF Warning,1
8.5,49.44,8.03,2.24,0.25,5.14,GREEN,Normal Hydrological State,0
8.57,30.82,19.37,2.58,0.43,5.17,GREEN,Normal Hydrological State,0
7.05,20.88,20.06,3.56,0.58,5.11,GREEN,Normal Hydrological State,0
13.54,21.58,37.04,2.37,2.7,5.29,GREEN,Normal Hydrological State,0
142.83,88.45,48.12,8.9,0.91,81.27,RED,Cloudburst Flash Flood,1
8.59,33.57,32.8,2.2,0.1,5.26,GREEN,Normal Hydrological State,0
2.49,44.59,10.62,1.84,0.72,5.06,GREEN,Normal Hydrological State,0
58.32,76.27,34.09,6.32,1.42,11.27,GREEN,Normal Hydrological State,0
0.0,26.36,40.46,2.71,0.16,5.02,GREEN,Normal Hydrological State,0
87.01,85.14,30.0,9.0,1.93,48.48,YELLOW,Cloudburst Flash Flood,0
2.33,37.76,5.44,3.99,0.93,5.04,GREEN,Normal Hydrological State,0
132.58,79.05,27.38,7.71,0.39,36.52,YELLOW,Cloudburst Flash Flood,0
4.85,45.14,39.9,3.05,2.2,5.23,GREEN,Normal Hydrological State,0
1.7,25.25,10.24,3.25,0.0,5.04,GREEN,Normal Hydrological State,0
53.54,62.78,44.94,6.1,1.37,9.91,GREEN,Normal Hydrological State,0
0.17,45.58,33.04,1.54,0.66,5.03,GREEN,Normal Hydrological State,0
5.3,29.4,34.45,2.14,1.16,5.15,GREEN,Normal Hydrological State,0
16.87,49.56,28.8,1.82,0.74,5.68,GREEN,Normal Hydrological State,0
4.51,20.69,33.56,3.24,0.14,5.1,GREEN,Normal Hydrological State,0
136.74,97.01,26.89,8.93,1.27,66.08,ORANGE,Cloudburst Flash Flood,1
44.61,73.57,15.63,4.63,1.32,6.8,GREEN,Normal Hydrological State,0
73.07,69.73,45.93,9.04,1.8,46.68,YELLOW,Cloudburst Flash Flood,0
7.62,39.46,27.91,3.44,1.25,5.24,GREEN,Normal Hydrological State,0
1.19,27.12,34.7,2.27,0.35,5.05,GREEN,Normal Hydrological State,0
9.3,26.19,25.95,3.35,0.97,5.19,GREEN,Normal Hydrological State,0
12.02,19.48,29.94,2.9,1.18,5.2,GREEN,Normal Hydrological State,0
38.0,54.15,26.38,5.95,1.61,6.67,GREEN,Normal Hydrological State,0
6.67,23.06,38.72,1.16,0.24,5.16,GREEN,Normal Hydrological State,0
0.0,44.11,49.17,8.62,5.38,51.48,YELLOW,Seismic GLOF Warning,1
71.2,88.79,50.15,7.95,0.18,36.77,YELLOW,Cloudburst Flash Flood,0
146.41,100.0,45.95,11.45,2.28,97.96,RED,Cloudburst Flash Flood,1
0.0,23.67,36.01,2.31,0.24,5.02,GREEN,Normal Hydrological State,0
111.86,96.25,39.24,6.81,0.01,36.79,YELLOW,Cloudburst Flash Flood,0
3.61,19.75,23.06,1.71,0.1,5.07,GREEN,Normal Hydrological State,0
7.94,25.39,32.91,2.7,0.33,5.19,GREEN,Normal Hydrological State,0
2.64,24.09,31.93,1.44,0.6,5.07,GREEN,Normal Hydrological State,0
0.0,54.77,33.57,1.58,0.51,5.02,GREEN,Normal Hydrological State,0
12.47,16.49,34.51,2.39,0.44,5.2,GREEN,Normal Hydrological State,0
137.52,90.36,49.96,8.85,0.04,80.91,RED,Cloudburst Flash Flood,1
3.51,41.74,19.97,3.11,0.02,5.1,GREEN,Normal Hydrological State,0
11.27,25.82,43.53,3.14,0.82,5.32,GREEN,Normal Hydrological State,0
40.89,76.84,24.17,5.38,1.33,7.52,GREEN,Normal Hydrological State,0
88.12,86.23,53.7,9.74,0.85,74.89,ORANGE,Cloudburst Flash Flood,1
103.29,86.84,40.41,9.79,1.47,75.34,RED,Cloudburst Flash Flood,1
60.74,53.61,22.01,4.67,0.84,7.42,GREEN,Normal Hydrological State,0
2.41,59.26,45.67,7.55,6.65,65.13,ORANGE,Seismic GLOF Warning,1
0.99,33.29,7.07,2.55,0.78,5.03,GREEN,Normal Hydrological State,0
125.71,94.03,52.12,9.57,2.13,87.16,RED,Cloudburst Flash Flood,1
3.4,23.0,18.71,2.94,0.69,5.06,GREEN,Normal Hydrological State,0
1.0,54.7,50.57,12.22,5.9,97.5,RED,Seismic GLOF Warning,1
9.03,43.54,12.26,3.07,0.3,5.18,GREEN,Normal Hydrological State,0
6.8,48.7,37.48,2.05,0.39,5.33,GREEN,Normal Hydrological State,0
4.73,15.81,41.47,3.76,0.03,5.09,GREEN,Normal Hydrological State,0
56.71,75.77,16.82,4.89,3.02,7.63,GREEN,Normal Hydrological State,0
2.15,44.33,17.93,2.81,1.95,5.07,GREEN,Normal Hydrological State,0
2.65,37.87,11.52,2.1,0.26,5.06,GREEN,Normal Hydrological State,0
0.0,32.75,16.54,1.57,0.03,5.02,GREEN,Normal Hydrological State,0
116.74,96.55,35.23,11.72,1.98,95.24,RED,Cloudburst Flash Flood,1
54.19,79.02,27.93,6.16,2.41,9.53,GREEN,Normal Hydrological State,0
7.28,68.3,42.3,8.59,5.49,50.7,YELLOW,Seismic GLOF Warning,1
8.32,19.29,14.69,3.89,0.62,5.09,GREEN,Normal Hydrological State,0
7.02,58.48,57.5,9.0,4.34,33.2,GREEN,River Overflow / Stage Exceeded,0
10.43,33.98,26.82,2.78,0.57,5.28,GREEN,Normal Hydrological State,0
53.78,70.0,39.73,5.54,1.89,9.95,GREEN,Normal Hydrological State,0
133.57,100.0,52.77,10.44,1.02,95.19,RED,Cloudburst Flash Flood,1
3.63,53.28,22.84,3.0,0.27,5.14,GREEN,Normal Hydrological State,0
45.2,56.96,26.54,6.68,1.62,8.95,GREEN,Normal Hydrological State,0
55.5,76.22,33.62,6.59,1.03,11.94,GREEN,Normal Hydrological State,0
2.01,26.46,24.94,2.52,0.01,5.06,GREEN,Normal Hydrological State,0
10.29,17.21,43.33,4.54,0.03,5.2,GREEN,Normal Hydrological State,0
108.66,96.57,29.67,10.08,0.24,77.76,RED,Cloudburst Flash Flood,1
134.31,88.37,30.47,9.02,0.32,66.68,ORANGE,Cloudburst Flash Flood,1
88.96,79.14,37.94,9.41,0.1,59.56,ORANGE,Cloudburst Flash Flood,1
3.86,17.87,44.65,1.51,0.19,5.09,GREEN,Normal Hydrological State,0
0.16,42.51,50.38,12.0,6.88,99.0,RED,Seismic GLOF Warning,1
1.87,24.72,31.61,4.03,0.14,5.06,GREEN,Normal Hydrological State,0
2.9,33.64,38.77,8.48,6.91,73.56,ORANGE,Seismic GLOF Warning,1
8.12,18.99,8.48,3.87,0.78,5.07,GREEN,Normal Hydrological State,0
11.64,40.77,17.87,1.34,1.17,5.27,GREEN,Normal Hydrological State,0
9.96,48.64,17.0,2.87,0.16,5.27,GREEN,Normal Hydrological State,0
54.05,77.46,26.15,7.19,0.63,13.92,GREEN,River Overflow / Stage Exceeded,0
1.36,46.25,27.23,2.26,0.37,5.07,GREEN,Normal Hydrological State,0
96.72,94.0,34.04,11.0,0.95,87.42,RED,Cloudburst Flash Flood,1
4.74,24.91,25.09,2.64,0.51,5.1,GREEN,Normal Hydrological State,0
147.76,71.22,24.67,9.17,0.54,58.3,ORANGE,Cloudburst Flash Flood,1
9.32,52.02,41.24,3.14,0.77,5.51,GREEN,Normal Hydrological State,0
1.03,20.17,28.36,2.88,1.04,5.04,GREEN,Normal Hydrological State,0
0.0,25.74,25.97,2.09,1.41,5.02,GREEN,Normal Hydrological State,0
1.04,63.48,38.4,10.12,4.58,53.44,YELLOW,River Overflow / Stage Exceeded,1
119.42,97.14,45.48,9.11,0.16,78.7,RED,Cloudburst Flash Flood,1
5.8,40.33,24.96,3.1,0.56,5.18,GREEN,Normal Hydrological State,0
5.38,49.16,14.44,3.37,0.32,5.14,GREEN,Normal Hydrological State,0
0.61,44.33,18.76,3.02,0.31,5.04,GREEN,Normal Hydrological State,0
13.05,34.35,36.29,1.93,2.03,5.43,GREEN,Normal Hydrological State,0
4.57,60.22,42.87,10.74,5.19,79.61,RED,Seismic GLOF Warning,1
3.29,23.7,25.07,1.72,0.0,5.07,GREEN,Normal Hydrological State,0
102.48,88.6,26.79,9.35,1.61,58.67,ORANGE,Cloudburst Flash Flood,1
0.99,34.88,30.18,9.41,4.7,38.98,YELLOW,River Overflow / Stage Exceeded,0
8.09,46.73,31.47,1.46,0.3,5.33,GREEN,Normal Hydrological State,0
1.32,38.66,12.21,1.43,2.61,5.04,GREEN,Normal Hydrological State,0
1.62,27.84,42.11,2.69,2.33,5.07,GREEN,Normal Hydrological State,0
3.59,52.85,28.84,3.35,0.67,5.16,GREEN,Normal Hydrological State,0
13.34,11.42,10.92,2.51,0.63,5.08,GREEN,Normal Hydrological State,0
4.12,45.55,35.09,2.65,0.0,5.18,GREEN,Normal Hydrological State,0
12.24,39.47,41.89,3.47,0.44,5.51,GREEN,Normal Hydrological State,0
0.0,60.31,35.43,8.01,5.87,40.24,YELLOW,Seismic GLOF Warning,0
13.86,35.13,31.73,3.4,0.23,5.42,GREEN,Normal Hydrological State,0
128.27,81.17,44.48,9.69,0.21,81.12,RED,Cloudburst Flash Flood,1
5.63,45.46,8.86,1.83,0.13,5.1,GREEN,Normal Hydrological State,0
4.79,18.42,32.41,1.77,0.36,5.09,GREEN,Normal Hydrological State,0
0.59,18.42,23.18,3.78,0.35,5.03,GREEN,Normal Hydrological State,0
7.4,26.62,11.79,3.0,0.68,5.1,GREEN,Normal Hydrological State,0
2.56,56.28,13.98,3.32,0.52,5.08,GREEN,Normal Hydrological State,0
7.39,56.82,11.39,3.44,0.39,5.18,GREEN,Normal Hydrological State,0
4.95,34.85,16.57,3.28,0.57,5.11,GREEN,Normal Hydrological State,0
138.29,77.8,44.86,8.7,0.76,69.16,ORANGE,Cloudburst Flash Flood,1
1.99,38.97,47.14,10.44,6.46,93.05,RED,Seismic GLOF Warning,1
6.77,28.95,5.83,2.15,0.21,5.06,GREEN,Normal Hydrological State,0
0.37,21.11,24.23,3.74,0.29,5.03,GREEN,Normal Hydrological State,0
3.15,62.25,57.67,7.2,7.44,90.44,RED,Seismic GLOF Warning,1
109.32,99.72,43.22,7.36,2.65,48.01,YELLOW,Cloudburst Flash Flood,0
3.08,50.65,20.21,2.33,0.45,5.11,GREEN,Normal Hydrological State,0
55.53,56.49,17.74,5.4,2.0,6.91,GREEN,Normal Hydrological State,0
123.95,98.84,41.13,10.55,2.3,91.73,RED,Cloudburst Flash Flood,1
55.35,61.1,43.9,6.4,0.6,10.8,GREEN,Normal Hydrological State,0
1.23,16.87,32.38,1.95,0.07,5.04,GREEN,Normal Hydrological State,0
0.59,45.69,42.18,7.82,4.97,25.05,GREEN,River Overflow / Stage Exceeded,0
9.16,32.57,39.25,2.44,0.39,5.3,GREEN,Normal Hydrological State,0
0.84,41.0,37.04,3.46,0.29,5.05,GREEN,Normal Hydrological State,0
2.73,42.55,24.17,0.9,0.33,5.1,GREEN,Normal Hydrological State,0
1.4,45.7,36.38,2.42,0.09,5.08,GREEN,Normal Hydrological State,0
43.1,69.34,19.09,5.05,2.81,6.93,GREEN,Normal Hydrological State,0
3.01,39.73,33.02,2.63,0.73,5.12,GREEN,Normal Hydrological State,0
2.91,71.03,31.23,11.01,6.26,88.33,RED,Seismic GLOF Warning,1
0.0,47.57,36.2,2.12,0.13,5.02,GREEN,Normal Hydrological State,0
9.71,23.37,39.62,2.38,0.73,5.24,GREEN,Normal Hydrological State,0
0.12,49.15,44.41,11.93,6.35,97.3,RED,Seismic GLOF Warning,1
5.22,21.93,27.74,2.41,0.0,5.1,GREEN,Normal Hydrological State,0
16.24,25.84,25.66,3.68,0.56,5.32,GREEN,Normal Hydrological State,0
1.34,68.2,54.59,9.97,5.59,82.25,RED,Seismic GLOF Warning,1
4.39,44.26,36.96,1.15,1.32,5.2,GREEN,Normal Hydrological State,0
4.85,23.05,35.54,2.38,0.77,5.12,GREEN,Normal Hydrological State,0
10.64,21.98,39.64,2.83,0.0,5.24,GREEN,Normal Hydrological State,0
8.97,37.04,26.18,1.74,0.44,5.26,GREEN,Normal Hydrological State,0
1.39,50.8,14.31,1.57,0.72,5.05,GREEN,Normal Hydrological State,0
4.46,32.88,35.4,3.01,1.15,5.15,GREEN,Normal Hydrological State,0
0.12,44.54,59.82,7.66,5.26,40.25,YELLOW,Seismic GLOF Warning,0
12.03,40.73,27.33,4.21,0.0,5.38,GREEN,Normal Hydrological State,0
83.47,95.55,29.74,10.06,1.88,69.64,ORANGE,Cloudburst Flash Flood,1
0.0,22.29,16.75,3.81,0.58,5.02,GREEN,Normal Hydrological State,0
6.21,25.13,37.59,1.65,0.37,5.16,GREEN,Normal Hydrological State,0
1.41,57.72,49.78,11.81,4.53,84.19,RED,River Overflow / Stage Exceeded,1
6.6,52.22,38.64,2.97,0.87,5.35,GREEN,Normal Hydrological State,0
3.18,23.74,7.74,3.32,0.2,5.04,GREEN,Normal Hydrological State,0
31.76,70.27,44.91,7.08,0.53,11.69,GREEN,River Overflow / Stage Exceeded,0
1.5,54.3,44.9,2.71,0.0,5.1,GREEN,Normal Hydrological State,0
8.48,40.06,27.07,2.1,0.51,5.27,GREEN,Normal Hydrological State,0
5.86,63.31,35.43,8.65,6.03,55.96,ORANGE,Seismic GLOF Warning,1
2.68,34.01,15.48,3.44,0.07,5.06,GREEN,Normal Hydrological State,0
0.0,41.72,39.17,2.27,0.08,5.02,GREEN,Normal Hydrological State,0
6.84,31.42,36.14,1.33,0.31,5.21,GREEN,Normal Hydrological State,0
32.66,70.09,28.18,5.3,3.11,6.99,GREEN,Normal Hydrological State,0
1.03,29.44,36.72,3.4,0.46,5.05,GREEN,Normal Hydrological State,0
142.98,94.37,52.98,10.09,1.1,93.94,RED,Cloudburst Flash Flood,1
5.09,50.45,22.42,3.04,0.48,5.18,GREEN,Normal Hydrological State,0
31.86,74.85,28.1,5.11,1.72,7.08,GREEN,Normal Hydrological State,0
8.64,47.32,41.77,2.76,0.39,5.43,GREEN,Normal Hydrological State,0
83.24,95.24,33.41,9.84,0.87,68.15,ORANGE,Cloudburst Flash Flood,1
3.49,41.47,39.49,2.2,1.04,5.16,GREEN,Normal Hydrological State,0
0.86,22.8,39.36,2.34,0.6,5.04,GREEN,Normal Hydrological State,0
4.58,36.41,5.05,0.65,0.14,5.05,GREEN,Normal Hydrological State,0
5.2,49.1,42.69,3.03,0.81,5.28,GREEN,Normal Hydrological State,0
18.21,22.15,42.09,2.69,0.2,5.43,GREEN,Normal Hydrological State,0
6.23,42.88,24.92,1.64,0.64,5.2,GREEN,Normal Hydrological State,0
5.96,39.57,30.43,2.44,0.66,5.21,GREEN,Normal Hydrological State,0
134.76,88.15,50.17,8.8,0.15,78.47,RED,Cloudburst Flash Flood,1
0.0,46.07,37.62,11.2,4.45,71.13,ORANGE,River Overflow / Stage Exceeded,1
36.66,70.9,26.63,4.89,0.95,7.2,GREEN,Normal Hydrological State,0
0.75,19.75,40.42,1.49,0.27,5.04,GREEN,Normal Hydrological State,0
25.61,62.54,24.04,6.26,2.67,6.59,GREEN,Normal Hydrological State,0
102.75,98.44,31.51,10.29,1.85,80.66,RED,Cloudburst Flash Flood,1
72.1,100.0,45.97,9.02,2.48,57.65,ORANGE,Cloudburst Flash Flood,1
92.87,96.81,53.42,10.57,1.86,88.97,RED,Cloudburst Flash Flood,1
4.59,22.55,25.79,3.57,1.11,5.09,GREEN,Normal Hydrological State,0
9.26,37.76,43.97,2.0,2.7,5.38,GREEN,Normal Hydrological State,0
28.39,77.92,27.44,5.78,1.92,6.87,GREEN,Normal Hydrological State,0
45.24,74.4,45.37,6.38,1.51,10.84,GREEN,Normal Hydrological State,0
0.11,18.59,11.69,2.67,0.53,5.02,GREEN,Normal Hydrological State,0
125.36,91.59,48.46,7.14,0.7,52.22,YELLOW,Cloudburst Flash Flood,1
4.25,52.46,28.98,2.96,1.62,5.19,GREEN,Normal Hydrological State,0
58.07,64.71,19.73,5.92,1.35,7.59,GREEN,Normal Hydrological State,0
1.82,50.61,44.09,1.19,2.18,5.11,GREEN,Normal Hydrological State,0
71.2,94.61,48.85,10.57,0.12,81.36,RED,Cloudburst Flash Flood,1
11.76,29.09,24.05,0.75,0.31,5.25,GREEN,Normal Hydrological State,0
0.0,49.38,9.28,2.25,0.58,5.02,GREEN,Normal Hydrological State,0
3.47,56.22,35.07,7.26,6.37,39.63,YELLOW,Seismic GLOF Warning,0
7.41,16.72,24.89,2.19,0.45,5.1,GREEN,Normal Hydrological State,0
0.58,30.94,32.44,2.21,0.48,5.04,GREEN,Normal Hydrological State,0
130.79,95.96,48.86,7.49,0.76,63.22,ORANGE,Cloudburst Flash Flood,1
6.88,37.18,30.85,3.0,1.03,5.23,GREEN,Normal Hydrological State,0
3.44,44.89,28.93,1.85,1.57,5.14,GREEN,Normal Hydrological State,0
15.89,29.51,41.85,2.53,1.09,5.49,GREEN,Normal Hydrological State,0
11.02,20.12,8.8,3.04,0.0,5.09,GREEN,Normal Hydrological State,0
2.17,52.52,18.02,2.71,0.62,5.08,GREEN,Normal Hydrological State,0
32.43,57.74,46.45,6.56,2.46,8.74,GREEN,Normal Hydrological State,0
6.99,11.25,18.18,2.85,1.74,5.06,GREEN,Normal Hydrological State,0
3.53,46.54,42.79,1.31,0.55,5.18,GREEN,Normal Hydrological State,0
133.79,91.8,35.32,7.3,2.18,46.11,YELLOW,Cloudburst Flash Flood,0
7.04,40.83,34.91,4.32,0.37,5.27,GREEN,Normal Hydrological State,0
3.04,25.9,38.21,1.77,0.69,5.09,GREEN,Normal Hydrological State,0
116.79,94.66,28.29,7.42,0.66,35.48,YELLOW,Cloudburst Flash Flood,0
54.77,74.84,14.75,5.7,2.68,7.2,GREEN,Normal Hydrological State,0
20.7,52.7,30.23,2.32,0.33,5.93,GREEN,Normal Hydrological State,0
9.13,17.65,7.96,2.7,0.04,5.07,GREEN,Normal Hydrological State,0
112.93,82.84,33.12,11.56,0.07,91.94,RED,Cloudburst Flash Flood,1
5.95,50.98,42.05,7.54,6.66,60.92,ORANGE,Seismic GLOF Warning,1
0.87,50.75,14.59,4.09,0.15,5.04,GREEN,Normal Hydrological State,0
0.9,61.5,53.61,12.24,7.37,99.0,RED,Seismic GLOF Warning,1
3.26,35.1,12.1,2.46,0.23,5.07,GREEN,Normal Hydrological State,0
17.29,45.17,8.92,2.3,0.06,5.26,GREEN,Normal Hydrological State,0
142.72,73.32,32.44,9.11,1.72,64.72,ORANGE,Cloudburst Flash Flood,1
80.24,83.48,46.43,9.95,2.0,71.43,ORANGE,Cloudburst Flash Flood,1
35.87,60.38,18.73,7.22,2.01,10.21,GREEN,River Overflow / Stage Exceeded,0
37.9,77.62,42.88,4.93,0.77,8.83,GREEN,Normal Hydrological State,0
46.49,70.92,33.9,6.85,2.71,11.56,GREEN,Normal Hydrological State,0
3.09,42.11,32.77,11.52,6.27,92.73,RED,Seismic GLOF Warning,1
6.77,18.67,34.04,2.53,0.09,5.13,GREEN,Normal Hydrological State,0
140.66,88.81,39.92,11.04,2.11,94.36,RED,Cloudburst Flash Flood,1
29.4,58.21,39.92,6.42,3.34,7.76,GREEN,Normal Hydrological State,0
0.78,30.33,45.59,4.39,0.2,5.05,GREEN,Normal Hydrological State,0
6.57,43.3,31.27,2.92,0.89,5.25,GREEN,Normal Hydrological State,0
3.95,59.2,55.59,7.97,6.78,84.48,RED,Seismic GLOF Warning,1
0.46,51.06,35.22,11.03,6.41,91.26,RED,Seismic GLOF Warning,1
14.7,30.19,16.49,3.1,0.42,5.24,GREEN,Normal Hydrological State,0
7.79,29.41,34.15,2.73,0.67,5.22,GREEN,Normal Hydrological State,0
1.02,51.87,33.39,2.19,0.21,5.07,GREEN,Normal Hydrological State,0
140.73,86.15,51.33,10.31,2.41,92.74,RED,Cloudburst Flash Flood,1
0.17,34.38,49.8,8.27,7.03,85.21,RED,Seismic GLOF Warning,1
10.79,54.12,28.26,1.81,0.17,5.47,GREEN,Normal Hydrological State,0
2.04,33.12,23.02,3.14,0.24,5.06,GREEN,Normal Hydrological State,0
4.15,34.91,36.84,2.97,0.42,5.15,GREEN,Normal Hydrological State,0
16.51,24.95,44.05,2.76,1.12,5.45,GREEN,Normal Hydrological State,0
2.46,14.03,29.27,2.38,0.12,5.05,GREEN,Normal Hydrological State,0
6.21,50.12,32.81,1.82,1.23,5.28,GREEN,Normal Hydrological State,0
0.02,38.35,30.37,1.13,0.47,5.02,GREEN,Normal Hydrological State,0
29.6,78.62,34.74,7.1,1.16,11.23,GREEN,River Overflow / Stage Exceeded,0
34.54,75.93,31.31,6.81,2.87,10.0,GREEN,Normal Hydrological State,0
55.98,61.88,33.05,4.9,2.46,8.76,GREEN,Normal Hydrological State,0
5.44,22.76,41.97,2.43,0.01,5.14,GREEN,Normal Hydrological State,0
96.81,91.98,26.07,7.38,2.51,26.2,GREEN,Cloudburst Flash Flood,0
49.05,65.2,48.22,5.96,1.22,9.69,GREEN,Normal Hydrological State,0
3.73,50.96,30.26,1.78,0.3,5.17,GREEN,Normal Hydrological State,0
9.82,41.38,6.63,3.02,0.05,5.12,GREEN,Normal Hydrological State,0
33.78,66.73,48.86,6.81,2.1,10.61,GREEN,Normal Hydrological State,0
22.72,27.64,37.34,2.3,1.2,5.61,GREEN,Normal Hydrological State,0
2.46,17.79,43.64,2.22,0.3,5.06,GREEN,Normal Hydrological State,0
5.14,60.63,49.04,6.88,4.36,10.73,GREEN,Normal Hydrological State,0
6.65,30.96,25.49,1.92,1.5,5.16,GREEN,Normal Hydrological State,0
3.69,31.3,13.08,3.19,0.23,5.07,GREEN,Normal Hydrological State,0
11.31,14.49,23.74,3.03,1.05,5.13,GREEN,Normal Hydrological State,0
3.41,54.43,13.75,1.87,0.22,5.1,GREEN,Normal Hydrological State,0
6.34,68.85,44.77,8.93,7.17,89.07,RED,Seismic GLOF Warning,1
119.03,94.02,44.12,10.68,1.53,91.76,RED,Cloudburst Flash Flood,1
0.86,56.32,21.97,1.48,0.02,5.05,GREEN,Normal Hydrological State,0
4.25,23.5,11.52,2.48,0.1,5.06,GREEN,Normal Hydrological State,0
2.85,27.96,21.96,4.02,0.16,5.07,GREEN,Normal Hydrological State,0
145.56,99.86,32.39,9.21,2.33,79.77,RED,Cloudburst Flash Flood,1
9.7,48.68,29.86,2.07,2.72,5.39,GREEN,Normal Hydrological State,0
8.97,29.72,26.88,1.69,0.57,5.21,GREEN,Normal Hydrological State,0
52.63,57.37,17.62,6.08,3.26,6.91,GREEN,Normal Hydrological State,0
2.36,34.38,40.96,3.51,0.0,5.1,GREEN,Normal Hydrological State,0
3.01,21.86,42.37,1.02,0.02,5.09,GREEN,Normal Hydrological State,0
29.23,55.59,44.1,5.18,1.5,6.92,GREEN,Normal Hydrological State,0
8.79,49.51,10.93,1.4,0.54,5.18,GREEN,Normal Hydrological State,0
57.31,77.14,36.61,6.54,0.96,12.56,GREEN,Normal Hydrological State,0
2.94,26.78,36.35,1.19,0.85,5.09,GREEN,Normal Hydrological State,0
1.34,34.72,19.67,2.31,0.0,5.05,GREEN,Normal Hydrological State,0
2.41,43.61,37.36,4.03,1.05,5.12,GREEN,Normal Hydrological State,0
0.0,25.81,18.46,2.91,0.72,5.02,GREEN,Normal Hydrological State,0
11.25,47.5,45.07,1.99,0.04,5.59,GREEN,Normal Hydrological State,0
0.0,20.92,43.52,1.6,0.39,5.02,GREEN,Normal Hydrological State,0
13.34,32.3,33.34,2.83,0.02,5.39,GREEN,Normal Hydrological State,0
149.92,84.31,44.64,10.53,1.23,93.16,RED,Cloudburst Flash Flood,1
3.76,66.91,43.63,10.34,6.0,86.7,RED,Seismic GLOF Warning,1
9.65,22.99,30.98,2.23,1.16,5.2,GREEN,Normal Hydrological State,0
6.04,71.73,59.13,7.24,6.84,83.4,RED,Seismic GLOF Warning,1
0.0,23.53,16.51,2.12,0.56,5.02,GREEN,Normal Hydrological State,0
13.96,40.77,22.13,4.6,0.05,5.38,GREEN,Normal Hydrological State,0
0.0,25.82,24.69,2.93,1.06,5.02,GREEN,Normal Hydrological State,0
6.39,27.06,23.8,4.14,0.57,5.13,GREEN,Normal Hydrological State,0
4.71,47.39,25.63,3.19,0.25,5.18,GREEN,Normal Hydrological State,0
46.88,60.56,25.97,6.06,3.22,7.46,GREEN,Normal Hydrological State,0
2.71,41.91,60.72,9.22,4.66,46.7,YELLOW,River Overflow / Stage Exceeded,0
56.36,53.16,34.6,4.99,1.54,8.27,GREEN,Normal Hydrological State,0
0.0,48.76,5.28,1.87,0.05,5.02,GREEN,Normal Hydrological State,0
4.61,50.07,13.08,3.69,1.73,5.12,GREEN,Normal Hydrological State,0
2.2,30.83,6.3,2.17,0.87,5.04,GREEN,Normal Hydrological State,0
7.37,35.58,11.48,2.19,0.24,5.12,GREEN,Normal Hydrological State,0
2.19,44.61,42.59,3.03,0.11,5.12,GREEN,Normal Hydrological State,0
11.26,41.33,22.86,1.75,0.58,5.32,GREEN,Normal Hydrological State,0
3.22,63.34,47.22,7.73,6.3,61.48,ORANGE,Seismic GLOF Warning,1
4.87,31.42,25.37,3.18,0.88,5.13,GREEN,Normal Hydrological State,0
8.91,37.42,43.0,2.28,0.37,5.36,GREEN,Normal Hydrological State,0
109.79,73.36,29.85,11.41,2.15,87.89,RED,Cloudburst Flash Flood,1
1.33,33.7,42.24,1.21,0.0,5.06,GREEN,Normal Hydrological State,0
2.75,15.56,31.17,3.22,0.0,5.06,GREEN,Normal Hydrological State,0
0.0,44.86,31.39,11.31,5.22,81.65,RED,River Overflow / Stage Exceeded,1
0.0,24.24,30.18,3.1,2.2,5.02,GREEN,Normal Hydrological State,0
11.35,46.31,31.6,1.94,1.5,5.46,GREEN,Normal Hydrological State,0
0.0,51.21,27.15,2.19,0.33,5.02,GREEN,Normal Hydrological State,0
16.02,49.05,11.67,3.52,0.6,5.32,GREEN,Normal Hydrological State,0
118.99,92.01,25.57,9.25,2.15,62.13,ORANGE,Cloudburst Flash Flood,1
1.23,23.37,31.25,2.68,0.54,5.04,GREEN,Normal Hydrological State,0
51.96,60.57,28.86,5.41,2.12,7.96,GREEN,Normal Hydrological State,0
0.74,23.06,38.26,2.31,0.42,5.04,GREEN,Normal Hydrological State,0
4.74,50.41,40.34,2.39,1.0,5.25,GREEN,Normal Hydrological State,0
1.2,32.4,20.16,2.31,0.39,5.04,GREEN,Normal Hydrological State,0
0.72,45.94,42.04,10.49,7.19,95.44,RED,Seismic GLOF Warning,1
10.57,29.82,58.99,11.3,5.43,93.33,RED,Seismic GLOF Warning,1
11.27,35.5,22.37,3.21,0.84,5.27,GREEN,Normal Hydrological State,0
11.26,41.06,4.86,1.93,1.11,5.11,GREEN,Normal Hydrological State,0
1.34,47.85,25.13,1.64,0.26,5.06,GREEN,Normal Hydrological State,0
5.09,19.73,20.53,2.85,0.66,5.08,GREEN,Normal Hydrological State,0
0.0,34.92,26.58,2.46,1.66,5.02,GREEN,Normal Hydrological State,0
0.0,27.56,22.37,1.05,1.17,5.02,GREEN,Normal Hydrological State,0
86.13,77.65,29.46,7.04,2.59,18.96,GREEN,Cloudburst Flash Flood,0
0.0,26.88,21.25,1.98,2.08,5.02,GREEN,Normal Hydrological State,0
32.04,60.03,33.1,7.06,1.01,10.25,GREEN,River Overflow / Stage Exceeded,0
2.93,48.23,32.36,1.79,0.44,5.14,GREEN,Normal Hydrological State,0
3.9,47.8,30.33,2.67,0.04,5.17,GREEN,Normal Hydrological State,0
6.48,49.81,26.38,2.59,0.07,5.25,GREEN,Normal Hydrological State,0
0.0,64.43,41.72,8.47,6.32,65.24,ORANGE,Seismic GLOF Warning,1
8.21,41.12,33.93,3.19,0.68,5.31,GREEN,Normal Hydrological State,0
0.49,56.62,37.29,10.95,7.36,96.18,RED,Seismic GLOF Warning,1
1.74,52.22,33.45,2.43,0.5,5.1,GREEN,Normal Hydrological State,0
118.99,71.72,37.07,8.22,1.34,44.8,YELLOW,Cloudburst Flash Flood,0
29.53,59.73,23.48,6.49,3.04,7.28,GREEN,Normal Hydrological State,0
10.92,44.58,42.07,3.13,0.49,5.51,GREEN,Normal Hydrological State,0
6.03,45.34,22.08,2.03,0.54,5.19,GREEN,Normal Hydrological State,0
38.7,61.0,26.9,6.67,1.32,8.7,GREEN,Normal Hydrological State,0
1.32,42.16,43.23,0.88,0.18,5.08,GREEN,Normal Hydrological State,0
1.18,30.59,3.94,1.64,0.03,5.03,GREEN,Normal Hydrological State,0
1.39,24.72,33.28,3.26,1.48,5.05,GREEN,Normal Hydrological State,0
75.42,81.18,29.62,8.48,1.13,34.4,GREEN,Cloudburst Flash Flood,0
8.4,21.0,20.49,3.47,0.57,5.12,GREEN,Normal Hydrological State,0
0.0,31.86,29.86,3.71,0.06,5.02,GREEN,Normal Hydrological State,0
29.4,66.69,43.47,5.92,1.36,7.36,GREEN,Normal Hydrological State,0
6.16,21.18,41.15,2.21,0.15,5.15,GREEN,Normal Hydrological State,0
1.71,43.28,34.4,2.18,0.13,5.08,GREEN,Normal Hydrological State,0
13.41,47.11,30.79,2.54,0.22,5.54,GREEN,Normal Hydrological State,0
0.0,68.86,39.69,8.93,6.6,75.16,RED,Seismic GLOF Warning,1
25.84,60.12,27.92,4.89,1.91,6.28,GREEN,Normal Hydrological State,0
86.02,95.42,51.09,9.92,2.5,79.03,RED,Cloudburst Flash Flood,1
12.81,25.92,5.68,2.15,0.21,5.09,GREEN,Normal Hydrological State,0
78.91,79.86,50.08,7.32,0.84,28.28,GREEN,Cloudburst Flash Flood,0
4.11,23.97,33.73,4.27,1.04,5.1,GREEN,Normal Hydrological State,0
45.0,72.61,34.98,5.39,1.65,8.68,GREEN,Normal Hydrological State,0
4.63,36.46,32.37,2.79,0.19,5.16,GREEN,Normal Hydrological State,0
8.25,30.28,30.52,4.05,0.33,5.22,GREEN,Normal Hydrological State,0
5.95,11.71,34.78,3.1,0.59,5.08,GREEN,Normal Hydrological State,0
1.26,29.66,53.41,10.14,6.25,91.94,RED,Seismic GLOF Warning,1
3.72,67.52,38.97,9.03,4.7,36.58,YELLOW,River Overflow / Stage Exceeded,0
9.34,41.71,8.42,3.29,0.89,5.13,GREEN,Normal Hydrological State,0
13.49,43.34,21.51,2.37,0.17,5.38,GREEN,Normal Hydrological State,0
0.0,63.8,51.39,7.68,6.57,71.88,ORANGE,Seismic GLOF Warning,1
56.06,63.93,28.39,5.87,1.87,8.42,GREEN,Normal Hydrological State,0
0.0,39.49,7.33,0.57,0.2,5.02,GREEN,Normal Hydrological State,0
5.15,20.36,41.53,3.57,0.95,5.12,GREEN,Normal Hydrological State,0
5.71,48.06,19.19,2.64,0.46,5.17,GREEN,Normal Hydrological State,0
42.81,68.22,45.63,5.92,1.44,8.99,GREEN,Normal Hydrological State,0
5.37,42.1,57.35,11.2,4.95,86.25,RED,Seismic GLOF Warning,1
28.33,23.99,19.37,3.05,0.23,5.41,GREEN,Normal Hydrological State,0
10.76,32.53,36.75,3.78,0.67,5.34,GREEN,Normal Hydrological State,0
8.29,51.63,43.04,2.76,0.24,5.46,GREEN,Normal Hydrological State,0
2.25,39.02,53.78,10.84,5.24,85.57,RED,Seismic GLOF Warning,1
5.29,15.37,31.3,3.33,0.36,5.09,GREEN,Normal Hydrological State,0
3.12,26.84,13.03,3.23,1.53,5.06,GREEN,Normal Hydrological State,0
0.0,70.87,49.72,11.4,6.55,97.42,RED,Seismic GLOF Warning,1
1.7,30.78,39.66,2.42,0.11,5.07,GREEN,Normal Hydrological State,0
9.64,21.61,20.01,1.99,1.15,5.14,GREEN,Normal Hydrological State,0
7.79,22.28,39.02,3.52,0.13,5.18,GREEN,Normal Hydrological State,0
8.48,52.43,58.14,9.05,5.75,77.87,RED,Seismic GLOF Warning,1
9.39,35.73,8.87,2.52,0.46,5.12,GREEN,Normal Hydrological State,0
3.92,49.38,26.54,2.51,1.33,5.16,GREEN,Normal Hydrological State,0
44.52,68.91,22.31,5.63,0.93,7.28,GREEN,Normal Hydrological State,0
60.12,58.37,46.33,6.66,3.34,12.48,GREEN,Normal Hydrological State,0
8.37,30.55,4.87,1.45,0.0,5.07,GREEN,Normal Hydrological State,0
51.59,75.41,40.51,5.68,1.1,10.26,GREEN,Normal Hydrological State,0
5.76,33.77,17.2,2.61,0.52,5.12,GREEN,Normal Hydrological State,0
4.85,42.18,10.0,2.52,0.99,5.09,GREEN,Normal Hydrological State,0
2.59,30.8,46.91,11.75,6.03,96.2,RED,Seismic GLOF Warning,1
2.94,41.32,11.57,1.97,0.85,5.07,GREEN,Normal Hydrological State,0
6.52,54.66,44.16,2.13,0.12,5.39,GREEN,Normal Hydrological State,0
5.93,30.55,43.26,2.19,0.05,5.2,GREEN,Normal Hydrological State,0
3.1,51.38,12.48,1.21,1.52,5.08,GREEN,Normal Hydrological State,0
2.92,23.01,14.59,2.66,0.17,5.05,GREEN,Normal Hydrological State,0
2.71,34.97,22.51,3.02,1.07,5.08,GREEN,Normal Hydrological State,0
14.5,36.45,8.03,2.88,3.03,5.17,GREEN,Normal Hydrological State,0
4.37,31.75,34.86,2.8,0.12,5.14,GREEN,Normal Hydrological State,0
48.96,54.06,40.75,5.13,1.51,8.22,GREEN,Normal Hydrological State,0
3.55,40.8,4.84,3.47,0.09,5.05,GREEN,Normal Hydrological State,0
0.53,29.92,34.34,2.53,0.0,5.03,GREEN,Normal Hydrological State,0
13.97,37.97,16.69,2.2,0.29,5.29,GREEN,Normal Hydrological State,0
58.03,72.3,35.72,6.87,2.75,13.74,GREEN,Normal Hydrological State,0
11.45,49.8,5.61,2.69,0.13,5.14,GREEN,Normal Hydrological State,0
0.0,20.77,23.91,2.89,0.58,5.02,GREEN,Normal Hydrological State,0
32.27,74.39,31.31,7.01,2.59,10.6,GREEN,River Overflow / Stage Exceeded,0
4.61,14.29,8.99,2.41,0.29,5.04,GREEN,Normal Hydrological State,0
82.57,89.62,41.75,8.08,0.7,40.23,YELLOW,Cloudburst Flash Flood,0
0.63,17.31,8.76,1.47,0.04,5.02,GREEN,Normal Hydrological State,0
44.92,64.85,31.56,5.97,1.81,7.91,GREEN,Normal Hydrological State,0
1.97,19.01,8.02,1.1,0.0,5.03,GREEN,Normal Hydrological State,0
67.05,86.47,38.65,7.28,1.34,21.9,GREEN,River Overflow / Stage Exceeded,0
4.1,54.99,14.86,3.47,1.3,5.12,GREEN,Normal Hydrological State,0
11.52,21.49,42.24,2.76,0.91,5.27,GREEN,Normal Hydrological State,0
6.25,24.16,39.77,1.85,1.4,5.16,GREEN,Normal Hydrological State,0
5.27,58.54,39.98,10.59,6.28,89.82,RED,Seismic GLOF Warning,1
94.74,89.29,42.12,10.82,1.15,87.07,RED,Cloudburst Flash Flood,1
59.64,79.64,22.68,5.8,2.87,8.95,GREEN,Normal Hydrological State,0
3.42,43.61,44.94,8.11,6.19,61.28,ORANGE,Seismic GLOF Warning,1
33.9,59.98,17.95,4.93,0.37,6.19,GREEN,Normal Hydrological State,0
0.78,15.45,33.56,1.28,1.14,5.03,GREEN,Normal Hydrological State,0
5.21,43.83,30.02,1.33,0.17,5.2,GREEN,Normal Hydrological State,0
12.47,15.4,6.6,1.7,0.06,5.07,GREEN,Normal Hydrological State,0
1.98,48.98,32.02,3.15,0.27,5.1,GREEN,Normal Hydrological State,0
1.4,62.63,30.15,11.16,6.36,89.5,RED,Seismic GLOF Warning,1
2.28,47.94,31.77,3.34,0.22,5.11,GREEN,Normal Hydrological State,0
1.7,32.41,43.55,10.44,6.31,90.24,RED,Seismic GLOF Warning,1
8.95,28.58,41.24,1.44,0.16,5.27,GREEN,Normal Hydrological State,0
88.66,80.39,51.15,10.71,2.26,84.84,RED,Cloudburst Flash Flood,1
3.44,48.78,43.02,1.02,0.47,5.19,GREEN,Normal Hydrological State,0
83.12,100.0,34.84,7.7,0.74,34.42,GREEN,Cloudburst Flash Flood,0
0.21,50.67,39.99,3.46,0.35,5.03,GREEN,Normal Hydrological State,0
5.41,46.45,20.29,2.11,0.83,5.17,GREEN,Normal Hydrological State,0
14.67,51.47,21.39,2.02,0.37,5.49,GREEN,Normal Hydrological State,0
1.21,37.29,33.31,1.5,0.02,5.06,GREEN,Normal Hydrological State,0
4.79,23.79,29.91,1.62,0.08,5.11,GREEN,Normal Hydrological State,0
6.16,16.92,27.34,2.49,0.61,5.1,GREEN,Normal Hydrological State,0
1.78,36.5,50.47,9.18,5.09,54.52,YELLOW,Seismic GLOF Warning,1
29.34,58.18,35.09,6.51,1.62,7.85,GREEN,Normal Hydrological State,0
6.36,36.63,16.52,2.35,0.94,5.14,GREEN,Normal Hydrological State,0
12.63,45.86,40.09,2.35,0.0,5.59,GREEN,Normal Hydrological State,0
7.28,34.4,29.14,2.99,0.26,5.21,GREEN,Normal Hydrological State,0
57.88,67.53,19.05,5.69,2.01,7.63,GREEN,Normal Hydrological State,0
0.0,53.59,42.91,3.42,0.51,5.02,GREEN,Normal Hydrological State,0
3.5,49.22,31.21,2.31,0.67,5.16,GREEN,Normal Hydrological State,0
1.47,19.35,4.02,2.07,0.2,5.03,GREEN,Normal Hydrological State,0
4.37,34.56,18.38,1.18,0.59,5.1,GREEN,Normal Hydrological State,0
56.71,75.11,50.12,4.86,1.2,12.19,GREEN,Saturated Soil Runoff,0
129.12,94.67,38.08,7.79,1.13,56.13,ORANGE,Cloudburst Flash Flood,1
25.93,23.88,22.55,2.14,0.07,5.42,GREEN,Normal Hydrological State,0
4.98,17.66,41.93,2.58,0.19,5.11,GREEN,Normal Hydrological State,0
30.68,68.64,46.31,4.87,2.47,7.69,GREEN,Normal Hydrological State,0
9.08,35.93,33.77,2.34,1.01,5.3,GREEN,Normal Hydrological State,0
1.78,28.45,20.84,2.48,0.67,5.05,GREEN,Normal Hydrological State,0
4.45,19.41,42.44,3.39,0.64,5.11,GREEN,Normal Hydrological State,0
90.65,78.33,29.23,7.59,0.22,25.3,GREEN,Cloudburst Flash Flood,0
14.95,39.39,20.37,2.26,1.94,5.37,GREEN,Normal Hydrological State,0
112.15,100.0,34.96,10.55,1.64,87.75,RED,Cloudburst Flash Flood,1
29.09,68.86,40.56,6.83,3.32,9.74,GREEN,Normal Hydrological State,0
66.02,79.71,42.34,10.56,1.5,73.88,ORANGE,River Overflow / Stage Exceeded,1
126.7,80.58,25.58,10.97,0.28,85.47,RED,Cloudburst Flash Flood,1
11.65,24.4,7.41,0.99,0.51,5.1,GREEN,Normal Hydrological State,0
10.47,37.92,36.99,2.61,0.72,5.39,GREEN,Normal Hydrological State,0
1.99,34.61,27.98,2.2,0.25,5.07,GREEN,Normal Hydrological State,0
7.31,25.26,16.05,3.65,0.38,5.11,GREEN,Normal Hydrological State,0
55.41,63.98,49.33,5.03,0.93,10.49,GREEN,Normal Hydrological State,0
26.18,78.69,16.59,5.73,2.59,6.13,GREEN,Normal Hydrological State,0
4.37,25.18,17.68,1.38,1.14,5.08,GREEN,Normal Hydrological State,0
37.44,70.3,23.49,6.11,1.47,7.14,GREEN,Normal Hydrological State,0
3.31,42.59,19.34,2.06,0.07,5.1,GREEN,Normal Hydrological State,0
9.61,42.38,36.62,2.0,0.63,5.39,GREEN,Normal Hydrological State,0
92.89,79.38,36.14,11.34,1.64,87.85,RED,Cloudburst Flash Flood,1
111.96,77.63,48.68,8.48,1.8,57.7,ORANGE,Cloudburst Flash Flood,1
16.8,42.37,38.3,1.99,0.35,5.71,GREEN,Normal Hydrological State,0
15.19,37.2,36.86,3.17,1.81,5.55,GREEN,Normal Hydrological State,0
45.41,74.13,43.52,6.67,0.97,11.92,GREEN,Normal Hydrological State,0
1.5,47.39,44.75,2.57,1.03,5.09,GREEN,Normal Hydrological State,0
118.69,91.49,43.23,7.81,1.48,54.44,YELLOW,Cloudburst Flash Flood,1
7.15,46.85,14.3,0.91,0.39,5.17,GREEN,Normal Hydrological State,0
4.81,34.58,9.14,2.63,1.74,5.07,GREEN,Normal Hydrological State,0
38.78,78.42,22.48,5.24,0.82,7.27,GREEN,Normal Hydrological State,0
5.25,49.93,43.72,10.58,4.66,67.06,ORANGE,River Overflow / Stage Exceeded,1
14.63,49.48,12.58,3.65,0.04,5.31,GREEN,Normal Hydrological State,0
89.47,82.21,36.84,10.6,0.71,79.66,RED,Cloudburst Flash Flood,1
0.0,20.01,14.43,2.72,0.91,5.02,GREEN,Normal Hydrological State,0
4.24,40.82,12.49,1.31,1.26,5.09,GREEN,Normal Hydrological State,0
55.78,75.92,26.64,5.48,2.87,8.98,GREEN,Normal Hydrological State,0
14.11,27.69,31.88,1.65,0.2,5.34,GREEN,Normal Hydrological State,0
33.72,65.12,20.09,5.18,3.06,6.43,GREEN,Normal Hydrological State,0
6.09,45.04,26.61,2.09,0.23,5.22,GREEN,Normal Hydrological State,0
7.59,15.03,39.74,2.46,1.16,5.13,GREEN,Normal Hydrological State,0
42.15,72.62,35.41,6.0,2.01,8.42,GREEN,Normal Hydrological State,0
8.68,52.03,26.05,2.04,0.44,5.34,GREEN,Normal Hydrological State,0
1.53,31.65,41.44,2.88,0.25,5.07,GREEN,Normal Hydrological State,0
7.15,52.27,35.22,2.88,0.17,5.35,GREEN,Normal Hydrological State,0
0.0,37.8,26.72,3.77,0.22,5.02,GREEN,Normal Hydrological State,0
10.18,50.02,11.11,1.09,0.08,5.21,GREEN,Normal Hydrological State,0
6.59,71.02,58.59,8.53,6.23,82.91,RED,Seismic GLOF Warning,1
3.24,48.88,27.84,1.81,0.0,5.14,GREEN,Normal Hydrological State,0
8.99,22.02,34.32,2.03,0.28,5.19,GREEN,Normal Hydrological State,0
136.79,89.36,29.1,9.84,1.12,78.74,RED,Cloudburst Flash Flood,1
13.67,44.0,19.75,1.86,0.51,5.37,GREEN,Normal Hydrological State,0
5.35,35.56,23.39,1.95,0.08,5.14,GREEN,Normal Hydrological State,0
6.77,53.94,32.62,3.12,0.67,5.33,GREEN,Normal Hydrological State,0
4.88,31.71,16.39,2.34,0.5,5.1,GREEN,Normal Hydrological State,0
2.4,21.74,12.49,1.97,1.13,5.04,GREEN,Normal Hydrological State,0
1.11,47.71,11.31,2.97,0.02,5.04,GREEN,Normal Hydrological State,0
49.01,72.38,47.41,5.24,2.27,10.32,GREEN,Normal Hydrological State,0
1.14,63.62,45.7,11.21,4.94,82.26,RED,River Overflow / Stage Exceeded,1
2.25,19.54,33.93,3.01,0.53,5.06,GREEN,Normal Hydrological State,0
0.0,33.31,24.74,2.75,0.15,5.02,GREEN,Normal Hydrological State,0
3.77,40.88,35.82,11.16,6.38,92.33,RED,Seismic GLOF Warning,1
55.79,58.13,25.74,4.72,0.73,7.77,GREEN,Normal Hydrological State,0
3.41,17.61,26.0,2.8,1.4,5.06,GREEN,Normal Hydrological State,0
10.33,38.94,34.54,2.63,0.54,5.37,GREEN,Normal Hydrological State,0
4.83,40.21,24.37,2.98,1.95,5.15,GREEN,Normal Hydrological State,0
120.26,99.28,30.32,8.93,1.96,65.28,ORANGE,Cloudburst Flash Flood,1
49.69,77.57,44.04,6.17,0.64,11.0,GREEN,Normal Hydrological State,0
5.09,36.25,36.76,10.8,5.46,81.09,RED,Seismic GLOF Warning,1
6.66,37.91,24.28,3.24,0.58,5.19,GREEN,Normal Hydrological State,0
7.52,45.42,30.6,1.99,0.27,5.29,GREEN,Normal Hydrological State,0
3.5,54.83,39.1,7.92,4.54,18.78,GREEN,River Overflow / Stage Exceeded,0
49.88,56.53,46.56,4.73,0.82,8.88,GREEN,Normal Hydrological State,0
3.94,38.63,39.74,2.19,2.16,5.17,GREEN,Normal Hydrological State,0
7.67,38.59,11.04,3.41,1.18,5.13,GREEN,Normal Hydrological State,0
1.56,16.96,25.79,2.1,0.41,5.04,GREEN,Normal Hydrological State,0
0.0,20.52,43.08,3.5,0.54,5.02,GREEN,Normal Hydrological State,0
0.0,65.13,34.28,8.23,6.75,59.98,ORANGE,Seismic GLOF Warning,1
50.42,62.2,26.87,5.71,2.28,7.76,GREEN,Normal Hydrological State,0
8.43,66.73,43.0,9.77,5.74,76.64,RED,Seismic GLOF Warning,1
0.85,46.86,26.32,3.13,2.74,5.05,GREEN,Normal Hydrological State,0
0.91,17.21,21.43,3.41,0.21,5.03,GREEN,Normal Hydrological State,0
34.79,80.67,17.51,5.0,1.16,6.66,GREEN,Normal Hydrological State,0
3.16,33.27,9.1,0.75,0.2,5.05,GREEN,Normal Hydrological State,0
1.77,43.51,16.13,1.51,0.68,5.06,GREEN,Normal Hydrological State,0
4.75,54.52,41.15,2.59,1.01,5.27,GREEN,Normal Hydrological State,0
47.15,73.0,34.43,4.98,2.71,8.87,GREEN,Normal Hydrological State,0
2.65,44.43,6.28,1.93,0.02,5.05,GREEN,Normal Hydrological State,0
5.81,17.1,34.94,2.13,0.3,5.11,GREEN,Normal Hydrological State,0
7.84,48.33,31.07,2.63,1.41,5.33,GREEN,Normal Hydrological State,0
1.2,52.11,41.97,2.2,0.03,5.08,GREEN,Normal Hydrological State,0
46.81,60.33,31.63,5.17,3.28,7.81,GREEN,Normal Hydrological State,0
3.57,70.44,31.64,11.78,5.75,91.26,RED,Seismic GLOF Warning,1
1.91,17.81,19.64,4.56,0.5,5.04,GREEN,Normal Hydrological State,0
2.36,48.96,33.06,2.03,0.83,5.12,GREEN,Normal Hydrological State,0
0.0,35.61,24.19,4.24,0.16,5.02,GREEN,Normal Hydrological State,0
1.34,58.07,37.32,9.36,7.48,88.7,RED,Seismic GLOF Warning,1
0.66,14.5,33.54,2.62,0.25,5.03,GREEN,Normal Hydrological State,0
5.43,46.74,21.03,3.07,0.46,5.17,GREEN,Normal Hydrological State,0
12.75,46.13,31.56,3.86,0.44,5.51,GREEN,Normal Hydrological State,0
1.23,71.91,41.6,10.11,7.33,94.53,RED,Seismic GLOF Warning,1
6.24,47.59,36.46,1.38,0.09,5.29,GREEN,Normal Hydrological State,0
9.82,23.46,7.74,3.78,0.6,5.08,GREEN,Normal Hydrological State,0
2.33,41.27,56.57,8.91,6.65,90.0,RED,Seismic GLOF Warning,1
4.05,55.63,48.21,8.29,5.01,36.08,YELLOW,Seismic GLOF Warning,0
1.06,15.8,33.37,1.1,0.43,5.03,GREEN,Normal Hydrological State,0
5.97,33.88,29.17,2.73,0.13,5.18,GREEN,Normal Hydrological State,0
4.77,36.3,35.61,2.12,0.48,5.17,GREEN,Normal Hydrological State,0
143.36,80.28,53.62,7.84,1.78,65.95,ORANGE,Cloudburst Flash Flood,1
7.41,65.05,30.76,7.77,4.26,13.89,GREEN,River Overflow / Stage Exceeded,0
7.78,44.49,41.78,1.38,0.33,5.37,GREEN,Normal Hydrological State,0
2.21,38.7,14.96,0.89,0.42,5.06,GREEN,Normal Hydrological State,0
0.0,31.94,57.51,10.79,5.65,91.5,RED,Seismic GLOF Warning,1
32.48,69.77,28.94,5.42,1.53,7.01,GREEN,Normal Hydrological State,0
10.33,33.36,9.37,1.95,0.29,5.13,GREEN,Normal Hydrological State,0
5.09,50.57,23.59,1.38,0.52,5.19,GREEN,Normal Hydrological State,0
43.87,73.06,25.14,7.12,2.76,11.7,GREEN,River Overflow / Stage Exceeded,0
3.9,29.22,31.82,1.78,0.05,5.11,GREEN,Normal Hydrological State,0
2.7,60.26,39.95,10.8,6.64,93.48,RED,Seismic GLOF Warning,1
111.72,87.69,36.7,7.16,1.89,34.7,GREEN,Cloudburst Flash Flood,0
11.37,34.05,10.12,2.25,0.08,5.15,GREEN,Normal Hydrological State,0
99.44,86.81,52.28,10.51,2.56,87.28,RED,Cloudburst Flash Flood,1
3.74,42.38,41.47,2.41,0.57,5.18,GREEN,Normal Hydrological State,0
0.91,15.14,32.77,2.93,0.43,5.03,GREEN,Normal Hydrological State,0
4.91,45.94,39.68,2.26,0.34,5.24,GREEN,Normal Hydrological State,0
9.38,16.99,10.1,2.71,0.45,5.07,GREEN,Normal Hydrological State,0
92.74,95.0,51.83,9.84,1.67,80.52,RED,Cloudburst Flash Flood,1
6.58,27.98,40.13,3.55,0.14,5.2,GREEN,Normal Hydrological State,0
4.5,39.6,10.31,3.24,1.69,5.08,GREEN,Normal Hydrological State,0
4.83,45.26,45.22,11.31,6.3,95.59,RED,Seismic GLOF Warning,1
107.59,84.73,43.76,9.41,1.31,72.12,ORANGE,Cloudburst Flash Flood,1
11.68,22.53,42.78,2.56,0.75,5.29,GREEN,Normal Hydrological State,0
59.09,69.33,23.65,5.58,3.31,8.41,GREEN,Normal Hydrological State,0
11.33,29.42,44.01,2.4,0.37,5.36,GREEN,Normal Hydrological State,0
39.66,69.39,47.0,6.49,1.37,10.14,GREEN,Normal Hydrological State,0
93.3,84.02,44.57,11.3,2.6,90.43,RED,Cloudburst Flash Flood,1
8.71,33.27,33.0,1.64,0.95,5.26,GREEN,Normal Hydrological State,0
105.78,81.27,38.65,9.74,1.4,72.24,ORANGE,Cloudburst Flash Flood,1
6.59,46.65,10.55,2.67,0.23,5.13,GREEN,Normal Hydrological State,0
10.96,59.05,49.11,8.61,5.18,49.08,YELLOW,Seismic GLOF Warning,0
5.55,18.39,20.14,2.11,0.17,5.08,GREEN,Normal Hydrological State,0
3.19,34.86,22.97,2.52,0.03,5.09,GREEN,Normal Hydrological State,0
42.97,61.79,40.75,5.99,2.95,8.23,GREEN,Normal Hydrological State,0
13.56,54.4,42.34,2.53,0.69,5.79,GREEN,Normal Hydrological State,0
53.67,57.39,29.87,4.58,1.49,7.97,GREEN,Normal Hydrological State,0
9.95,52.93,50.86,9.98,4.7,61.15,ORANGE,River Overflow / Stage Exceeded,1
79.74,90.43,39.7,9.08,0.16,55.43,ORANGE,Cloudburst Flash Flood,1
3.0,30.82,15.82,3.17,0.0,5.06,GREEN,Normal Hydrological State,0
1.51,52.0,34.11,2.88,0.23,5.09,GREEN,Normal Hydrological State,0
70.05,78.21,51.45,8.41,1.25,39.84,YELLOW,Cloudburst Flash Flood,0
1.95,17.09,15.04,2.17,0.32,5.04,GREEN,Normal Hydrological State,0
3.64,48.39,40.23,3.22,0.47,5.19,GREEN,Normal Hydrological State,0
0.0,27.02,35.48,2.44,0.36,5.02,GREEN,Normal Hydrological State,0
3.75,36.61,39.09,2.54,0.46,5.15,GREEN,Normal Hydrological State,0
6.66,23.73,39.26,1.69,0.19,5.17,GREEN,Normal Hydrological State,0
24.39,36.84,44.53,1.21,0.44,6.01,GREEN,Normal Hydrological State,0
6.77,49.49,27.44,2.91,0.54,5.27,GREEN,Normal Hydrological State,0
13.82,23.9,15.42,2.52,0.01,5.18,GREEN,Normal Hydrological State,0
5.93,76.02,38.42,10.39,4.89,67.15,ORANGE,River Overflow / Stage Exceeded,1
1.46,39.13,41.23,7.65,4.84,20.62,GREEN,River Overflow / Stage Exceeded,0
8.21,24.62,7.68,2.13,0.41,5.08,GREEN,Normal Hydrological State,0
7.76,21.13,7.57,0.53,0.65,5.06,GREEN,Normal Hydrological State,0
10.55,34.7,10.2,2.97,1.11,5.14,GREEN,Normal Hydrological State,0
137.98,96.97,35.08,9.75,1.05,84.77,RED,Cloudburst Flash Flood,1
7.77,51.95,23.2,1.57,0.15,5.28,GREEN,Normal Hydrological State,0
4.02,20.85,8.15,2.98,0.0,5.04,GREEN,Normal Hydrological State,0
1.8,16.98,42.25,0.5,1.26,5.05,GREEN,Normal Hydrological State,0
51.98,61.95,41.44,6.6,2.7,11.08,GREEN,Normal Hydrological State,0
83.17,100.0,40.49,7.69,0.11,37.99,YELLOW,Cloudburst Flash Flood,0
108.86,78.78,49.09,9.75,0.44,77.43,RED,Cloudburst Flash Flood,1
39.62,63.6,26.21,5.17,0.58,7.09,GREEN,Normal Hydrological State,0
5.5,32.81,29.91,2.26,0.22,5.16,GREEN,Normal Hydrological State,0
0.0,35.04,25.85,3.68,0.09,5.02,GREEN,Normal Hydrological State,0
33.9,65.38,32.63,6.04,1.8,7.21,GREEN,Normal Hydrological State,0
2.2,35.96,42.9,11.62,4.65,82.36,RED,River Overflow / Stage Exceeded,1
0.0,61.14,56.24,11.38,5.71,94.82,RED,Seismic GLOF Warning,1
3.93,53.21,42.42,3.08,0.26,5.23,GREEN,Normal Hydrological State,0
131.18,92.41,29.18,10.28,2.04,83.86,RED,Cloudburst Flash Flood,1
0.79,21.83,28.98,1.89,0.96,5.03,GREEN,Normal Hydrological State,0
137.05,83.21,33.24,6.94,1.47,35.56,YELLOW,Cloudburst Flash Flood,0
7.69,31.4,35.38,9.58,7.17,86.39,RED,Seismic GLOF Warning,1
149.17,83.32,27.81,10.41,2.41,84.95,RED,Cloudburst Flash Flood,1
2.84,69.47,57.74,11.74,6.13,98.01,RED,Seismic GLOF Warning,1
0.94,41.25,33.74,4.0,0.24,5.05,GREEN,Normal Hydrological State,0
1.18,47.07,32.27,7.69,4.36,13.45,GREEN,River Overflow / Stage Exceeded,0
0.12,44.58,41.68,11.29,5.27,86.02,RED,Seismic GLOF Warning,1
44.88,73.0,21.09,5.77,3.17,7.34,GREEN,Normal Hydrological State,0
6.66,27.77,17.61,1.8,0.21,5.12,GREEN,Normal Hydrological State,0
4.23,56.57,59.82,8.24,6.49,85.18,RED,Seismic GLOF Warning,1
0.26,41.29,30.52,2.96,0.52,5.03,GREEN,Normal Hydrological State,0
6.63,32.59,38.29,2.1,0.12,5.22,GREEN,Normal Hydrological State,0
4.79,16.61,16.68,2.58,0.95,5.06,GREEN,Normal Hydrological State,0
2.48,41.06,15.35,1.5,1.11,5.07,GREEN,Normal Hydrological State,0
5.24,30.38,22.24,2.38,0.61,5.12,GREEN,Normal Hydrological State,0
29.82,77.68,45.06,6.45,3.2,9.08,GREEN,Normal Hydrological State,0
59.66,66.35,31.87,4.76,2.61,9.32,GREEN,Normal Hydrological State,0
28.74,75.79,38.69,6.12,1.06,7.61,GREEN,Normal Hydrological State,0
13.69,39.86,21.14,1.82,0.5,5.35,GREEN,Normal Hydrological State,0
52.67,68.0,17.82,6.79,0.65,9.48,GREEN,Normal Hydrological State,0
14.19,38.31,8.83,3.55,0.19,5.19,GREEN,Normal Hydrological State,0
53.92,62.91,47.42,4.75,0.72,10.01,GREEN,Normal Hydrological State,0
25.88,56.88,32.79,6.26,2.08,6.81,GREEN,Normal Hydrological State,0
1.66,61.91,46.0,9.81,5.16,65.0,ORANGE,Seismic GLOF Warning,1
91.09,75.89,24.74,7.42,2.09,20.82,GREEN,Cloudburst Flash Flood,0
135.97,92.37,35.49,10.04,0.07,86.07,RED,Cloudburst Flash Flood,1
0.0,71.78,42.6,10.66,6.7,93.88,RED,Seismic GLOF Warning,1
0.55,48.42,33.21,3.48,0.03,5.04,GREEN,Normal Hydrological State,0
7.0,39.8,22.43,1.38,0.03,5.2,GREEN,Normal Hydrological State,0
3.87,53.13,22.02,1.98,1.12,5.15,GREEN,Normal Hydrological State,0
4.73,14.24,38.69,3.88,0.23,5.08,GREEN,Normal Hydrological State,0
1.08,58.94,46.7,7.6,5.03,25.68,GREEN,Seismic GLOF Warning,0
3.64,49.66,28.38,2.32,0.79,5.16,GREEN,Normal Hydrological State,0
8.54,41.69,16.92,1.39,0.78,5.2,GREEN,Normal Hydrological State,0
110.35,84.57,53.99,9.44,0.87,78.28,RED,Cloudburst Flash Flood,1
10.64,16.71,7.75,0.8,0.78,5.07,GREEN,Normal Hydrological State,0
8.16,54.31,40.33,1.69,0.86,5.46,GREEN,Normal Hydrological State,0
3.35,18.77,20.08,3.55,0.25,5.06,GREEN,Normal Hydrological State,0
30.12,75.86,30.55,6.6,1.6,8.61,GREEN,Normal Hydrological State,0
38.75,71.16,16.18,5.02,2.39,6.52,GREEN,Normal Hydrological State,0
13.47,50.57,6.98,2.11,0.01,5.19,GREEN,Normal Hydrological State,0
98.42,77.65,39.96,7.15,1.18,27.83,GREEN,Cloudburst Flash Flood,0
15.55,43.4,26.58,2.74,0.55,5.52,GREEN,Normal Hydrological State,0
6.51,52.88,6.28,2.72,0.39,5.1,GREEN,Normal Hydrological State,0
1.43,52.46,43.77,2.64,1.09,5.1,GREEN,Normal Hydrological State,0
5.42,27.26,14.32,3.81,0.46,5.09,GREEN,Normal Hydrological State,0
112.07,79.17,31.79,10.75,1.49,83.31,RED,Cloudburst Flash Flood,1
0.0,28.64,32.01,2.98,0.39,5.02,GREEN,Normal Hydrological State,0
3.57,41.26,50.94,10.03,5.6,81.27,RED,Seismic GLOF Warning,1
8.74,42.58,54.92,8.34,5.55,58.96,ORANGE,Seismic GLOF Warning,1
13.33,21.12,20.01,2.35,0.37,5.18,GREEN,Normal Hydrological State,0
8.79,32.65,18.36,1.81,1.24,5.18,GREEN,Normal Hydrological State,0
0.0,31.69,29.77,11.8,6.16,92.66,RED,Seismic GLOF Warning,1
11.05,50.12,7.88,2.77,1.16,5.17,GREEN,Normal Hydrological State,0
127.3,84.07,32.13,8.83,1.93,60.58,ORANGE,Cloudburst Flash Flood,1
7.05,26.16,20.29,2.31,0.0,5.13,GREEN,Normal Hydrological State,0
6.12,15.1,18.94,2.3,0.28,5.07,GREEN,Normal Hydrological State,0
46.39,73.86,15.39,4.91,1.27,6.86,GREEN,Normal Hydrological State,0
99.02,95.74,29.18,7.82,0.8,36.18,YELLOW,Cloudburst Flash Flood,0
63.56,94.76,48.68,7.27,0.2,25.95,GREEN,River Overflow / Stage Exceeded,0
12.95,50.81,22.91,1.81,0.81,5.45,GREEN,Normal Hydrological State,0
2.21,62.87,42.05,11.14,5.7,89.56,RED,Seismic GLOF Warning,1
0.0,38.63,47.52,10.38,5.46,80.67,RED,Seismic GLOF Warning,1
2.22,34.33,33.71,10.87,4.86,71.47,ORANGE,River Overflow / Stage Exceeded,1
0.81,38.77,32.9,8.37,4.4,20.05,GREEN,River Overflow / Stage Exceeded,0
0.0,49.69,35.45,2.59,0.49,5.02,GREEN,Normal Hydrological State,0
71.57,80.16,39.86,6.97,0.92,19.4,GREEN,Cloudburst Flash Flood,0
1.19,25.77,6.15,3.96,0.23,5.03,GREEN,Normal Hydrological State,0
9.77,19.85,33.72,2.68,0.2,5.19,GREEN,Normal Hydrological State,0
5.42,42.77,10.2,1.13,0.68,5.1,GREEN,Normal Hydrological State,0
61.39,74.07,45.96,5.21,0.79,12.32,GREEN,Saturated Soil Runoff,0
12.12,37.84,25.02,2.06,0.49,5.34,GREEN,Normal Hydrological State,0
2.89,46.91,51.77,8.02,6.63,78.22,RED,Seismic GLOF Warning,1
2.25,40.49,45.72,11.7,4.83,86.39,RED,River Overflow / Stage Exceeded,1
3.06,27.42,37.65,1.74,0.14,5.1,GREEN,Normal Hydrological State,0
44.34,75.73,40.18,4.78,1.32,9.3,GREEN,Normal Hydrological State,0
13.54,19.69,7.16,1.43,1.33,5.09,GREEN,Normal Hydrological State,0
6.84,37.32,27.03,2.16,0.04,5.21,GREEN,Normal Hydrological State,0
116.54,90.59,42.49,10.52,0.69,89.01,RED,Cloudburst Flash Flood,1
2.14,35.36,58.96,8.62,6.19,81.84,RED,Seismic GLOF Warning,1
5.69,18.9,19.26,0.96,0.0,5.08,GREEN,Normal Hydrological State,0
17.41,25.47,43.3,2.79,0.72,5.48,GREEN,Normal Hydrological State,0
34.03,69.75,41.89,6.41,2.04,8.86,GREEN,Normal Hydrological State,0
113.89,79.43,34.09,9.49,0.13,67.01,ORANGE,Cloudburst Flash Flood,1
20.29,36.96,23.69,2.89,1.15,5.53,GREEN,Normal Hydrological State,0
8.7,39.07,31.2,2.75,0.23,5.3,GREEN,Normal Hydrological State,0
15.18,42.68,25.77,2.08,0.97,5.48,GREEN,Normal Hydrological State,0
6.37,40.11,42.59,2.58,1.64,5.28,GREEN,Normal Hydrological State,0
5.42,21.64,16.6,2.87,0.66,5.08,GREEN,Normal Hydrological State,0
4.93,32.98,23.76,2.03,1.1,5.13,GREEN,Normal Hydrological State,0
146.09,78.07,44.69,9.5,1.42,82.21,RED,Cloudburst Flash Flood,1
2.35,16.89,9.53,3.42,0.0,5.03,GREEN,Normal Hydrological State,0
3.37,11.72,22.24,2.12,0.16,5.05,GREEN,Normal Hydrological State,0
1.98,16.4,26.72,1.01,0.43,5.04,GREEN,Normal Hydrological State,0
6.17,15.97,10.7,2.41,0.16,5.06,GREEN,Normal Hydrological State,0
5.6,38.09,50.79,8.08,7.39,89.79,RED,Seismic GLOF Warning,1
26.95,61.8,17.02,5.84,2.85,5.92,GREEN,Normal Hydrological State,0
6.17,27.86,33.33,1.82,1.56,5.17,GREEN,Normal Hydrological State,0
16.75,33.12,9.68,2.33,0.17,5.2,GREEN,Normal Hydrological State,0
0.17,20.93,26.66,1.94,1.52,5.02,GREEN,Normal Hydrological State,0
3.75,28.84,40.23,2.23,0.82,5.12,GREEN,Normal Hydrological State,0
4.65,26.32,38.81,2.81,1.08,5.13,GREEN,Normal Hydrological State,0
7.2,42.62,12.52,2.05,0.13,5.14,GREEN,Normal Hydrological State,0
137.08,77.86,42.72,9.37,1.03,77.07,RED,Cloudburst Flash Flood,1
4.44,33.92,35.95,2.88,0.46,5.15,GREEN,Normal Hydrological State,0
11.69,25.7,37.2,1.86,0.4,5.3,GREEN,Normal Hydrological State,0
6.05,24.37,30.97,3.8,0.19,5.14,GREEN,Normal Hydrological State,0
1.55,42.88,10.56,1.82,0.28,5.04,GREEN,Normal Hydrological State,0
6.62,24.56,25.03,3.35,0.73,5.13,GREEN,Normal Hydrological State,0
8.19,46.75,23.31,2.68,0.34,5.27,GREEN,Normal Hydrological State,0
5.28,30.25,31.12,2.04,0.28,5.15,GREEN,Normal Hydrological State,0
12.45,24.76,37.88,3.35,1.85,5.31,GREEN,Normal Hydrological State,0
2.69,38.82,11.95,3.48,0.33,5.06,GREEN,Normal Hydrological State,0
40.39,71.84,26.96,6.49,2.53,8.72,GREEN,Normal Hydrological State,0
5.12,25.22,8.29,1.84,0.38,5.06,GREEN,Normal Hydrological State,0
7.27,32.37,38.47,4.39,0.56,5.24,GREEN,Normal Hydrological State,0
5.32,45.82,40.88,9.84,5.23,64.57,ORANGE,Seismic GLOF Warning,1
11.13,30.07,27.45,1.65,0.9,5.27,GREEN,Normal Hydrological State,0
10.09,16.9,14.84,2.76,0.29,5.1,GREEN,Normal Hydrological State,0
8.85,52.84,36.12,3.18,0.44,5.45,GREEN,Normal Hydrological State,0
70.66,73.4,30.5,7.41,0.09,18.75,GREEN,Cloudburst Flash Flood,0
7.19,23.26,28.55,3.42,1.1,5.15,GREEN,Normal Hydrological State,0
17.72,17.77,42.72,1.37,1.61,5.34,GREEN,Normal Hydrological State,0
3.81,36.83,21.61,1.62,0.46,5.11,GREEN,Normal Hydrological State,0
2.12,35.6,58.35,9.38,6.24,89.07,RED,Seismic GLOF Warning,1
16.08,74.26,42.4,8.27,6.1,63.5,ORANGE,Seismic GLOF Warning,1
27.5,62.52,25.92,6.92,2.2,8.87,GREEN,Normal Hydrological State,0
32.89,58.74,38.0,6.99,2.26,10.23,GREEN,Normal Hydrological State,0
2.87,67.28,49.18,7.41,4.45,14.86,GREEN,River Overflow / Stage Exceeded,0
105.26,78.32,50.38,11.63,1.43,94.01,RED,Cloudburst Flash Flood,1
1.74,30.8,26.86,3.18,0.81,5.06,GREEN,Normal Hydrological State,0
4.84,30.9,36.44,1.41,0.49,5.15,GREEN,Normal Hydrological State,0
10.27,40.99,24.83,2.92,0.05,5.31,GREEN,Normal Hydrological State,0
2.64,13.36,28.42,2.37,0.02,5.05,GREEN,Normal Hydrological State,0
1.85,72.7,49.55,11.6,6.2,96.87,RED,Seismic GLOF Warning,1
30.62,75.73,27.51,6.63,1.75,8.56,GREEN,Normal Hydrological State,0
30.3,58.94,25.09,6.82,1.1,8.49,GREEN,Normal Hydrological State,0
5.17,40.97,34.77,1.49,1.78,5.2,GREEN,Normal Hydrological State,0
54.83,65.75,36.62,5.06,2.25,9.34,GREEN,Normal Hydrological State,0
8.0,17.3,36.23,3.59,0.43,5.14,GREEN,Normal Hydrological State,0
1.6,27.73,12.41,3.15,0.53,5.04,GREEN,Normal Hydrological State,0
9.53,39.42,42.97,2.2,1.34,5.4,GREEN,Normal Hydrological State,0
5.34,51.17,29.29,3.32,0.72,5.23,GREEN,Normal Hydrological State,0
1.65,19.85,15.41,3.81,0.1,5.04,GREEN,Normal Hydrological State,0
4.04,42.15,15.96,1.09,0.11,5.1,GREEN,Normal Hydrological State,0
0.0,45.9,8.15,2.91,0.26,5.02,GREEN,Normal Hydrological State,0
1.77,54.37,12.59,3.07,1.33,5.06,GREEN,Normal Hydrological State,0
4.27,42.7,12.34,2.99,0.0,5.09,GREEN,Normal Hydrological State,0
6.68,69.41,50.6,9.66,6.28,88.52,RED,Seismic GLOF Warning,1
0.29,22.76,19.65,3.36,0.45,5.02,GREEN,Normal Hydrological State,0
145.95,93.27,29.38,11.49,1.81,94.87,RED,Cloudburst Flash Flood,1
2.01,45.48,33.23,2.48,0.06,5.1,GREEN,Normal Hydrological State,0
1.64,50.92,44.04,7.42,6.88,66.24,ORANGE,Seismic GLOF Warning,1
133.59,100.0,29.95,9.53,2.16,78.41,RED,Cloudburst Flash Flood,1
9.17,49.17,13.85,2.14,2.52,5.22,GREEN,Normal Hydrological State,0
3.52,13.13,29.18,1.78,0.38,5.06,GREEN,Normal Hydrological State,0
90.52,78.42,48.75,11.13,2.21,88.34,RED,Cloudburst Flash Flood,1
1.97,42.44,29.75,3.28,0.45,5.09,GREEN,Normal Hydrological State,0
5.75,14.39,26.93,2.6,0.33,5.08,GREEN,Normal Hydrological State,0
4.52,23.27,40.79,4.09,0.65,5.12,GREEN,Normal Hydrological State,0
1.32,26.66,14.39,2.58,0.58,5.04,GREEN,Normal Hydrological State,0
78.34,83.06,31.17,9.45,1.07,53.95,YELLOW,Cloudburst Flash Flood,1
6.02,22.49,21.58,2.74,0.0,5.1,GREEN,Normal Hydrological State,0
0.95,44.18,44.51,9.44,7.37,93.01,RED,Seismic GLOF Warning,1
2.36,43.88,25.66,2.57,0.6,5.09,GREEN,Normal Hydrological State,0
4.74,27.4,5.24,3.56,1.51,5.05,GREEN,Normal Hydrological State,0
109.39,80.2,41.1,8.39,1.28,51.76,YELLOW,Cloudburst Flash Flood,1
131.41,87.95,34.51,8.22,0.05,56.24,ORANGE,Cloudburst Flash Flood,1
55.14,60.16,50.09,7.0,0.91,14.34,GREEN,Normal Hydrological State,0
8.27,33.26,6.61,1.82,0.02,5.09,GREEN,Normal Hydrological State,0
3.11,48.99,30.18,1.94,0.0,5.14,GREEN,Normal Hydrological State,0
109.55,84.58,51.05,8.75,0.0,66.61,ORANGE,Cloudburst Flash Flood,1
5.57,27.45,45.41,2.4,0.75,5.18,GREEN,Normal Hydrological State,0
3.28,29.76,35.1,2.82,0.46,5.11,GREEN,Normal Hydrological State,0
3.11,28.17,14.31,3.7,1.81,5.06,GREEN,Normal Hydrological State,0
4.66,51.35,22.9,2.39,1.58,5.17,GREEN,Normal Hydrological State,0
2.12,31.45,19.91,2.36,0.31,5.06,GREEN,Normal Hydrological State,0
56.03,73.34,34.59,4.38,1.53,9.9,GREEN,Normal Hydrological State,0
89.06,93.83,39.0,10.16,2.5,77.77,RED,Cloudburst Flash Flood,1
6.11,53.19,51.44,7.73,4.37,16.77,GREEN,River Overflow / Stage Exceeded,0
3.46,38.36,24.26,2.32,0.32,5.11,GREEN,Normal Hydrological State,0
4.22,32.86,50.45,7.78,6.69,75.23,RED,Seismic GLOF Warning,1
13.13,27.69,28.25,2.54,2.18,5.29,GREEN,Normal Hydrological State,0
2.13,22.66,15.72,3.34,1.26,5.04,GREEN,Normal Hydrological State,0
19.03,41.62,17.2,1.51,0.25,5.44,GREEN,Normal Hydrological State,0
43.18,82.53,21.22,4.63,1.33,7.6,GREEN,Normal Hydrological State,0
96.1,81.37,27.46,8.42,0.76,38.09,YELLOW,Cloudburst Flash Flood,0
3.67,13.44,13.15,1.72,0.0,5.04,GREEN,Normal Hydrological State,0
0.0,48.62,22.17,2.57,1.29,5.02,GREEN,Normal Hydrological State,0
8.21,15.1,43.29,3.3,0.44,5.15,GREEN,Normal Hydrological State,0
46.83,57.95,18.17,6.11,2.88,6.8,GREEN,Normal Hydrological State,0
37.28,56.65,33.33,6.1,2.42,7.22,GREEN,Normal Hydrological State,0
5.12,33.12,41.14,2.3,0.55,5.19,GREEN,Normal Hydrological State,0
38.69,81.49,19.42,6.22,1.77,7.47,GREEN,Normal Hydrological State,0
4.29,18.38,14.05,4.13,0.88,5.06,GREEN,Normal Hydrological State,0
0.87,67.28,31.8,11.01,4.67,70.11,ORANGE,River Overflow / Stage Exceeded,1
0.0,35.97,49.43,8.79,5.58,60.17,ORANGE,Seismic GLOF Warning,1
6.93,25.48,20.78,3.0,1.36,5.13,GREEN,Normal Hydrological State,0
114.7,80.09,30.57,10.64,1.78,82.24,RED,Cloudburst Flash Flood,1
6.49,14.2,34.28,4.02,0.85,5.1,GREEN,Normal Hydrological State,0
4.17,41.29,8.66,2.45,0.18,5.07,GREEN,Normal Hydrological State,0
125.69,83.76,29.48,7.52,1.88,36.13,YELLOW,Cloudburst Flash Flood,0
98.16,96.76,54.48,7.59,1.9,51.39,YELLOW,Cloudburst Flash Flood,1
7.82,20.96,41.04,1.08,1.3,5.18,GREEN,Normal Hydrological State,0
75.0,98.29,45.26,7.22,1.96,30.04,GREEN,Cloudburst Flash Flood,0
37.69,81.04,31.43,4.45,2.99,8.08,GREEN,Normal Hydrological State,0
14.79,31.42,46.95,9.49,4.52,44.56,YELLOW,River Overflow / Stage Exceeded,0
134.11,86.18,46.24,8.7,0.5,73.55,ORANGE,Cloudburst Flash Flood,1
3.28,32.57,43.86,2.15,0.55,5.13,GREEN,Normal Hydrological State,0
3.1,34.15,33.52,2.21,1.9,5.11,GREEN,Normal Hydrological State,0
4.12,47.49,23.48,2.6,0.9,5.15,GREEN,Normal Hydrological State,0
6.04,44.03,48.14,10.15,4.69,61.38,ORANGE,River Overflow / Stage Exceeded,1
9.11,43.39,37.16,1.91,0.51,5.39,GREEN,Normal Hydrological State,0
0.47,29.53,11.75,0.82,0.0,5.03,GREEN,Normal Hydrological State,0
0.95,36.09,27.65,3.59,0.84,5.05,GREEN,Normal Hydrological State,0
10.91,21.72,30.51,2.26,2.06,5.21,GREEN,Normal Hydrological State,0
3.47,32.16,37.74,3.65,1.25,5.12,GREEN,Normal Hydrological State,0
31.91,71.21,44.81,5.7,0.71,7.88,GREEN,Normal Hydrological State,0
6.45,33.45,34.69,10.48,6.57,88.24,RED,Seismic GLOF Warning,1
57.87,57.43,35.23,6.6,1.5,10.59,GREEN,Normal Hydrological State,0
145.69,89.84,41.19,8.52,0.32,73.61,ORANGE,Cloudburst Flash Flood,1
3.37,45.81,4.06,1.36,0.03,5.05,GREEN,Normal Hydrological State,0
2.9,15.29,34.65,2.67,0.32,5.06,GREEN,Normal Hydrological State,0
146.06,96.85,36.36,8.75,0.26,76.41,RED,Cloudburst Flash Flood,1
79.33,84.23,49.0,8.25,2.09,42.94,YELLOW,Cloudburst Flash Flood,0
57.2,72.37,36.34,5.84,1.06,10.18,GREEN,Normal Hydrological State,0
90.08,89.34,26.88,9.66,2.27,60.7,ORANGE,Cloudburst Flash Flood,1
19.87,31.72,13.96,4.17,0.26,5.3,GREEN,Normal Hydrological State,0
37.99,57.14,48.65,6.44,1.02,8.97,GREEN,Normal Hydrological State,0
6.42,26.71,27.47,1.73,0.03,5.15,GREEN,Normal Hydrological State,0
9.88,29.52,40.23,2.24,1.32,5.3,GREEN,Normal Hydrological State,0
6.31,20.71,9.86,2.2,0.42,5.06,GREEN,Normal Hydrological State,0
0.0,34.1,8.91,2.94,0.14,5.02,GREEN,Normal Hydrological State,0
7.17,45.33,36.98,8.3,6.44,60.42,ORANGE,Seismic GLOF Warning,1
6.81,18.8,11.46,0.88,0.38,5.07,GREEN,Normal Hydrological State,0
26.01,58.64,24.31,5.44,2.54,6.12,GREEN,Normal Hydrological State,0
6.37,34.78,32.07,1.14,0.03,5.2,GREEN,Normal Hydrological State,0
4.78,35.09,34.59,2.03,0.57,5.17,GREEN,Normal Hydrological State,0
0.92,29.79,44.09,4.61,0.38,5.05,GREEN,Normal Hydrological State,0
40.59,80.79,42.67,6.94,1.41,13.09,GREEN,Normal Hydrological State,0
20.37,31.84,24.67,2.71,1.24,5.47,GREEN,Normal Hydrological State,0
6.9,55.71,22.42,2.0,1.56,5.26,GREEN,Normal Hydrological State,0
34.76,65.44,18.34,5.1,2.89,6.37,GREEN,Normal Hydrological State,0
2.44,20.14,34.68,2.86,0.61,5.06,GREEN,Normal Hydrological State,0
0.49,56.56,14.5,2.86,0.01,5.03,GREEN,Normal Hydrological State,0
42.75,67.62,33.52,5.39,1.42,8.04,GREEN,Normal Hydrological State,0
2.35,38.6,51.99,9.92,5.12,69.51,ORANGE,Seismic GLOF Warning,1
4.22,54.44,9.69,3.03,0.78,5.1,GREEN,Normal Hydrological State,0
2.42,31.5,26.41,0.5,0.95,5.07,GREEN,Normal Hydrological State,0
4.25,55.22,56.84,11.96,6.26,98.57,RED,Seismic GLOF Warning,1
88.06,89.56,40.62,7.25,1.78,30.29,GREEN,Cloudburst Flash Flood,0
46.69,54.88,48.02,4.91,0.9,8.52,GREEN,Normal Hydrological State,0
1.45,27.18,29.21,1.26,1.65,5.05,GREEN,Normal Hydrological State,0
1.58,40.8,39.16,3.18,0.73,5.08,GREEN,Normal Hydrological State,0
1.93,14.85,37.19,3.04,0.11,5.05,GREEN,Normal Hydrological State,0
2.25,41.27,22.89,3.21,0.73,5.08,GREEN,Normal Hydrological State,0
3.12,50.47,31.28,9.94,6.93,83.49,RED,Seismic GLOF Warning,1
1.88,39.61,27.37,2.54,0.04,5.07,GREEN,Normal Hydrological State,0
8.25,47.1,27.67,2.99,0.96,5.31,GREEN,Normal Hydrological State,0
101.22,79.73,51.64,8.46,1.2,55.49,ORANGE,Cloudburst Flash Flood,1
8.13,48.2,17.16,2.43,1.38,5.22,GREEN,Normal Hydrological State,0
0.0,41.56,21.07,2.45,0.49,5.02,GREEN,Normal Hydrological State,0
51.51,64.78,24.64,5.23,2.28,7.76,GREEN,Normal Hydrological State,0
143.8,76.38,48.33,10.25,2.4,89.54,RED,Cloudburst Flash Flood,1
6.8,46.69,13.73,2.93,1.46,5.16,GREEN,Normal Hydrological State,0
6.29,41.94,15.99,3.07,0.42,5.15,GREEN,Normal Hydrological State,0
13.05,36.61,17.98,3.37,0.53,5.28,GREEN,Normal Hydrological State,0
42.51,67.74,43.17,6.28,2.83,9.39,GREEN,Normal Hydrological State,0
7.08,43.94,34.79,1.87,0.0,5.29,GREEN,Normal Hydrological State,0
25.37,62.5,21.65,5.95,2.63,6.06,GREEN,Normal Hydrological State,0
19.43,43.41,9.18,3.16,0.47,5.29,GREEN,Normal Hydrological State,0
3.69,24.28,7.77,2.78,0.16,5.05,GREEN,Normal Hydrological State,0
58.63,75.29,21.99,6.89,0.77,11.64,GREEN,Normal Hydrological State,0
5.27,35.49,18.62,2.02,2.23,5.12,GREEN,Normal Hydrological State,0
34.0,77.48,15.85,6.3,1.9,6.95,GREEN,Normal Hydrological State,0
1.55,40.69,24.16,0.99,0.09,5.06,GREEN,Normal Hydrological State,0
13.65,23.03,26.35,0.69,0.11,5.24,GREEN,Normal Hydrological State,0
11.32,34.24,8.54,1.53,0.3,5.13,GREEN,Normal Hydrological State,0
110.51,87.66,41.13,7.6,0.49,43.58,YELLOW,Cloudburst Flash Flood,0
4.5,53.29,8.48,2.88,0.19,5.09,GREEN,Normal Hydrological State,0
68.1,80.16,25.27,7.82,1.33,21.6,GREEN,River Overflow / Stage Exceeded,0
36.66,68.8,41.92,6.43,0.82,9.17,GREEN,Normal Hydrological State,0
0.0,69.6,32.73,9.12,5.95,57.89,ORANGE,Seismic GLOF Warning,1
105.8,89.79,30.12,8.96,0.07,56.1,ORANGE,Cloudburst Flash Flood,1
39.25,75.86,43.96,6.49,2.46,10.38,GREEN,Normal Hydrological State,0
4.21,43.82,18.39,2.41,2.3,5.12,GREEN,Normal Hydrological State,0
6.04,33.72,44.69,0.76,0.8,5.23,GREEN,Normal Hydrological State,0
10.33,53.82,32.02,3.28,0.52,5.49,GREEN,Normal Hydrological State,0
1.39,19.24,33.66,2.35,0.04,5.04,GREEN,Normal Hydrological State,0
6.91,39.3,5.69,4.09,0.43,5.08,GREEN,Normal Hydrological State,0
125.27,78.5,53.57,9.91,2.14,85.26,RED,Cloudburst Flash Flood,1
3.99,44.32,30.72,2.61,0.08,5.16,GREEN,Normal Hydrological State,0
5.24,25.42,30.17,2.42,0.11,5.12,GREEN,Normal Hydrological State,0
43.21,66.26,31.22,5.84,3.21,7.83,GREEN,Normal Hydrological State,0
43.56,76.56,33.76,6.87,1.85,11.7,GREEN,Normal Hydrological State,0
6.53,58.14,13.5,2.89,0.15,5.18,GREEN,Normal Hydrological State,0
1.95,30.0,29.92,3.6,0.17,5.07,GREEN,Normal Hydrological State,0
3.55,30.96,30.77,1.63,0.73,5.11,GREEN,Normal Hydrological State,0
0.0,24.24,25.32,1.51,0.39,5.02,GREEN,Normal Hydrological State,0
3.08,26.56,10.22,3.49,2.02,5.05,GREEN,Normal Hydrological State,0
9.83,53.21,47.03,8.28,5.13,39.96,YELLOW,Seismic GLOF Warning,0
56.06,63.98,19.27,6.24,2.75,7.86,GREEN,Normal Hydrological State,0
3.13,68.21,47.49,7.65,6.57,67.51,ORANGE,Seismic GLOF Warning,1
52.65,63.76,18.29,5.73,1.39,7.12,GREEN,Normal Hydrological State,0
4.85,53.83,43.98,2.69,1.49,5.29,GREEN,Normal Hydrological State,0
0.54,36.87,8.82,3.02,0.9,5.03,GREEN,Normal Hydrological State,0
1.43,48.17,6.48,1.4,0.6,5.04,GREEN,Normal Hydrological State,0
49.24,77.28,49.6,5.43,3.24,11.07,GREEN,Saturated Soil Runoff,0
106.43,77.03,54.26,7.77,0.52,46.25,YELLOW,Cloudburst Flash Flood,0
0.0,57.54,45.29,11.91,6.45,97.63,RED,Seismic GLOF Warning,1
145.28,86.9,45.23,9.72,2.13,87.87,RED,Cloudburst Flash Flood,1
0.51,30.36,30.3,3.18,0.24,5.03,GREEN,Normal Hydrological State,0
58.6,61.03,37.33,6.82,1.89,12.39,GREEN,Normal Hydrological State,0
3.92,22.08,41.37,1.83,0.42,5.1,GREEN,Normal Hydrological State,0
123.41,74.62,45.68,7.4,0.2,41.6,YELLOW,Cloudburst Flash Flood,0
4.3,49.34,33.52,2.72,0.11,5.2,GREEN,Normal Hydrological State,0
6.08,49.76,22.83,1.62,0.16,5.21,GREEN,Normal Hydrological State,0
110.45,100.0,31.48,7.33,1.43,37.42,YELLOW,Cloudburst Flash Flood,0
141.96,95.28,44.11,11.57,1.16,97.5,RED,Cloudburst Flash Flood,1
130.13,85.79,33.98,9.9,0.99,80.17,RED,Cloudburst Flash Flood,1
3.72,37.83,47.36,8.87,5.61,61.45,ORANGE,Seismic GLOF Warning,1
5.66,29.29,25.1,3.48,0.1,5.13,GREEN,Normal Hydrological State,0
26.35,59.61,35.02,4.06,3.48,6.55,GREEN,Normal Hydrological State,0
4.5,55.88,36.71,3.36,0.35,5.25,GREEN,Normal Hydrological State,0
91.87,95.29,43.39,9.53,1.75,72.26,ORANGE,Cloudburst Flash Flood,1
3.68,17.58,23.11,3.22,0.12,5.06,GREEN,Normal Hydrological State,0
11.77,42.7,7.72,1.93,1.1,5.16,GREEN,Normal Hydrological State,0
1.43,26.32,33.69,2.49,0.96,5.05,GREEN,Normal Hydrological State,0
8.64,30.38,15.38,2.41,2.48,5.14,GREEN,Normal Hydrological State,0
128.17,96.93,44.95,9.06,0.0,80.62,RED,Cloudburst Flash Flood,1
1.22,18.8,38.4,3.68,0.18,5.04,GREEN,Normal Hydrological State,0
0.0,60.47,58.69,11.64,6.96,99.0,RED,Seismic GLOF Warning,1
8.92,41.96,55.3,10.05,4.87,68.25,ORANGE,Seismic GLOF Warning,1
139.54,99.58,49.67,7.28,1.34,67.84,ORANGE,Cloudburst Flash Flood,1
81.32,100.0,40.04,6.91,0.76,27.25,GREEN,Cloudburst Flash Flood,0
6.38,45.12,32.45,3.41,1.13,5.26,GREEN,Normal Hydrological State,0
7.81,51.79,38.86,10.89,7.25,96.34,RED,Seismic GLOF Warning,1
115.28,88.32,45.96,7.92,0.57,54.83,YELLOW,Cloudburst Flash Flood,1
4.86,44.49,20.1,3.34,2.07,5.15,GREEN,Normal Hydrological State,0
144.24,91.99,52.05,8.48,2.22,80.94,RED,Cloudburst Flash Flood,1
72.64,96.43,53.42,7.41,1.21,33.96,GREEN,Cloudburst Flash Flood,0
7.07,43.59,36.35,3.12,0.69,5.3,GREEN,Normal Hydrological State,0
2.04,37.58,25.13,0.84,2.05,5.07,GREEN,Normal Hydrological State,0
21.47,15.71,4.93,2.07,0.73,5.08,GREEN,Normal Hydrological State,0
2.69,35.26,43.01,1.25,0.08,5.12,GREEN,Normal Hydrological State,0
2.95,52.09,18.95,2.55,0.16,5.11,GREEN,Normal Hydrological State,0
32.12,66.75,18.4,6.91,1.36,8.75,GREEN,Normal Hydrological State,0
0.27,56.11,44.67,10.53,4.43,59.61,ORANGE,River Overflow / Stage Exceeded,1
30.16,76.89,32.9,4.67,3.23,7.3,GREEN,Normal Hydrological State,0
19.03,50.06,39.78,3.22,0.27,5.99,GREEN,Normal Hydrological State,0
11.37,49.05,12.61,2.07,0.2,5.25,GREEN,Normal Hydrological State,0
0.36,55.44,36.18,8.59,5.39,40.94,YELLOW,Seismic GLOF Warning,0
5.91,51.63,16.18,2.1,0.78,5.17,GREEN,Normal Hydrological State,0
81.73,91.78,49.19,10.89,0.03,87.25,RED,Cloudburst Flash Flood,1
0.0,22.17,18.88,1.85,0.64,5.02,GREEN,Normal Hydrological State,0
49.67,71.46,46.68,5.92,1.59,10.25,GREEN,Normal Hydrological State,0
0.0,47.05,40.25,10.91,6.15,90.68,RED,Seismic GLOF Warning,1
1.65,17.79,29.45,2.85,0.26,5.04,GREEN,Normal Hydrological State,0
1.72,16.51,23.57,1.9,0.25,5.04,GREEN,Normal Hydrological State,0
5.78,18.93,16.58,1.56,0.02,5.07,GREEN,Normal Hydrological State,0
87.99,73.63,46.71,7.26,1.21,27.14,GREEN,Cloudburst Flash Flood,0
1.36,24.71,6.45,3.31,0.13,5.03,GREEN,Normal Hydrological State,0
2.17,34.96,39.74,8.36,6.37,62.46,ORANGE,Seismic GLOF Warning,1
5.22,40.54,25.54,1.81,1.71,5.17,GREEN,Normal Hydrological State,0
1.97,34.01,34.19,9.66,7.16,85.49,RED,Seismic GLOF Warning,1
1.25,46.74,22.32,1.23,0.29,5.06,GREEN,Normal Hydrological State,0
22.21,18.69,30.97,1.12,0.59,5.36,GREEN,Normal Hydrological State,0
1.24,28.14,6.71,2.09,0.1,5.03,GREEN,Normal Hydrological State,0
8.66,57.33,23.65,1.82,0.44,5.35,GREEN,Normal Hydrological State,0
4.02,26.13,40.59,2.07,0.55,5.12,GREEN,Normal Hydrological State,0
0.0,37.23,54.65,11.93,5.36,94.71,RED,Seismic GLOF Warning,1
11.46,15.26,23.72,2.51,0.54,5.14,GREEN,Normal Hydrological State,0
34.07,75.26,32.22,6.03,1.07,7.58,GREEN,Normal Hydrological State,0
2.7,25.04,23.23,1.47,0.94,5.06,GREEN,Normal Hydrological State,0
37.13,65.88,17.78,5.71,1.99,6.45,GREEN,Normal Hydrological State,0
36.54,62.24,48.4,5.04,3.33,8.05,GREEN,Normal Hydrological State,0
0.0,53.37,18.52,3.41,2.01,5.02,GREEN,Normal Hydrological State,0
1.39,56.6,22.12,2.63,0.34,5.07,GREEN,Normal Hydrological State,0
1.86,38.86,34.96,2.27,0.28,5.08,GREEN,Normal Hydrological State,0
6.72,30.81,19.69,3.9,0.09,5.14,GREEN,Normal Hydrological State,0
11.43,50.72,12.04,1.97,0.39,5.25,GREEN,Normal Hydrological State,0
56.7,79.43,39.72,6.7,0.63,14.15,GREEN,Saturated Soil Runoff,0
3.06,37.26,38.41,1.59,0.0,5.13,GREEN,Normal Hydrological State,0
43.39,60.37,48.09,6.64,1.48,10.56,GREEN,Normal Hydrological State,0
2.32,35.55,11.95,2.4,2.76,5.05,GREEN,Normal Hydrological State,0
47.09,73.69,42.83,5.02,3.31,9.74,GREEN,Normal Hydrological State,0
17.85,22.41,31.45,3.75,1.13,5.35,GREEN,Normal Hydrological State,0
6.54,17.59,24.82,2.86,0.22,5.1,GREEN,Normal Hydrological State,0
28.55,64.85,38.4,4.55,3.13,7.01,GREEN,Normal Hydrological State,0
60.16,72.37,50.98,5.68,3.09,12.52,GREEN,Saturated Soil Runoff,0
8.88,48.17,19.8,1.66,0.53,5.27,GREEN,Normal Hydrological State,0
45.2,60.33,34.88,5.22,2.4,7.93,GREEN,Normal Hydrological State,0
129.5,93.82,38.86,10.3,0.36,89.01,RED,Cloudburst Flash Flood,1
1.36,28.98,6.61,2.9,1.26,5.03,GREEN,Normal Hydrological State,0
9.52,43.83,21.75,2.33,2.44,5.28,GREEN,Normal Hydrological State,0
139.64,74.84,36.31,10.65,1.67,87.67,RED,Cloudburst Flash Flood,1
34.4,58.44,26.88,5.99,2.33,6.65,GREEN,Normal Hydrological State,0
1.18,28.45,27.09,2.15,0.15,5.05,GREEN,Normal Hydrological State,0
8.65,32.75,44.49,2.95,1.34,5.31,GREEN,Normal Hydrological State,0
100.86,91.36,48.9,8.87,0.76,67.09,ORANGE,Cloudburst Flash Flood,1
0.08,48.67,60.57,8.25,5.21,48.11,YELLOW,Seismic GLOF Warning,0
3.27,23.17,18.27,3.27,0.1,5.06,GREEN,Normal Hydrological State,0
2.5,19.05,14.43,2.69,1.5,5.04,GREEN,Normal Hydrological State,0
128.79,95.96,27.1,8.26,1.5,51.76,YELLOW,Cloudburst Flash Flood,1
10.71,29.21,39.65,1.1,0.96,5.32,GREEN,Normal Hydrological State,0
2.32,30.28,16.35,2.02,0.57,5.06,GREEN,Normal Hydrological State,0
44.81,61.55,26.75,6.11,0.94,7.52,GREEN,Normal Hydrological State,0
19.5,18.61,27.7,2.14,0.85,5.29,GREEN,Normal Hydrological State,0
9.82,28.63,27.25,2.84,1.79,5.23,GREEN,Normal Hydrological State,0
5.66,49.03,37.25,2.67,1.4,5.28,GREEN,Normal Hydrological State,0
145.55,92.53,31.46,7.98,0.87,57.08,ORANGE,Cloudburst Flash Flood,1
4.35,32.08,49.79,7.73,4.78,23.58,GREEN,River Overflow / Stage Exceeded,0
10.57,47.41,35.75,3.39,0.14,5.47,GREEN,Normal Hydrological State,0
5.31,27.27,17.66,2.25,0.16,5.1,GREEN,Normal Hydrological State,0
6.94,30.08,28.88,1.6,0.0,5.18,GREEN,Normal Hydrological State,0
35.76,80.94,34.91,4.64,2.79,8.15,GREEN,Normal Hydrological State,0
1.09,31.92,11.59,1.82,0.34,5.03,GREEN,Normal Hydrological State,0
2.09,41.8,20.57,2.63,0.0,5.07,GREEN,Normal Hydrological State,0
57.01,64.9,28.33,5.42,2.35,8.55,GREEN,Normal Hydrological State,0
71.4,74.53,27.27,10.11,1.08,59.74,ORANGE,Cloudburst Flash Flood,1
3.44,12.7,10.79,2.73,0.39,5.04,GREEN,Normal Hydrological State,0
5.75,54.42,37.73,1.84,0.02,5.31,GREEN,Normal Hydrological State,0
2.92,53.03,9.57,2.71,1.27,5.07,GREEN,Normal Hydrological State,0
0.49,49.25,57.1,10.74,6.97,98.34,RED,Seismic GLOF Warning,1
8.28,20.99,38.55,4.02,0.28,5.18,GREEN,Normal Hydrological State,0
7.35,56.52,15.36,3.06,1.11,5.22,GREEN,Normal Hydrological State,0
2.81,25.85,18.59,1.51,0.0,5.06,GREEN,Normal Hydrological State,0
40.29,76.82,21.68,4.92,1.83,7.25,GREEN,Normal Hydrological State,0
145.84,95.66,46.93,10.42,0.03,94.74,RED,Cloudburst Flash Flood,1
12.32,38.83,41.74,2.52,0.6,5.5,GREEN,Normal Hydrological State,0
12.62,26.31,37.06,2.19,0.53,5.33,GREEN,Normal Hydrological State,0
76.74,75.31,50.67,10.07,1.92,70.82,ORANGE,Cloudburst Flash Flood,1
2.71,34.47,26.09,4.12,0.94,5.09,GREEN,Normal Hydrological State,0
0.36,27.36,23.02,1.24,0.0,5.03,GREEN,Normal Hydrological State,0
4.1,41.88,10.73,2.33,1.48,5.08,GREEN,Normal Hydrological State,0
51.46,55.98,27.34,4.53,1.11,7.54,GREEN,Normal Hydrological State,0
16.21,53.27,13.89,2.81,0.73,5.4,GREEN,Normal Hydrological State,0
40.19,67.67,20.66,6.1,2.61,6.99,GREEN,Normal Hydrological State,0
85.83,88.03,28.22,8.59,1.68,40.42,YELLOW,Cloudburst Flash Flood,0
2.33,18.98,35.19,1.9,0.62,5.06,GREEN,Normal Hydrological State,0
5.34,48.08,43.79,2.39,0.03,5.28,GREEN,Normal Hydrological State,0
5.19,45.09,30.8,2.61,0.36,5.21,GREEN,Normal Hydrological State,0
46.42,78.05,37.79,4.2,1.23,9.5,GREEN,Normal Hydrological State,0
12.22,47.51,10.24,2.57,0.0,5.22,GREEN,Normal Hydrological State,0
7.15,18.55,37.76,3.51,0.07,5.14,GREEN,Normal Hydrological State,0
2.18,42.42,21.27,3.14,1.87,5.08,GREEN,Normal Hydrological State,0
66.71,99.74,54.54,10.04,0.56,75.48,RED,River Overflow / Stage Exceeded,1
8.09,20.5,19.1,3.12,0.1,5.11,GREEN,Normal Hydrological State,0
0.24,67.77,54.17,9.67,6.01,85.74,RED,Seismic GLOF Warning,1
2.47,51.72,7.75,2.12,0.34,5.06,GREEN,Normal Hydrological State,0
123.42,75.23,34.75,10.89,0.3,87.0,RED,Cloudburst Flash Flood,1
54.86,73.06,38.42,6.26,1.04,10.89,GREEN,Normal Hydrological State,0
0.46,36.49,20.56,2.94,0.83,5.03,GREEN,Normal Hydrological State,0
78.0,100.0,55.31,10.26,0.0,82.97,RED,Cloudburst Flash Flood,1
55.52,56.18,48.25,4.76,3.41,9.54,GREEN,Normal Hydrological State,0
1.35,47.23,12.08,2.11,0.31,5.05,GREEN,Normal Hydrological State,0
4.3,35.61,23.47,0.84,0.72,5.12,GREEN,Normal Hydrological State,0
45.75,69.31,36.45,5.77,2.45,8.67,GREEN,Normal Hydrological State,0
5.37,47.53,36.59,1.88,0.68,5.25,GREEN,Normal Hydrological State,0
14.24,20.27,17.66,1.21,0.3,5.17,GREEN,Normal Hydrological State,0
42.37,75.18,33.69,6.31,1.72,9.14,GREEN,Normal Hydrological State,0
5.0,40.12,33.65,11.99,6.18,95.0,RED,Seismic GLOF Warning,1
3.06,46.75,34.48,1.72,0.31,5.14,GREEN,Normal Hydrological State,0
42.47,59.27,19.9,5.08,1.6,6.65,GREEN,Normal Hydrological State,0
0.0,24.03,17.32,3.52,1.03,5.02,GREEN,Normal Hydrological State,0
45.33,75.02,18.19,6.51,1.13,8.33,GREEN,Normal Hydrological State,0
15.15,33.66,45.19,2.79,0.0,5.56,GREEN,Normal Hydrological State,0
10.61,61.19,47.45,12.06,5.66,96.25,RED,Seismic GLOF Warning,1
4.43,16.78,23.57,3.44,0.18,5.07,GREEN,Normal Hydrological State,0
48.59,79.48,29.82,5.28,0.57,8.93,GREEN,Normal Hydrological State,0
88.32,90.91,51.04,11.32,0.97,92.02,RED,Cloudburst Flash Flood,1
0.17,28.21,39.04,2.06,1.33,5.03,GREEN,Normal Hydrological State,0
4.65,51.98,28.73,2.94,0.16,5.2,GREEN,Normal Hydrological State,0
45.78,65.24,43.86,5.58,1.89,8.98,GREEN,Normal Hydrological State,0
150.46,98.56,54.45,7.5,0.17,77.99,RED,Cloudburst Flash Flood,1
3.97,24.13,22.05,3.24,1.78,5.08,GREEN,Normal Hydrological State,0
2.52,51.08,15.5,2.0,0.44,5.08,GREEN,Normal Hydrological State,0
140.7,79.79,37.15,7.7,1.38,49.09,YELLOW,Cloudburst Flash Flood,0
8.25,29.47,23.7,3.09,0.53,5.18,GREEN,Normal Hydrological State,0
8.36,34.36,21.8,0.7,0.31,5.2,GREEN,Normal Hydrological State,0
19.39,22.16,26.27,3.32,1.08,5.33,GREEN,Normal Hydrological State,0
12.3,28.94,13.45,3.31,0.55,5.17,GREEN,Normal Hydrological State,0
5.98,28.36,35.39,10.62,4.43,59.98,ORANGE,River Overflow / Stage Exceeded,1
2.18,34.82,21.41,2.69,0.84,5.07,GREEN,Normal Hydrological State,0
5.59,53.51,39.55,2.72,0.58,5.31,GREEN,Normal Hydrological State,0
1.22,40.41,8.63,3.57,0.7,5.04,GREEN,Normal Hydrological State,0
0.72,70.34,43.03,8.18,5.49,42.07,YELLOW,Seismic GLOF Warning,0
0.0,42.04,39.2,2.02,0.47,5.02,GREEN,Normal Hydrological State,0
0.95,67.87,42.89,11.62,5.7,93.02,RED,Seismic GLOF Warning,1
135.11,79.97,38.88,10.3,1.96,86.23,RED,Cloudburst Flash Flood,1
0.65,42.42,44.45,3.38,0.89,5.05,GREEN,Normal Hydrological State,0
8.17,32.87,41.33,0.86,1.36,5.28,GREEN,Normal Hydrological State,0
0.0,41.6,5.45,1.02,0.47,5.02,GREEN,Normal Hydrological State,0
43.33,72.85,33.33,6.66,1.82,10.38,GREEN,Normal Hydrological State,0
0.0,46.33,40.93,11.32,4.8,79.83,RED,River Overflow / Stage Exceeded,1
12.06,31.9,42.71,2.37,0.2,5.41,GREEN,Normal Hydrological State,0
42.64,73.12,50.93,5.11,3.2,9.74,GREEN,Normal Hydrological State,0
50.66,81.39,21.81,6.11,2.8,8.35,GREEN,Normal Hydrological State,0
0.98,20.25,9.55,2.8,2.31,5.03,GREEN,Normal Hydrological State,0
5.8,54.36,43.91,1.19,0.99,5.34,GREEN,Normal Hydrological State,0
86.87,83.45,26.38,11.06,0.57,81.0,RED,Cloudburst Flash Flood,1
46.94,58.98,31.93,5.54,1.1,7.77,GREEN,Normal Hydrological State,0
4.5,50.48,40.55,3.65,0.52,5.24,GREEN,Normal Hydrological State,0
3.39,26.1,21.68,3.37,0.04,5.07,GREEN,Normal Hydrological State,0
69.59,83.72,52.33,8.14,0.92,37.71,YELLOW,River Overflow / Stage Exceeded,0
3.24,43.09,27.95,1.93,0.17,5.12,GREEN,Normal Hydrological State,0
2.29,28.66,23.52,2.23,0.58,5.06,GREEN,Normal Hydrological State,0
71.66,85.69,29.89,10.79,0.75,75.73,RED,Cloudburst Flash Flood,1
6.91,42.93,11.91,2.25,0.25,5.13,GREEN,Normal Hydrological State,0
11.17,46.14,11.9,2.65,0.08,5.22,GREEN,Normal Hydrological State,0
4.13,28.55,12.49,2.39,1.05,5.07,GREEN,Normal Hydrological State,0
33.95,59.33,49.44,5.52,2.74,7.68,GREEN,Normal Hydrological State,0
5.66,20.89,11.6,2.1,2.26,5.07,GREEN,Normal Hydrological State,0
5.28,48.51,42.1,2.13,0.03,5.28,GREEN,Normal Hydrological State,0
38.96,54.44,41.17,5.0,1.4,7.48,GREEN,Normal Hydrological State,0
36.86,63.43,33.4,7.07,0.75,10.97,GREEN,River Overflow / Stage Exceeded,0
0.0,41.0,16.88,1.43,0.13,5.02,GREEN,Normal Hydrological State,0
77.81,85.97,25.44,10.73,1.23,74.21,ORANGE,Cloudburst Flash Flood,1
0.8,29.13,21.02,2.53,1.44,5.03,GREEN,Normal Hydrological State,0
100.25,95.59,38.24,8.82,1.5,60.83,ORANGE,Cloudburst Flash Flood,1
17.04,44.68,38.95,2.63,1.26,5.77,GREEN,Normal Hydrological State,0
94.52,100.0,47.67,11.17,0.52,92.82,RED,Cloudburst Flash Flood,1
37.43,63.65,50.91,6.23,0.81,8.81,GREEN,Normal Hydrological State,0
31.5,59.24,34.1,4.81,2.56,6.84,GREEN,Normal Hydrological State,0
54.99,60.57,43.1,5.16,0.52,9.52,GREEN,Normal Hydrological State,0
0.38,55.99,38.13,9.27,6.79,80.77,RED,Seismic GLOF Warning,1
0.58,48.38,55.3,10.86,6.32,96.12,RED,Seismic GLOF Warning,1
48.39,56.56,42.16,4.81,0.72,8.45,GREEN,Normal Hydrological State,0
59.94,60.2,23.87,4.7,2.06,7.94,GREEN,Normal Hydrological State,0
0.73,44.44,51.98,11.6,6.74,98.49,RED,Seismic GLOF Warning,1
103.94,91.0,32.45,7.38,1.95,32.85,GREEN,Cloudburst Flash Flood,0
0.35,55.17,49.72,10.66,5.16,80.07,RED,Seismic GLOF Warning,1
5.74,27.76,25.14,2.26,0.61,5.13,GREEN,Normal Hydrological State,0
11.0,52.4,21.97,1.97,1.05,5.38,GREEN,Normal Hydrological State,0
6.27,48.14,25.01,1.35,0.15,5.23,GREEN,Normal Hydrological State,0
26.4,32.98,33.23,2.37,1.72,5.79,GREEN,Normal Hydrological State,0
3.93,51.75,5.83,1.85,0.0,5.06,GREEN,Normal Hydrological State,0
12.26,36.7,30.94,1.44,0.17,5.39,GREEN,Normal Hydrological State,0
37.31,70.82,27.28,4.71,0.69,7.29,GREEN,Normal Hydrological State,0
10.12,27.45,35.98,3.97,1.28,5.27,GREEN,Normal Hydrological State,0
11.9,14.74,11.29,1.36,0.52,5.09,GREEN,Normal Hydrological State,0
39.85,67.79,17.16,6.37,3.32,7.28,GREEN,Normal Hydrological State,0
5.26,19.86,9.57,1.63,0.15,5.05,GREEN,Normal Hydrological State,0
22.29,50.88,17.43,2.57,3.21,5.63,GREEN,Normal Hydrological State,0
6.69,27.3,55.36,7.71,7.21,88.65,RED,Seismic GLOF Warning,1
4.38,42.71,33.74,4.06,0.38,5.18,GREEN,Normal Hydrological State,0
8.42,57.58,31.66,1.81,0.53,5.42,GREEN,Normal Hydrological State,0
3.05,51.33,5.49,3.13,0.14,5.05,GREEN,Normal Hydrological State,0
56.21,56.54,20.59,6.21,3.26,7.57,GREEN,Normal Hydrological State,0
3.77,19.58,18.82,3.34,0.81,5.06,GREEN,Normal Hydrological State,0
3.08,64.69,31.0,9.82,6.92,81.93,RED,Seismic GLOF Warning,1
88.9,76.13,43.62,9.1,0.07,55.72,ORANGE,Cloudburst Flash Flood,1
1.42,17.13,26.16,2.18,0.16,5.04,GREEN,Normal Hydrological State,0
4.33,53.04,55.63,11.51,5.59,94.73,RED,Seismic GLOF Warning,1
1.6,41.86,47.23,9.64,4.59,47.44,YELLOW,River Overflow / Stage Exceeded,0
146.12,86.73,51.56,7.4,2.39,64.63,ORANGE,Cloudburst Flash Flood,1
115.43,75.51,26.56,7.7,2.35,29.91,GREEN,Cloudburst Flash Flood,0
3.8,32.51,12.51,3.24,0.71,5.07,GREEN,Normal Hydrological State,0
7.6,48.47,42.96,3.45,0.8,5.4,GREEN,Normal Hydrological State,0
49.04,73.69,30.78,6.97,1.55,12.34,GREEN,Normal Hydrological State,0
0.51,60.94,55.49,9.58,7.27,96.83,RED,Seismic GLOF Warning,1
0.0,47.53,55.9,7.82,5.95,61.86,ORANGE,Seismic GLOF Warning,1
6.08,15.72,43.36,1.58,0.86,5.12,GREEN,Normal Hydrological State,0
44.05,68.76,17.58,5.35,1.59,6.82,GREEN,Normal Hydrological State,0
72.7,83.8,45.14,10.18,2.08,72.03,ORANGE,Cloudburst Flash Flood,1
4.28,35.21,53.56,10.13,5.88,88.04,RED,Seismic GLOF Warning,1
138.12,92.1,41.99,8.1,0.25,66.9,ORANGE,Cloudburst Flash Flood,1
0.15,66.57,36.8,8.83,6.53,68.84,ORANGE,Seismic GLOF Warning,1
28.12,78.58,36.76,4.78,0.66,7.38,GREEN,Normal Hydrological State,0
136.41,75.11,26.9,8.52,0.98,48.11,YELLOW,Cloudburst Flash Flood,0
1.52,29.66,16.11,2.29,1.17,5.04,GREEN,Normal Hydrological State,0
17.07,33.29,26.01,2.28,0.62,5.43,GREEN,Normal Hydrological State,0
1.27,30.57,8.43,2.37,0.46,5.03,GREEN,Normal Hydrological State,0
0.52,64.6,36.76,11.04,6.61,93.17,RED,Seismic GLOF Warning,1
3.04,22.56,39.68,1.12,0.26,5.09,GREEN,Normal Hydrological State,0
4.77,48.87,40.55,4.02,0.22,5.25,GREEN,Normal Hydrological State,0
8.7,20.38,28.74,2.74,1.1,5.15,GREEN,Normal Hydrological State,0
13.72,17.43,29.97,2.28,0.11,5.21,GREEN,Normal Hydrological State,0
111.64,86.21,35.26,9.95,0.68,77.0,RED,Cloudburst Flash Flood,1
15.21,43.28,9.23,2.37,0.53,5.23,GREEN,Normal Hydrological State,0
4.08,34.5,6.03,3.0,0.81,5.05,GREEN,Normal Hydrological State,0
5.29,16.45,16.97,3.21,0.18,5.06,GREEN,Normal Hydrological State,0
10.52,53.23,24.54,2.62,2.42,5.4,GREEN,Normal Hydrological State,0
8.1,49.48,29.89,2.37,0.44,5.34,GREEN,Normal Hydrological State,0
1.32,68.59,50.2,9.06,6.35,82.66,RED,Seismic GLOF Warning,1
1.92,27.31,43.74,2.16,0.09,5.07,GREEN,Normal Hydrological State,0
2.97,36.89,34.58,2.69,0.14,5.11,GREEN,Normal Hydrological State,0
3.95,30.49,43.72,10.32,5.36,76.5,RED,Seismic GLOF Warning,1
13.22,72.64,54.36,11.2,5.95,96.08,RED,Seismic GLOF Warning,1
1.5,44.02,8.21,4.3,0.05,5.04,GREEN,Normal Hydrological State,0
2.17,23.76,39.75,1.65,0.0,5.07,GREEN,Normal Hydrological State,0
3.51,32.35,14.46,1.96,0.33,5.07,GREEN,Normal Hydrological State,0
4.27,47.35,36.24,3.72,0.7,5.2,GREEN,Normal Hydrological State,0
89.23,92.81,47.72,10.16,1.43,81.13,RED,Cloudburst Flash Flood,1
3.55,74.77,52.36,9.41,5.33,67.65,ORANGE,Seismic GLOF Warning,1
4.59,54.42,19.48,2.07,0.31,5.16,GREEN,Normal Hydrological State,0
6.39,39.08,42.54,2.33,0.77,5.27,GREEN,Normal Hydrological State,0
8.08,46.4,41.89,2.74,0.65,5.4,GREEN,Normal Hydrological State,0
0.79,61.39,54.36,10.34,6.97,97.24,RED,Seismic GLOF Warning,1
40.35,67.29,41.74,5.46,1.19,8.39,GREEN,Normal Hydrological State,0
8.54,24.66,26.21,3.45,0.4,5.17,GREEN,Normal Hydrological State,0
1.06,26.34,42.46,2.84,0.61,5.05,GREEN,Normal Hydrological State,0
5.95,52.45,40.22,1.5,0.1,5.32,GREEN,Normal Hydrological State,0
91.26,91.86,34.19,7.59,0.45,32.65,GREEN,Cloudburst Flash Flood,0
4.47,32.91,48.76,8.37,6.77,81.61,RED,Seismic GLOF Warning,1
0.99,33.07,56.39,9.55,5.5,75.8,RED,Seismic GLOF Warning,1
4.39,63.95,39.77,7.42,5.74,34.66,GREEN,Seismic GLOF Warning,0
94.83,82.75,50.76,7.68,1.85,41.18,YELLOW,Cloudburst Flash Flood,0
2.22,28.17,7.5,1.87,0.86,5.04,GREEN,Normal Hydrological State,0
3.3,26.06,25.9,2.06,2.2,5.08,GREEN,Normal Hydrological State,0
1.69,49.72,34.15,2.57,0.12,5.09,GREEN,Normal Hydrological State,0
10.65,29.53,37.05,2.39,0.03,5.31,GREEN,Normal Hydrological State,0
91.14,76.89,48.56,7.02,1.92,27.52,GREEN,Cloudburst Flash Flood,0
68.6,87.97,35.22,7.95,2.03,29.14,GREEN,River Overflow / Stage Exceeded,0
2.61,35.91,31.84,11.63,5.92,91.02,RED,Seismic GLOF Warning,1
4.02,50.54,36.65,11.53,5.54,89.49,RED,Seismic GLOF Warning,1
56.19,78.33,41.63,4.41,1.68,11.39,GREEN,Saturated Soil Runoff,0
46.84,63.15,33.0,6.43,1.06,9.15,GREEN,Normal Hydrological State,0
10.69,16.45,19.55,1.33,0.51,5.12,GREEN,Normal Hydrological State,0
7.55,26.7,33.15,2.08,0.65,5.19,GREEN,Normal Hydrological State,0
142.91,90.06,35.32,8.25,0.86,63.28,ORANGE,Cloudburst Flash Flood,1
0.75,59.1,56.95,9.32,5.31,67.54,ORANGE,Seismic GLOF Warning,1
50.17,64.7,19.39,5.08,1.83,7.15,GREEN,Normal Hydrological State,0
0.65,72.93,55.37,7.9,5.21,39.28,YELLOW,Seismic GLOF Warning,0
123.97,94.27,45.38,8.84,2.33,75.45,RED,Cloudburst Flash Flood,1
57.15,66.67,45.34,5.57,0.79,10.64,GREEN,Normal Hydrological State,0
3.2,41.6,23.23,3.04,0.51,5.11,GREEN,Normal Hydrological State,0
1.9,43.86,39.25,2.09,0.42,5.1,GREEN,Normal Hydrological State,0
90.44,92.81,45.84,7.32,0.2,36.45,YELLOW,Cloudburst Flash Flood,0
116.61,78.07,50.49,7.46,2.23,44.88,YELLOW,Cloudburst Flash Flood,0
4.95,42.37,16.04,3.38,0.21,5.12,GREEN,Normal Hydrological State,0
9.57,21.43,19.95,2.03,0.03,5.14,GREEN,Normal Hydrological State,0
41.1,55.66,29.09,6.18,2.38,7.33,GREEN,Normal Hydrological State,0
5.7,29.55,40.53,3.4,0.32,5.18,GREEN,Normal Hydrological State,0
1.47,36.01,28.32,2.44,0.11,5.06,GREEN,Normal Hydrological State,0
0.0,51.04,34.62,1.63,0.06,5.02,GREEN,Normal Hydrological State,0
23.5,64.09,26.8,6.64,1.01,7.64,GREEN,Normal Hydrological State,0
4.73,27.1,38.31,3.17,1.69,5.14,GREEN,Normal Hydrological State,0
6.38,46.19,40.69,3.3,0.82,5.31,GREEN,Normal Hydrological State,0
7.72,41.75,42.51,2.98,1.09,5.35,GREEN,Normal Hydrological State,0
2.6,37.88,21.43,3.09,0.28,5.08,GREEN,Normal Hydrological State,0
41.22,71.26,28.36,6.56,1.7,9.13,GREEN,Normal Hydrological State,0
52.77,81.44,20.83,4.92,0.79,8.21,GREEN,Normal Hydrological State,0
5.16,37.98,8.45,3.52,1.03,5.08,GREEN,Normal Hydrological State,0
148.24,92.4,33.12,7.93,1.89,59.31,ORANGE,Cloudburst Flash Flood,1
2.98,22.86,16.78,2.48,0.09,5.05,GREEN,Normal Hydrological State,0
0.88,65.63,41.43,7.18,4.64,14.05,GREEN,River Overflow / Stage Exceeded,0
5.2,18.04,42.6,3.86,0.27,5.11,GREEN,Normal Hydrological State,0
14.89,45.05,11.86,3.13,1.86,5.28,GREEN,Normal Hydrological State,0
97.92,83.55,44.87,9.82,1.18,75.02,RED,Cloudburst Flash Flood,1
6.97,13.77,40.81,3.08,0.58,5.11,GREEN,Normal Hydrological State,0
9.32,27.9,41.81,2.17,0.4,5.28,GREEN,Normal Hydrological State,0
3.76,41.17,35.13,1.38,0.21,5.16,GREEN,Normal Hydrological State,0
17.56,37.73,44.53,1.82,0.91,5.73,GREEN,Normal Hydrological State,0
6.62,47.95,27.91,2.54,0.93,5.26,GREEN,Normal Hydrological State,0
21.58,45.33,24.9,2.45,0.25,5.72,GREEN,Normal Hydrological State,0
32.46,81.66,25.1,6.88,2.47,9.77,GREEN,Normal Hydrological State,0
135.86,85.69,51.68,6.82,1.06,51.43,YELLOW,Cloudburst Flash Flood,1
6.43,31.96,29.59,3.63,2.85,5.18,GREEN,Normal Hydrological State,0
92.4,87.36,34.96,9.9,2.04,70.67,ORANGE,Cloudburst Flash Flood,1
13.31,42.64,13.4,1.25,0.27,5.26,GREEN,Normal Hydrological State,0
137.12,94.77,37.66,9.85,2.31,86.39,RED,Cloudburst Flash Flood,1
22.98,49.57,7.34,2.31,1.25,5.32,GREEN,Normal Hydrological State,0
4.24,52.25,29.11,2.86,0.01,5.19,GREEN,Normal Hydrological State,0
6.51,14.67,45.36,3.6,0.03,5.12,GREEN,Normal Hydrological State,0
0.0,25.5,35.91,2.9,0.22,5.02,GREEN,Normal Hydrological State,0
111.66,80.63,54.4,10.9,0.16,91.54,RED,Cloudburst Flash Flood,1
0.0,30.35,8.54,2.25,0.93,5.02,GREEN,Normal Hydrological State,0
4.84,73.97,49.51,10.3,5.58,84.06,RED,Seismic GLOF Warning,1
2.44,37.59,20.93,4.0,1.18,5.08,GREEN,Normal Hydrological State,0
0.66,32.42,12.47,1.39,0.55,5.03,GREEN,Normal Hydrological State,0
6.27,47.56,16.94,1.95,0.25,5.17,GREEN,Normal Hydrological State,0
136.8,83.39,48.2,11.41,0.76,96.14,RED,Cloudburst Flash Flood,1
2.38,37.84,41.86,2.39,0.0,5.11,GREEN,Normal Hydrological State,0
9.55,46.28,27.92,2.36,2.04,5.35,GREEN,Normal Hydrological State,0
14.47,24.21,32.64,1.27,0.06,5.31,GREEN,Normal Hydrological State,0
4.76,46.64,29.97,8.39,6.47,52.0,YELLOW,Seismic GLOF Warning,1
9.42,25.23,26.19,2.18,1.58,5.19,GREEN,Normal Hydrological State,0
2.08,35.35,35.97,1.72,0.16,5.09,GREEN,Normal Hydrological State,0
2.9,55.82,50.78,11.29,4.48,76.64,RED,River Overflow / Stage Exceeded,1
6.76,30.44,30.79,2.07,0.7,5.18,GREEN,Normal Hydrological State,0
126.82,84.21,34.55,8.54,1.22,57.88,ORANGE,Cloudburst Flash Flood,1
2.04,21.25,23.66,3.96,0.06,5.05,GREEN,Normal Hydrological State,0
6.93,53.31,36.11,2.76,1.3,5.35,GREEN,Normal Hydrological State,0
4.31,50.45,32.47,2.0,0.23,5.2,GREEN,Normal Hydrological State,0
40.5,56.43,26.51,4.86,2.82,6.89,GREEN,Normal Hydrological State,0
10.89,32.23,33.34,11.38,6.42,93.15,RED,Seismic GLOF Warning,1
8.33,55.85,12.46,2.01,0.12,5.21,GREEN,Normal Hydrological State,0
112.33,77.86,49.9,7.29,1.22,40.1,YELLOW,Cloudburst Flash Flood,0
4.02,52.47,30.47,2.62,1.76,5.19,GREEN,Normal Hydrological State,0
0.35,67.04,43.94,10.27,5.45,77.14,RED,Seismic GLOF Warning,1
3.73,21.12,37.33,4.29,2.27,5.09,GREEN,Normal Hydrological State,0
1.71,23.34,41.59,2.74,0.0,5.06,GREEN,Normal Hydrological State,0
5.63,37.29,10.64,1.99,0.15,5.09,GREEN,Normal Hydrological State,0
1.53,16.59,43.83,4.52,0.47,5.05,GREEN,Normal Hydrological State,0
13.26,55.37,5.9,3.19,1.04,5.18,GREEN,Normal Hydrological State,0
0.25,27.65,17.68,0.7,1.0,5.02,GREEN,Normal Hydrological State,0
1.5,29.99,16.71,2.6,0.07,5.04,GREEN,Normal Hydrological State,0
3.77,47.9,33.25,2.5,0.43,5.17,GREEN,Normal Hydrological State,0
85.14,92.26,33.16,7.35,0.0,27.21,GREEN,Cloudburst Flash Flood,0
1.88,44.95,18.62,2.5,0.0,5.07,GREEN,Normal Hydrological State,0
42.29,77.95,36.81,5.08,1.06,8.89,GREEN,Normal Hydrological State,0
100.62,93.19,26.14,11.45,0.58,88.94,RED,Cloudburst Flash Flood,1
14.7,41.75,7.38,2.2,0.55,5.18,GREEN,Normal Hydrological State,0
3.92,28.27,12.61,2.64,0.12,5.07,GREEN,Normal Hydrological State,0
7.27,20.37,28.7,4.34,0.24,5.13,GREEN,Normal Hydrological State,0
0.0,21.73,13.74,1.92,0.05,5.02,GREEN,Normal Hydrological State,0
7.8,23.5,43.39,2.59,0.08,5.21,GREEN,Normal Hydrological State,0
38.39,69.53,27.49,6.24,3.02,7.77,GREEN,Normal Hydrological State,0
54.79,77.75,17.62,4.66,1.72,7.72,GREEN,Normal Hydrological State,0
0.0,44.17,36.8,11.09,6.62,93.45,RED,Seismic GLOF Warning,1
137.53,99.64,35.55,7.6,2.37,57.18,ORANGE,Cloudburst Flash Flood,1
5.38,25.45,11.59,4.27,0.35,5.07,GREEN,Normal Hydrological State,0
3.81,26.41,35.81,3.58,0.63,5.11,GREEN,Normal Hydrological State,0
12.33,47.85,7.28,3.27,0.37,5.17,GREEN,Normal Hydrological State,0
7.36,35.03,16.59,1.9,1.32,5.15,GREEN,Normal Hydrological State,0
40.87,69.19,46.32,6.47,2.42,10.17,GREEN,Normal Hydrological State,0
6.8,41.86,12.19,2.97,0.0,5.13,GREEN,Normal Hydrological State,0
48.56,66.91,43.43,4.87,0.36,9.4,GREEN,Normal Hydrological State,0
1.64,48.53,34.13,9.25,4.41,32.55,GREEN,River Overflow / Stage Exceeded,0
3.72,30.85,6.36,2.3,0.04,5.05,GREEN,Normal Hydrological State,0
147.12,85.0,29.18,10.9,1.9,90.22,RED,Cloudburst Flash Flood,1
1.54,49.99,38.27,10.51,4.97,69.04,ORANGE,River Overflow / Stage Exceeded,1
9.0,25.14,19.08,1.14,0.28,5.15,GREEN,Normal Hydrological State,0
5.04,17.65,20.82,1.99,0.27,5.07,GREEN,Normal Hydrological State,0
3.18,21.46,7.57,2.32,0.0,5.04,GREEN,Normal Hydrological State,0
7.05,35.53,31.09,8.47,7.21,67.79,ORANGE,Seismic GLOF Warning,1
8.06,31.52,33.14,10.05,6.37,80.67,RED,Seismic GLOF Warning,1
3.01,31.93,21.76,1.93,0.77,5.08,GREEN,Normal Hydrological State,0
7.41,42.01,24.17,0.56,0.04,5.23,GREEN,Normal Hydrological State,0
0.0,22.96,28.75,4.26,0.5,5.02,GREEN,Normal Hydrological State,0
125.78,94.97,35.82,10.04,0.57,84.79,RED,Cloudburst Flash Flood,1
36.6,75.9,44.06,7.0,2.33,12.41,GREEN,River Overflow / Stage Exceeded,0
3.31,37.86,20.34,2.46,0.71,5.09,GREEN,Normal Hydrological State,0
40.96,63.58,29.42,5.99,2.52,7.4,GREEN,Normal Hydrological State,0
5.64,41.03,35.87,3.38,1.16,5.23,GREEN,Normal Hydrological State,0
1.94,26.91,29.93,4.07,1.91,5.06,GREEN,Normal Hydrological State,0
8.64,34.27,33.05,3.88,1.75,5.27,GREEN,Normal Hydrological State,0
1.31,63.14,38.77,8.33,6.9,71.33,ORANGE,Seismic GLOF Warning,1
141.92,77.64,27.65,9.56,2.03,69.8,ORANGE,Cloudburst Flash Flood,1
0.0,38.0,43.92,11.75,6.07,95.72,RED,Seismic GLOF Warning,1
42.86,62.91,26.43,6.45,2.48,8.29,GREEN,Normal Hydrological State,0
6.77,36.5,15.37,2.36,0.32,5.14,GREEN,Normal Hydrological State,0
9.77,40.0,22.57,1.76,0.89,5.27,GREEN,Normal Hydrological State,0
59.33,71.68,41.11,6.07,2.34,11.15,GREEN,Saturated Soil Runoff,0
12.14,55.64,31.19,2.51,1.68,5.58,GREEN,Normal Hydrological State,0
8.43,14.54,16.27,2.61,0.63,5.08,GREEN,Normal Hydrological State,0
2.27,9.77,6.52,2.01,0.26,5.03,GREEN,Normal Hydrological State,0
0.9,24.67,16.34,2.16,0.56,5.03,GREEN,Normal Hydrological State,0
3.57,14.73,9.81,2.69,0.73,5.04,GREEN,Normal Hydrological State,0
12.42,35.03,29.03,4.08,1.22,5.36,GREEN,Normal Hydrological State,0
7.47,30.83,9.03,1.44,0.04,5.09,GREEN,Normal Hydrological State,0
26.03,66.03,41.78,4.78,2.57,6.96,GREEN,Normal Hydrological State,0
2.22,14.34,44.21,2.7,1.28,5.05,GREEN,Normal Hydrological State,0
0.92,49.83,56.53,8.63,6.76,89.4,RED,Seismic GLOF Warning,1
5.06,43.2,25.17,1.83,0.64,5.17,GREEN,Normal Hydrological State,0
21.06,48.12,18.4,2.69,0.7,5.59,GREEN,Normal Hydrological State,0
1.01,47.86,30.16,8.88,6.73,64.31,ORANGE,Seismic GLOF Warning,1
7.73,39.59,15.58,2.0,0.45,5.17,GREEN,Normal Hydrological State,0
55.36,73.78,50.5,6.46,3.41,13.45,GREEN,Saturated Soil Runoff,0
4.08,63.65,58.5,8.85,4.56,37.04,YELLOW,River Overflow / Stage Exceeded,0
5.81,46.52,42.37,7.81,7.56,81.87,RED,Seismic GLOF Warning,1
2.2,43.5,18.65,3.38,1.32,5.07,GREEN,Normal Hydrological State,0
1.26,72.37,47.98,9.82,7.07,94.39,RED,Seismic GLOF Warning,1
1.43,49.03,30.57,3.33,0.61,5.08,GREEN,Normal Hydrological State,0
42.43,75.99,37.52,4.39,1.43,8.84,GREEN,Normal Hydrological State,0
15.97,40.63,10.49,1.11,0.0,5.25,GREEN,Normal Hydrological State,0
1.64,45.61,47.16,9.0,7.02,88.92,RED,Seismic GLOF Warning,1
6.36,34.96,12.86,3.4,0.83,5.11,GREEN,Normal Hydrological State,0
4.62,29.96,42.01,1.99,0.9,5.16,GREEN,Normal Hydrological State,0
9.05,42.9,33.83,1.63,0.0,5.36,GREEN,Normal Hydrological State,0
6.68,17.87,21.23,3.71,1.05,5.09,GREEN,Normal Hydrological State,0
29.21,56.13,44.93,5.27,2.67,6.96,GREEN,Normal Hydrological State,0
1.66,34.35,11.47,1.84,0.26,5.04,GREEN,Normal Hydrological State,0
5.2,29.46,16.5,3.14,0.1,5.1,GREEN,Normal Hydrological State,0
5.96,48.19,17.56,3.83,0.08,5.17,GREEN,Normal Hydrological State,0
10.71,53.74,18.7,2.28,1.19,5.34,GREEN,Normal Hydrological State,0
1.75,43.81,10.2,3.32,0.38,5.05,GREEN,Normal Hydrological State,0
43.37,59.12,48.43,7.02,0.86,12.41,GREEN,River Overflow / Stage Exceeded,0
5.76,45.25,29.51,3.48,0.74,5.22,GREEN,Normal Hydrological State,0
85.04,86.16,26.59,10.53,1.04,73.5,ORANGE,Cloudburst Flash Flood,1
1.17,41.66,7.84,2.44,0.41,5.03,GREEN,Normal Hydrological State,0
101.66,74.73,39.66,9.96,0.97,72.39,ORANGE,Cloudburst Flash Flood,1
30.86,71.78,43.66,6.99,0.61,11.12,GREEN,Normal Hydrological State,0
0.38,33.28,44.92,3.35,0.1,5.03,GREEN,Normal Hydrological State,0
14.54,54.4,4.01,2.59,0.96,5.15,GREEN,Normal Hydrological State,0
5.12,37.95,53.99,7.71,5.64,49.79,YELLOW,Seismic GLOF Warning,0
1.48,18.22,7.17,2.49,1.11,5.03,GREEN,Normal Hydrological State,0
10.41,61.49,49.26,9.02,7.38,94.24,RED,Seismic GLOF Warning,1
9.21,33.06,7.99,1.79,0.87,5.11,GREEN,Normal Hydrological State,0
4.32,17.17,32.87,1.89,0.26,5.08,GREEN,Normal Hydrological State,0
132.74,94.62,46.44,6.75,0.4,51.37,YELLOW,Cloudburst Flash Flood,1
2.16,33.86,5.82,0.82,0.08,5.04,GREEN,Normal Hydrological State,0
118.61,77.36,52.53,9.01,1.93,70.93,ORANGE,Cloudburst Flash Flood,1
117.66,84.69,47.64,8.9,1.67,70.3,ORANGE,Cloudburst Flash Flood,1
7.36,23.69,35.28,2.33,1.79,5.17,GREEN,Normal Hydrological State,0
4.66,62.27,34.59,10.19,7.3,91.5,RED,Seismic GLOF Warning,1
11.85,28.88,39.75,1.56,1.23,5.35,GREEN,Normal Hydrological State,0
7.35,32.69,28.78,2.21,0.11,5.2,GREEN,Normal Hydrological State,0
0.13,53.9,31.55,12.0,5.33,90.0,RED,River Overflow / Stage Exceeded,1
6.62,27.25,18.0,0.5,2.09,5.12,GREEN,Normal Hydrological State,0
55.85,67.83,44.19,5.45,1.41,10.48,GREEN,Normal Hydrological State,0
8.87,42.64,14.69,3.76,0.4,5.19,GREEN,Normal Hydrological State,0
52.31,66.77,29.17,5.16,2.25,8.4,GREEN,Normal Hydrological State,0
0.56,39.0,10.14,3.06,0.73,5.03,GREEN,Normal Hydrological State,0
82.62,99.22,41.45,10.49,1.98,82.59,RED,Cloudburst Flash Flood,1
29.28,80.61,41.14,5.99,3.2,7.82,GREEN,Normal Hydrological State,0
121.37,100.0,49.02,9.19,0.74,83.24,RED,Cloudburst Flash Flood,1
2.5,72.15,34.23,10.79,4.63,66.59,ORANGE,River Overflow / Stage Exceeded,1
53.67,60.0,16.84,5.92,3.28,6.88,GREEN,Normal Hydrological State,0
4.06,21.39,12.12,2.6,0.85,5.05,GREEN,Normal Hydrological State,0
2.37,27.87,29.93,2.94,0.53,5.07,GREEN,Normal Hydrological State,0
1.25,39.95,34.45,2.71,0.92,5.06,GREEN,Normal Hydrological State,0
5.45,55.14,30.16,3.17,1.43,5.26,GREEN,Normal Hydrological State,0
2.09,22.09,16.49,1.79,0.31,5.04,GREEN,Normal Hydrological State,0
0.49,28.55,34.72,2.89,0.0,5.03,GREEN,Normal Hydrological State,0
9.56,14.21,24.44,2.28,0.11,5.11,GREEN,Normal Hydrological State,0
7.03,45.06,39.39,10.0,4.22,44.49,YELLOW,River Overflow / Stage Exceeded,0
6.95,39.97,27.18,4.0,0.0,5.22,GREEN,Normal Hydrological State,0
2.44,24.21,35.73,3.11,0.97,5.07,GREEN,Normal Hydrological State,0
7.47,17.67,20.58,3.01,0.3,5.1,GREEN,Normal Hydrological State,0
0.73,35.86,38.27,2.28,0.44,5.05,GREEN,Normal Hydrological State,0
1.35,40.11,44.0,2.42,0.45,5.08,GREEN,Normal Hydrological State,0
3.36,39.45,11.08,1.99,0.4,5.07,GREEN,Normal Hydrological State,0
5.91,19.71,31.07,3.03,0.0,5.11,GREEN,Normal Hydrological State,0
4.1,50.63,10.2,0.83,0.52,5.09,GREEN,Normal Hydrological State,0
2.85,42.18,42.99,2.85,0.57,5.14,GREEN,Normal Hydrological State,0
23.2,15.3,30.57,4.81,0.24,5.3,GREEN,Normal Hydrological State,0
2.87,19.17,9.84,1.74,0.0,5.04,GREEN,Normal Hydrological State,0
6.84,21.82,11.4,2.21,0.0,5.08,GREEN,Normal Hydrological State,0
5.14,32.28,25.52,0.81,0.0,5.14,GREEN,Normal Hydrological State,0
3.48,22.21,39.21,2.06,0.26,5.09,GREEN,Normal Hydrological State,0
44.74,67.39,15.15,6.37,1.66,7.32,GREEN,Normal Hydrological State,0
1.32,45.25,8.15,2.84,0.02,5.04,GREEN,Normal Hydrological State,0
11.43,40.75,27.31,1.79,1.15,5.37,GREEN,Normal Hydrological State,0
28.35,63.71,31.97,4.84,2.11,6.69,GREEN,Normal Hydrological State,0
3.68,41.8,10.3,2.52,0.23,5.07,GREEN,Normal Hydrological State,0
24.38,42.69,31.45,2.62,0.6,5.91,GREEN,Normal Hydrological State,0
11.5,37.45,8.31,2.36,0.98,5.14,GREEN,Normal Hydrological State,0
28.52,74.11,21.33,4.66,1.88,6.44,GREEN,Normal Hydrological State,0
2.4,38.32,14.14,1.43,0.17,5.06,GREEN,Normal Hydrological State,0
1.72,35.1,26.26,2.68,0.08,5.06,GREEN,Normal Hydrological State,0
79.6,92.49,32.43,9.86,2.15,65.76,ORANGE,Cloudburst Flash Flood,1
4.45,41.2,55.74,10.61,4.93,77.89,RED,Seismic GLOF Warning,1
2.55,20.27,28.45,2.29,0.72,5.06,GREEN,Normal Hydrological State,0
10.53,34.81,10.58,1.79,1.41,5.15,GREEN,Normal Hydrological State,0
52.21,73.53,47.67,4.65,3.27,10.95,GREEN,Saturated Soil Runoff,0
115.15,98.88,32.16,6.65,2.22,31.33,GREEN,Cloudburst Flash Flood,0
51.65,82.41,43.67,4.68,1.02,11.37,GREEN,Saturated Soil Runoff,0
10.86,50.08,35.56,3.54,0.12,5.51,GREEN,Normal Hydrological State,0
5.64,15.48,19.8,3.24,0.0,5.07,GREEN,Normal Hydrological State,0
46.75,69.88,25.0,4.58,1.33,7.72,GREEN,Normal Hydrological State,0
2.78,45.55,33.66,8.48,4.52,23.17,GREEN,River Overflow / Stage Exceeded,0
78.73,87.37,30.28,7.36,2.07,22.69,GREEN,Cloudburst Flash Flood,0
31.71,68.07,16.79,6.16,3.0,6.42,GREEN,Normal Hydrological State,0
0.0,42.63,31.82,8.96,6.2,58.6,ORANGE,Seismic GLOF Warning,1
27.57,59.71,31.75,5.26,2.98,6.51,GREEN,Normal Hydrological State,0
0.0,55.96,43.19,3.72,0.5,5.02,GREEN,Normal Hydrological State,0
1.43,28.73,55.26,7.61,4.48,17.37,GREEN,River Overflow / Stage Exceeded,0
0.48,60.81,46.19,9.69,5.61,73.31,ORANGE,Seismic GLOF Warning,1
14.24,34.84,10.73,1.62,0.05,5.2,GREEN,Normal Hydrological State,0
136.28,87.89,45.85,9.45,2.33,83.89,RED,Cloudburst Flash Flood,1
5.3,55.7,7.66,3.91,0.26,5.1,GREEN,Normal Hydrological State,0
0.13,54.08,14.88,2.7,0.01,5.02,GREEN,Normal Hydrological State,0
1.39,38.11,57.5,11.11,5.51,92.23,RED,Seismic GLOF Warning,1
0.0,28.07,21.35,2.59,0.69,5.02,GREEN,Normal Hydrological State,0
7.34,49.82,14.87,1.68,0.0,5.19,GREEN,Normal Hydrological State,0
84.65,94.89,38.33,10.97,2.27,86.35,RED,Cloudburst Flash Flood,1
3.02,30.15,40.25,2.02,0.0,5.11,GREEN,Normal Hydrological State,0
10.76,53.71,34.64,2.06,0.52,5.54,GREEN,Normal Hydrological State,0
34.84,65.63,17.29,4.81,1.76,6.31,GREEN,Normal Hydrological State,0
7.42,35.08,30.22,0.92,0.59,5.23,GREEN,Normal Hydrological State,0
1.94,35.28,19.38,2.19,0.29,5.06,GREEN,Normal Hydrological State,0
1.21,53.71,38.62,9.94,6.13,80.06,RED,Seismic GLOF Warning,1
0.25,70.78,60.35,10.66,6.86,98.32,RED,Seismic GLOF Warning,1
3.59,51.02,28.77,1.88,0.47,5.16,GREEN,Normal Hydrological State,0
2.59,51.36,26.24,1.79,0.05,5.11,GREEN,Normal Hydrological State,0
117.59,79.11,32.22,9.81,2.14,71.76,ORANGE,Cloudburst Flash Flood,1
3.21,38.6,17.88,2.53,0.39,5.09,GREEN,Normal Hydrological State,0
14.49,24.45,42.22,4.6,0.82,5.38,GREEN,Normal Hydrological State,0
9.98,52.86,36.49,3.27,1.96,5.51,GREEN,Normal Hydrological State,0
4.1,29.77,30.48,1.68,0.23,5.12,GREEN,Normal Hydrological State,0
34.76,67.98,46.1,6.2,2.0,8.47,GREEN,Normal Hydrological State,0
32.25,64.32,47.47,6.0,2.59,7.69,GREEN,Normal Hydrological State,0
4.9,20.32,39.31,2.07,0.59,5.11,GREEN,Normal Hydrological State,0
5.24,25.92,26.68,4.23,0.45,5.12,GREEN,Normal Hydrological State,0
4.91,43.25,7.27,4.21,0.41,5.08,GREEN,Normal Hydrological State,0
13.65,45.9,39.81,1.77,1.02,5.64,GREEN,Normal Hydrological State,0
3.63,16.75,12.16,3.14,1.52,5.04,GREEN,Normal Hydrological State,0
0.12,36.03,17.99,3.51,0.36,5.02,GREEN,Normal Hydrological State,0
2.45,46.95,40.93,11.35,5.01,83.56,RED,River Overflow / Stage Exceeded,1
12.41,17.61,31.17,3.54,0.36,5.2,GREEN,Normal Hydrological State,0
7.86,33.76,21.75,2.27,0.51,5.18,GREEN,Normal Hydrological State,0
13.33,44.01,16.2,3.0,0.58,5.31,GREEN,Normal Hydrological State,0
2.3,53.21,22.15,3.21,0.72,5.1,GREEN,Normal Hydrological State,0
6.33,53.43,24.42,3.27,0.84,5.25,GREEN,Normal Hydrological State,0
5.13,51.54,42.24,3.08,0.25,5.28,GREEN,Normal Hydrological State,0
123.43,98.5,43.87,8.22,1.72,67.64,ORANGE,Cloudburst Flash Flood,1
14.08,16.26,22.28,3.99,0.08,5.16,GREEN,Normal Hydrological State,0
6.2,21.6,38.1,2.6,0.4,5.14,GREEN,Normal Hydrological State,0
2.78,30.27,32.72,2.47,0.73,5.09,GREEN,Normal Hydrological State,0
32.35,61.68,41.92,7.11,3.42,11.17,GREEN,River Overflow / Stage Exceeded,0
118.73,93.92,45.93,10.08,2.48,87.76,RED,Cloudburst Flash Flood,1
0.75,30.67,8.6,2.26,0.94,5.03,GREEN,Normal Hydrological State,0
6.6,50.78,20.78,2.12,1.26,5.22,GREEN,Normal Hydrological State,0
2.04,35.69,60.09,9.1,6.09,85.47,RED,Seismic GLOF Warning,1
1.0,52.12,59.01,8.45,5.94,73.9,ORANGE,Seismic GLOF Warning,1
4.1,38.88,11.65,1.87,0.76,5.08,GREEN,Normal Hydrological State,0
9.43,32.6,12.77,1.49,1.47,5.15,GREEN,Normal Hydrological State,0
11.97,34.6,33.04,2.05,0.21,5.37,GREEN,Normal Hydrological State,0
7.93,38.85,42.1,3.03,0.29,5.33,GREEN,Normal Hydrological State,0
7.59,44.58,28.03,3.24,0.4,5.27,GREEN,Normal Hydrological State,0
7.79,49.04,44.34,8.45,5.69,54.68,YELLOW,Seismic GLOF Warning,1
6.51,27.63,14.18,3.87,1.32,5.1,GREEN,Normal Hydrological State,0
133.93,76.34,52.87,11.05,0.47,94.08,RED,Cloudburst Flash Flood,1
8.35,37.31,60.65,8.01,6.73,88.09,RED,Seismic GLOF Warning,1
7.22,23.24,23.54,3.36,0.25,5.13,GREEN,Normal Hydrological State,0
1.44,29.68,32.15,0.88,0.66,5.06,GREEN,Normal Hydrological State,0
96.13,97.49,44.16,7.49,0.02,42.7,YELLOW,Cloudburst Flash Flood,0
0.0,24.36,39.26,1.17,0.19,5.02,GREEN,Normal Hydrological State,0
0.0,74.47,47.52,10.28,4.6,60.06,ORANGE,River Overflow / Stage Exceeded,1
2.6,21.26,31.48,3.98,0.13,5.07,GREEN,Normal Hydrological State,0
37.06,58.86,35.95,6.04,2.66,7.35,GREEN,Normal Hydrological State,0
6.06,72.87,57.57,8.41,5.35,56.28,ORANGE,Seismic GLOF Warning,1
3.27,24.96,39.01,0.73,0.53,5.1,GREEN,Normal Hydrological State,0
3.56,13.33,46.11,3.52,0.0,5.07,GREEN,Normal Hydrological State,0
10.72,33.55,12.0,2.8,0.19,5.16,GREEN,Normal Hydrological State,0
3.52,45.19,39.55,2.53,0.32,5.17,GREEN,Normal Hydrological State,0
40.11,55.38,40.88,5.51,1.02,7.61,GREEN,Normal Hydrological State,0
120.09,84.34,48.43,10.91,2.02,92.48,RED,Cloudburst Flash Flood,1
0.32,24.78,21.64,3.0,0.53,5.03,GREEN,Normal Hydrological State,0
68.02,94.23,29.26,9.98,1.61,62.38,ORANGE,River Overflow / Stage Exceeded,1
0.0,52.72,29.53,3.66,2.27,5.02,GREEN,Normal Hydrological State,0
0.0,16.82,16.2,2.57,0.06,5.02,GREEN,Normal Hydrological State,0
2.94,40.86,44.71,9.51,4.67,46.31,YELLOW,River Overflow / Stage Exceeded,0
0.07,45.78,18.46,2.29,1.23,5.02,GREEN,Normal Hydrological State,0
2.24,31.53,53.48,10.45,6.53,95.46,RED,Seismic GLOF Warning,1
4.89,62.33,52.77,11.45,6.01,96.34,RED,Seismic GLOF Warning,1
29.69,64.95,30.14,6.88,3.3,9.21,GREEN,Normal Hydrological State,0
4.05,37.89,22.8,2.53,0.87,5.12,GREEN,Normal Hydrological State,0
0.0,47.53,20.08,2.47,0.42,5.02,GREEN,Normal Hydrological State,0
0.71,25.46,44.22,3.1,0.0,5.04,GREEN,Normal Hydrological State,0
51.91,65.49,34.99,6.63,2.5,10.82,GREEN,Normal Hydrological State,0
6.62,40.78,10.91,3.05,0.85,5.12,GREEN,Normal Hydrological State,0
4.1,48.08,14.49,3.01,0.48,5.11,GREEN,Normal Hydrological State,0
4.85,36.98,38.36,2.41,1.41,5.19,GREEN,Normal Hydrological State,0
0.97,29.96,23.28,1.6,0.34,5.04,GREEN,Normal Hydrological State,0
82.25,94.88,40.51,7.72,1.72,36.08,YELLOW,Cloudburst Flash Flood,0
8.28,53.02,14.53,1.18,0.56,5.22,GREEN,Normal Hydrological State,0
6.4,22.64,6.66,2.96,1.07,5.06,GREEN,Normal Hydrological State,0
148.42,86.61,48.29,7.2,1.63,60.39,ORANGE,Cloudburst Flash Flood,1
8.04,23.39,26.12,1.4,0.5,5.15,GREEN,Normal Hydrological State,0
8.2,31.04,20.68,2.39,0.08,5.17,GREEN,Normal Hydrological State,0
44.13,63.06,44.64,5.62,2.3,8.69,GREEN,Normal Hydrological State,0
12.25,50.48,44.74,2.55,1.63,5.68,GREEN,Normal Hydrological State,0
0.67,43.99,41.77,3.18,0.44,5.05,GREEN,Normal Hydrological State,0
1.36,27.67,18.96,1.23,0.37,5.04,GREEN,Normal Hydrological State,0
90.38,82.16,28.36,7.21,1.4,21.82,GREEN,Cloudburst Flash Flood,0
4.51,46.36,23.64,3.49,1.14,5.16,GREEN,Normal Hydrological State,0
9.71,17.51,14.72,2.16,0.0,5.1,GREEN,Normal Hydrological State,0
33.22,72.81,42.46,5.31,2.89,7.98,GREEN,Normal Hydrological State,0
3.61,27.42,12.84,2.72,0.57,5.06,GREEN,Normal Hydrological State,0
6.31,73.89,58.53,11.74,6.68,99.0,RED,Seismic GLOF Warning,1
131.1,94.38,45.63,11.0,0.73,95.2,RED,Cloudburst Flash Flood,1
2.57,52.27,15.09,3.09,0.49,5.08,GREEN,Normal Hydrological State,0
89.92,86.74,54.97,7.31,2.43,37.69,YELLOW,Cloudburst Flash Flood,0
1.5,31.56,28.9,2.57,0.54,5.06,GREEN,Normal Hydrological State,0
3.72,40.74,25.71,2.73,1.1,5.13,GREEN,Normal Hydrological State,0
5.6,49.63,35.14,2.66,0.32,5.26,GREEN,Normal Hydrological State,0
120.6,80.67,31.21,8.84,2.2,55.97,ORANGE,Cloudburst Flash Flood,1
0.0,49.43,56.63,10.95,5.87,94.05,RED,Seismic GLOF Warning,1
15.71,13.05,38.83,1.72,2.21,5.21,GREEN,Normal Hydrological State,0
128.51,73.37,46.13,11.07,1.69,91.87,RED,Cloudburst Flash Flood,1
0.0,68.85,30.75,7.76,6.22,37.63,YELLOW,Seismic GLOF Warning,0
7.1,29.18,43.23,1.59,0.65,5.23,GREEN,Normal Hydrological State,0
26.81,72.2,39.42,5.35,2.43,7.16,GREEN,Normal Hydrological State,0
2.67,25.04,11.38,3.85,1.55,5.05,GREEN,Normal Hydrological State,0
4.71,21.96,12.23,3.45,1.16,5.06,GREEN,Normal Hydrological State,0
12.02,29.47,22.77,2.55,0.55,5.25,GREEN,Normal Hydrological State,0
6.12,30.91,27.53,2.55,1.07,5.16,GREEN,Normal Hydrological State,0
2.82,18.0,31.61,2.29,0.4,5.06,GREEN,Normal Hydrological State,0
125.42,100.0,42.07,10.09,1.84,89.39,RED,Cloudburst Flash Flood,1
24.84,70.76,37.27,4.4,1.36,6.85,GREEN,Normal Hydrological State,0
38.07,58.86,25.39,6.2,2.04,7.09,GREEN,Normal Hydrological State,0
114.65,97.61,45.81,9.81,2.14,85.31,RED,Cloudburst Flash Flood,1
86.74,94.02,39.55,10.13,2.63,76.89,RED,Cloudburst Flash Flood,1
33.21,61.45,30.57,4.94,1.64,6.87,GREEN,Normal Hydrological State,0
0.0,36.89,31.98,10.78,7.35,93.43,RED,Seismic GLOF Warning,1
4.26,32.46,44.17,10.14,5.52,77.17,RED,Seismic GLOF Warning,1
6.97,20.54,29.82,3.51,0.51,5.13,GREEN,Normal Hydrological State,0
4.21,33.68,23.74,2.47,0.31,5.11,GREEN,Normal Hydrological State,0
1.09,29.17,39.47,7.98,7.33,75.23,RED,Seismic GLOF Warning,1
5.89,22.45,30.79,1.92,0.66,5.13,GREEN,Normal Hydrological State,0
29.16,76.91,31.25,4.84,1.32,7.12,GREEN,Normal Hydrological State,0
6.29,51.43,13.33,1.37,0.62,5.16,GREEN,Normal Hydrological State,0
0.88,39.58,37.16,8.49,4.95,31.37,GREEN,River Overflow / Stage Exceeded,0
2.49,40.37,29.41,3.19,0.09,5.1,GREEN,Normal Hydrological State,0
138.13,88.08,36.79,6.89,0.45,41.71,YELLOW,Cloudburst Flash Flood,0
131.62,75.57,54.97,8.72,2.03,71.44,ORANGE,Cloudburst Flash Flood,1
86.01,95.16,37.51,11.2,1.83,88.53,RED,Cloudburst Flash Flood,1
0.0,53.76,39.87,2.21,0.2,5.02,GREEN,Normal Hydrological State,0
47.12,63.59,24.87,6.69,1.47,9.37,GREEN,Normal Hydrological State,0
3.47,39.43,42.12,3.17,0.37,5.16,GREEN,Normal Hydrological State,0
3.06,36.21,34.61,3.0,0.72,5.12,GREEN,Normal Hydrological State,0
6.67,43.91,27.06,1.52,0.0,5.23,GREEN,Normal Hydrological State,0
4.92,16.82,16.96,3.57,0.33,5.06,GREEN,Normal Hydrological State,0
1.91,41.45,56.5,10.78,5.72,92.01,RED,Seismic GLOF Warning,1
34.05,71.8,31.35,5.86,3.62,7.35,GREEN,Normal Hydrological State,0
69.87,87.71,32.8,11.37,2.03,84.65,RED,River Overflow / Stage Exceeded,1
145.87,91.47,45.23,9.44,2.18,87.11,RED,Cloudburst Flash Flood,1
4.72,44.14,12.51,1.62,0.9,5.1,GREEN,Normal Hydrological State,0
3.1,46.56,40.92,9.62,6.48,83.37,RED,Seismic GLOF Warning,1
37.02,69.49,29.72,4.92,1.74,7.38,GREEN,Normal Hydrological State,0
34.64,64.68,30.94,4.99,2.44,7.1,GREEN,Normal Hydrological State,0
0.0,30.52,16.7,1.91,1.0,5.02,GREEN,Normal Hydrological State,0
1.47,51.67,38.57,4.11,0.19,5.09,GREEN,Normal Hydrological State,0
9.0,27.07,13.62,2.57,0.41,5.12,GREEN,Normal Hydrological State,0
2.34,29.15,35.31,2.45,0.0,5.08,GREEN,Normal Hydrological State,0
30.98,74.93,19.94,5.97,0.62,6.51,GREEN,Normal Hydrological State,0
3.76,40.86,35.38,2.85,0.1,5.16,GREEN,Normal Hydrological State,0
6.69,23.01,14.19,4.04,0.91,5.09,GREEN,Normal Hydrological State,0
10.65,16.35,36.92,3.12,0.08,5.18,GREEN,Normal Hydrological State,0
36.04,54.99,24.05,6.66,0.73,8.07,GREEN,Normal Hydrological State,0
33.92,75.73,26.27,5.33,2.57,7.14,GREEN,Normal Hydrological State,0
10.17,38.06,18.93,1.35,0.4,5.24,GREEN,Normal Hydrological State,0
5.77,45.98,29.86,2.9,1.09,5.23,GREEN,Normal Hydrological State,0
36.56,72.02,27.99,6.59,0.83,8.85,GREEN,Normal Hydrological State,0
0.88,26.01,9.3,2.86,0.33,5.03,GREEN,Normal Hydrological State,0
9.37,33.91,27.73,2.91,2.85,5.26,GREEN,Normal Hydrological State,0
87.72,88.84,50.72,10.52,0.78,84.65,RED,Cloudburst Flash Flood,1
56.63,73.27,16.9,5.53,2.8,7.53,GREEN,Normal Hydrological State,0
1.88,44.98,32.29,3.63,0.67,5.09,GREEN,Normal Hydrological State,0
0.0,53.47,39.55,9.98,4.86,57.23,ORANGE,River Overflow / Stage Exceeded,1
1.5,22.13,41.68,3.58,0.14,5.05,GREEN,Normal Hydrological State,0
144.42,77.84,27.49,9.85,0.67,74.77,ORANGE,Cloudburst Flash Flood,1
4.93,39.23,17.81,2.85,1.16,5.12,GREEN,Normal Hydrological State,0
0.52,42.66,48.69,8.32,7.17,86.66,RED,Seismic GLOF Warning,1
10.42,20.19,38.76,0.84,0.52,5.22,GREEN,Normal Hydrological State,0
121.04,83.88,49.54,11.27,1.49,94.54,RED,Cloudburst Flash Flood,1
9.13,56.95,40.44,4.05,0.56,5.54,GREEN,Normal Hydrological State,0
1.53,46.33,30.59,8.06,7.08,57.59,ORANGE,Seismic GLOF Warning,1
8.74,43.97,23.28,1.6,1.49,5.27,GREEN,Normal Hydrological State,0
7.48,27.7,26.8,2.02,1.55,5.17,GREEN,Normal Hydrological State,0
48.19,53.18,44.25,5.74,3.49,8.3,GREEN,Normal Hydrological State,0
2.86,18.7,15.84,0.67,0.78,5.05,GREEN,Normal Hydrological State,0
8.29,53.12,37.18,2.35,0.0,5.43,GREEN,Normal Hydrological State,0
2.08,39.81,34.23,9.81,5.31,60.45,ORANGE,River Overflow / Stage Exceeded,1
0.7,52.39,31.6,2.87,0.94,5.05,GREEN,Normal Hydrological State,0
8.81,70.79,40.07,9.3,6.24,76.54,RED,Seismic GLOF Warning,1
10.75,27.19,34.71,3.07,0.3,5.28,GREEN,Normal Hydrological State,0
3.26,33.27,38.5,2.58,0.72,5.12,GREEN,Normal Hydrological State,0
105.48,77.52,49.79,9.2,1.29,67.73,ORANGE,Cloudburst Flash Flood,1
86.39,99.21,42.22,9.1,0.85,63.78,ORANGE,Cloudburst Flash Flood,1
5.06,70.36,35.12,8.47,5.94,50.69,YELLOW,Seismic GLOF Warning,1
99.46,70.57,35.82,10.97,1.93,83.02,RED,Cloudburst Flash Flood,1
86.35,77.89,28.44,10.27,1.19,68.31,ORANGE,Cloudburst Flash Flood,1
38.79,74.7,19.03,5.18,1.86,6.86,GREEN,Normal Hydrological State,0
26.62,58.55,16.99,5.49,2.77,5.86,GREEN,Normal Hydrological State,0
13.51,17.69,35.62,2.58,1.62,5.23,GREEN,Normal Hydrological State,0
24.32,48.79,13.36,3.05,0.44,5.54,GREEN,Normal Hydrological State,0
49.47,70.94,30.33,5.27,0.55,8.54,GREEN,Normal Hydrological State,0
8.4,24.73,12.38,3.78,0.17,5.1,GREEN,Normal Hydrological State,0
52.54,77.2,34.55,5.59,1.25,9.81,GREEN,Normal Hydrological State,0
2.57,36.33,19.93,3.02,0.04,5.07,GREEN,Normal Hydrological State,0
4.49,27.2,11.95,0.78,0.64,5.07,GREEN,Normal Hydrological State,0
50.04,67.92,22.84,4.51,1.6,7.63,GREEN,Normal Hydrological State,0
2.39,57.42,51.68,9.06,6.78,89.78,RED,Seismic GLOF Warning,1
44.12,62.18,28.51,5.53,3.39,7.48,GREEN,Normal Hydrological State,0
142.46,100.0,40.59,7.36,0.04,62.07,ORANGE,Cloudburst Flash Flood,1
0.33,38.81,52.3,9.86,4.39,46.82,YELLOW,River Overflow / Stage Exceeded,0
1.31,57.57,10.74,2.15,0.07,5.05,GREEN,Normal Hydrological State,0
6.99,32.88,40.46,4.36,1.82,5.24,GREEN,Normal Hydrological State,0
58.2,63.78,46.69,6.51,2.21,12.28,GREEN,Normal Hydrological State,0
6.88,29.98,31.89,10.52,6.24,83.67,RED,Seismic GLOF Warning,1
8.83,62.33,39.02,11.27,6.35,94.35,RED,Seismic GLOF Warning,1
16.33,18.87,12.9,3.7,0.12,5.15,GREEN,Normal Hydrological State,0
1.28,39.03,40.23,3.68,0.26,5.07,GREEN,Normal Hydrological State,0
13.34,22.43,18.68,2.92,0.09,5.18,GREEN,Normal Hydrological State,0
1.16,33.91,22.51,3.45,0.04,5.05,GREEN,Normal Hydrological State,0
64.03,91.14,53.18,10.63,2.2,80.03,RED,River Overflow / Stage Exceeded,1
58.74,78.02,16.86,6.98,2.17,11.2,GREEN,Normal Hydrological State,0
4.93,52.63,23.31,2.45,0.73,5.19,GREEN,Normal Hydrological State,0
27.2,60.46,36.41,6.83,3.24,8.95,GREEN,Normal Hydrological State,0
13.45,34.69,29.39,4.25,0.16,5.39,GREEN,Normal Hydrological State,0
2.95,18.6,20.95,0.73,0.23,5.05,GREEN,Normal Hydrological State,0
0.79,36.03,42.92,7.39,6.1,44.68,YELLOW,Seismic GLOF Warning,0
26.89,77.6,21.93,6.36,2.48,7.14,GREEN,Normal Hydrological State,0
53.47,76.16,16.03,6.59,2.67,8.86,GREEN,Normal Hydrological State,0
58.8,65.89,20.46,4.76,1.52,7.78,GREEN,Normal Hydrological State,0
6.02,26.01,37.78,3.59,1.24,5.16,GREEN,Normal Hydrological State,0
0.15,23.95,18.27,0.76,0.54,5.02,GREEN,Normal Hydrological State,0
0.0,44.28,21.21,2.87,0.33,5.02,GREEN,Normal Hydrological State,0
1.93,50.4,38.64,9.19,4.51,34.56,GREEN,River Overflow / Stage Exceeded,0
0.0,34.19,53.62,8.41,7.38,92.8,RED,Seismic GLOF Warning,1
1.82,35.14,28.09,1.84,0.1,5.07,GREEN,Normal Hydrological State,0
49.26,67.24,36.51,4.9,2.91,8.88,GREEN,Normal Hydrological State,0
4.51,41.15,41.52,11.74,6.58,97.12,RED,Seismic GLOF Warning,1
0.21,31.05,35.6,3.49,0.7,5.03,GREEN,Normal Hydrological State,0
8.77,29.42,40.25,2.13,0.48,5.27,GREEN,Normal Hydrological State,0
15.58,52.28,18.45,1.57,0.09,5.47,GREEN,Normal Hydrological State,0
112.45,77.81,55.04,10.88,0.42,91.07,RED,Cloudburst Flash Flood,1
66.91,91.27,30.69,6.93,1.82,17.2,GREEN,Saturated Soil Runoff,0
13.96,56.73,5.3,3.43,0.0,5.18,GREEN,Normal Hydrological State,0
3.01,18.92,13.69,2.69,1.5,5.05,GREEN,Normal Hydrological State,0
9.78,53.88,5.93,4.52,1.45,5.14,GREEN,Normal Hydrological State,0
3.29,14.65,30.65,3.32,0.2,5.06,GREEN,Normal Hydrological State,0
0.77,31.14,30.12,2.08,0.0,5.04,GREEN,Normal Hydrological State,0
34.8,53.49,13.91,6.69,2.65,7.41,GREEN,Normal Hydrological State,0
6.35,53.95,9.78,2.41,0.19,5.13,GREEN,Normal Hydrological State,0
2.92,47.83,7.58,2.45,2.62,5.06,GREEN,Normal Hydrological State,0
12.18,45.81,9.15,3.45,0.42,5.2,GREEN,Normal Hydrological State,0
39.96,75.48,33.03,6.8,1.5,10.75,GREEN,Normal Hydrological State,0
9.94,22.17,28.04,1.49,0.81,5.18,GREEN,Normal Hydrological State,0
34.53,76.3,35.68,4.62,2.56,7.87,GREEN,Normal Hydrological State,0
9.41,29.58,21.62,0.75,0.22,5.19,GREEN,Normal Hydrological State,0
54.84,65.03,16.63,5.54,3.05,7.09,GREEN,Normal Hydrological State,0
44.43,63.75,26.9,5.53,1.9,7.45,GREEN,Normal Hydrological State,0
4.04,47.01,42.26,2.35,0.49,5.21,GREEN,Normal Hydrological State,0
10.75,25.56,10.88,1.25,0.42,5.12,GREEN,Normal Hydrological State,0
6.77,13.65,39.08,3.15,0.12,5.11,GREEN,Normal Hydrological State,0
6.42,42.31,14.64,3.02,0.42,5.14,GREEN,Normal Hydrological State,0
4.1,30.15,19.62,2.89,0.6,5.09,GREEN,Normal Hydrological State,0
11.46,23.02,32.15,3.09,1.25,5.24,GREEN,Normal Hydrological State,0
5.56,47.54,29.82,0.96,1.29,5.23,GREEN,Normal Hydrological State,0
4.86,47.52,17.22,1.5,0.92,5.14,GREEN,Normal Hydrological State,0
3.68,15.43,8.18,2.67,1.0,5.04,GREEN,Normal Hydrological State,0
19.43,24.91,43.67,0.72,0.15,5.52,GREEN,Normal Hydrological State,0
2.11,53.01,28.11,3.07,0.1,5.1,GREEN,Normal Hydrological State,0
6.15,50.31,25.65,2.22,0.34,5.24,GREEN,Normal Hydrological State,0
2.85,48.24,35.23,1.86,0.0,5.14,GREEN,Normal Hydrological State,0
2.78,35.2,8.62,2.58,0.77,5.05,GREEN,Normal Hydrological State,0
3.74,36.42,34.79,3.22,0.32,5.14,GREEN,Normal Hydrological State,0
9.42,50.56,19.63,1.92,0.0,5.29,GREEN,Normal Hydrological State,0
133.39,95.08,41.91,6.98,0.12,50.65,YELLOW,Cloudburst Flash Flood,1
54.13,70.87,48.64,5.02,3.45,11.05,GREEN,Saturated Soil Runoff,0
108.42,77.92,52.73,9.53,0.32,75.25,RED,Cloudburst Flash Flood,1
42.63,70.16,51.21,7.08,2.25,14.07,GREEN,River Overflow / Stage Exceeded,0
44.13,72.95,30.09,5.02,1.31,8.16,GREEN,Normal Hydrological State,0
6.53,24.1,34.91,2.1,0.31,5.16,GREEN,Normal Hydrological State,0
6.52,70.93,53.22,8.29,4.37,23.45,GREEN,River Overflow / Stage Exceeded,0
0.0,24.07,9.92,2.99,0.49,5.02,GREEN,Normal Hydrological State,0
43.91,62.02,27.65,5.95,2.03,7.4,GREEN,Normal Hydrological State,0
2.65,42.53,50.32,7.23,6.19,54.57,YELLOW,Seismic GLOF Warning,1
25.28,73.42,34.13,5.94,2.34,6.83,GREEN,Normal Hydrological State,0
0.0,40.07,15.14,2.21,0.55,5.02,GREEN,Normal Hydrological State,0
1.86,47.22,54.31,11.02,7.31,98.98,RED,Seismic GLOF Warning,1
2.85,39.35,12.72,1.42,0.56,5.07,GREEN,Normal Hydrological State,0
10.13,24.07,27.96,2.19,0.5,5.2,GREEN,Normal Hydrological State,0
2.11,35.39,15.47,3.36,0.56,5.06,GREEN,Normal Hydrological State,0
15.76,14.74,44.04,1.87,1.15,5.26,GREEN,Normal Hydrological State,0
4.57,42.93,53.99,9.3,6.51,89.8,RED,Seismic GLOF Warning,1
2.6,45.49,27.96,3.4,0.0,5.11,GREEN,Normal Hydrological State,0
4.02,27.29,21.6,3.55,0.66,5.09,GREEN,Normal Hydrological State,0
3.41,30.22,8.4,0.76,1.54,5.05,GREEN,Normal Hydrological State,0
7.17,37.76,13.27,2.77,0.43,5.13,GREEN,Normal Hydrological State,0
3.36,20.38,27.27,2.05,0.0,5.07,GREEN,Normal Hydrological State,0
2.41,39.27,39.99,2.1,1.25,5.11,GREEN,Normal Hydrological State,0
1.19,42.78,43.69,1.92,1.63,5.07,GREEN,Normal Hydrological State,0
4.83,27.52,42.62,3.25,0.47,5.15,GREEN,Normal Hydrological State,0
1.61,48.35,30.21,2.9,0.08,5.08,GREEN,Normal Hydrological State,0
7.45,17.64,23.51,3.0,0.76,5.11,GREEN,Normal Hydrological State,0
3.74,21.12,7.28,1.8,1.71,5.04,GREEN,Normal Hydrological State,0
139.78,83.88,31.48,9.43,0.64,73.43,ORANGE,Cloudburst Flash Flood,1
4.23,40.38,38.47,7.26,4.92,17.72,GREEN,River Overflow / Stage Exceeded,0
0.02,35.76,59.17,10.13,7.47,98.79,RED,Seismic GLOF Warning,1
26.9,72.62,44.1,6.53,3.26,8.68,GREEN,Normal Hydrological State,0
33.29,64.22,48.89,5.56,3.0,7.85,GREEN,Normal Hydrological State,0
0.97,41.51,47.2,10.96,5.16,83.02,RED,Seismic GLOF Warning,1
37.96,54.7,37.81,6.02,1.32,7.28,GREEN,Normal Hydrological State,0
110.45,89.68,42.96,8.61,2.19,62.43,ORANGE,Cloudburst Flash Flood,1
0.0,64.51,33.33,8.73,5.99,52.52,YELLOW,Seismic GLOF Warning,1
42.72,69.55,32.84,4.18,2.71,8.09,GREEN,Normal Hydrological State,0
1.12,40.38,40.7,2.47,0.1,5.06,GREEN,Normal Hydrological State,0
0.0,75.43,61.53,9.95,6.15,92.84,RED,Seismic GLOF Warning,1
15.03,21.96,28.52,1.85,0.42,5.27,GREEN,Normal Hydrological State,0
26.43,60.21,32.31,5.75,2.07,6.48,GREEN,Normal Hydrological State,0
11.13,18.64,3.33,3.53,0.16,5.05,GREEN,Normal Hydrological State,0
3.07,38.87,37.77,4.49,1.73,5.13,GREEN,Normal Hydrological State,0
33.75,56.58,40.48,6.48,2.94,8.28,GREEN,Normal Hydrological State,0
0.0,37.48,35.21,1.97,0.3,5.02,GREEN,Normal Hydrological State,0
0.0,35.08,44.16,1.97,2.5,5.02,GREEN,Normal Hydrological State,0
95.47,78.56,53.03,10.81,1.48,87.32,RED,Cloudburst Flash Flood,1
0.97,67.49,34.52,10.42,6.13,82.89,RED,Seismic GLOF Warning,1
40.79,66.67,46.0,5.27,0.81,8.67,GREEN,Normal Hydrological State,0
4.77,38.28,16.96,2.51,0.56,5.11,GREEN,Normal Hydrological State,0
8.64,51.68,40.39,2.28,0.93,5.46,GREEN,Normal Hydrological State,0
55.64,64.17,40.15,6.82,2.35,12.74,GREEN,Normal Hydrological State,0
8.75,20.43,12.3,2.87,1.36,5.09,GREEN,Normal Hydrological State,0
28.59,62.93,19.3,7.04,1.82,9.06,GREEN,River Overflow / Stage Exceeded,0
0.0,14.51,24.55,0.63,0.49,5.02,GREEN,Normal Hydrological State,0
81.47,81.95,42.94,10.01,1.74,70.98,ORANGE,Cloudburst Flash Flood,1
3.78,29.01,29.63,3.06,0.32,5.11,GREEN,Normal Hydrological State,0
108.84,92.6,39.82,9.14,1.65,69.51,ORANGE,Cloudburst Flash Flood,1
57.96,68.16,22.52,5.52,0.69,8.12,GREEN,Normal Hydrological State,0
65.28,96.66,25.69,7.23,1.39,18.19,GREEN,River Overflow / Stage Exceeded,0
6.5,30.66,39.48,1.79,0.02,5.21,GREEN,Normal Hydrological State,0
2.07,30.27,21.9,3.58,0.5,5.06,GREEN,Normal Hydrological State,0
0.6,35.87,29.62,1.96,0.46,5.04,GREEN,Normal Hydrological State,0
0.41,53.82,52.93,12.14,5.27,94.85,RED,Seismic GLOF Warning,1
3.98,74.41,58.34,7.76,6.38,77.05,RED,Seismic GLOF Warning,1
42.17,57.6,36.87,4.34,1.86,7.67,GREEN,Normal Hydrological State,0
3.5,47.04,13.21,3.79,0.42,5.09,GREEN,Normal Hydrological State,0
60.09,76.72,20.69,5.41,1.9,8.48,GREEN,Normal Hydrological State,0
14.66,62.65,29.96,9.06,5.71,53.33,YELLOW,Seismic GLOF Warning,1
16.19,13.28,32.16,2.93,0.5,5.2,GREEN,Normal Hydrological State,0
104.42,91.37,33.87,10.73,1.01,85.59,RED,Cloudburst Flash Flood,1
80.06,100.0,34.28,6.72,1.86,22.13,GREEN,Cloudburst Flash Flood,0
51.58,62.24,24.58,5.96,1.19,7.63,GREEN,Normal Hydrological State,0
2.94,41.32,54.3,9.93,6.9,95.91,RED,Seismic GLOF Warning,1
3.49,44.14,6.31,2.17,0.98,5.06,GREEN,Normal Hydrological State,0
3.41,54.61,38.42,7.41,6.38,46.62,YELLOW,Seismic GLOF Warning,0
0.0,32.04,46.6,9.1,4.28,29.21,GREEN,River Overflow / Stage Exceeded,0
134.18,85.28,37.89,8.45,1.32,62.81,ORANGE,Cloudburst Flash Flood,1
0.0,50.3,47.24,8.03,5.48,42.64,YELLOW,Seismic GLOF Warning,0
47.23,70.36,18.68,4.71,3.4,7.14,GREEN,Normal Hydrological State,0
3.15,42.49,11.27,3.24,0.0,5.07,GREEN,Normal Hydrological State,0
4.33,17.99,16.37,2.21,0.67,5.06,GREEN,Normal Hydrological State,0
79.81,82.65,37.51,7.06,1.86,22.08,GREEN,Cloudburst Flash Flood,0
70.53,84.8,26.75,8.07,0.88,26.58,GREEN,Cloudburst Flash Flood,0
5.22,47.39,14.88,0.93,0.06,5.13,GREEN,Normal Hydrological State,0
7.34,40.86,10.93,2.82,0.32,5.13,GREEN,Normal Hydrological State,0
8.04,52.97,13.6,2.72,0.4,5.2,GREEN,Normal Hydrological State,0
4.15,42.94,31.97,2.8,0.79,5.17,GREEN,Normal Hydrological State,0
6.27,25.17,13.59,1.8,0.55,5.09,GREEN,Normal Hydrological State,0
2.03,49.79,20.67,3.33,0.16,5.08,GREEN,Normal Hydrological State,0
8.23,41.7,29.95,2.73,0.72,5.29,GREEN,Normal Hydrological State,0
4.05,37.16,7.12,2.21,0.46,5.06,GREEN,Normal Hydrological State,0
1.46,17.94,33.36,3.25,0.6,5.04,GREEN,Normal Hydrological State,0
6.02,20.85,20.72,4.0,0.0,5.09,GREEN,Normal Hydrological State,0
52.31,61.87,33.87,6.38,2.11,9.48,GREEN,Normal Hydrological State,0
150.51,83.54,44.84,10.27,1.3,91.59,RED,Cloudburst Flash Flood,1
0.0,48.31,30.86,8.03,7.18,58.94,ORANGE,Seismic GLOF Warning,1
0.0,49.79,10.53,1.44,2.04,5.02,GREEN,Normal Hydrological State,0
48.53,58.71,33.19,6.87,2.7,10.8,GREEN,Normal Hydrological State,0
3.79,37.15,22.07,2.5,0.23,5.11,GREEN,Normal Hydrological State,0
28.51,53.72,16.85,2.89,0.0,5.84,GREEN,Normal Hydrological State,0
69.78,97.34,44.43,6.67,1.25,21.9,GREEN,Saturated Soil Runoff,0
2.51,63.68,49.53,8.63,4.62,31.87,GREEN,River Overflow / Stage Exceeded,0
8.8,17.38,38.21,2.15,0.21,5.16,GREEN,Normal Hydrological State,0
11.63,30.6,11.2,3.43,0.5,5.15,GREEN,Normal Hydrological State,0
0.0,37.65,35.56,1.44,0.11,5.02,GREEN,Normal Hydrological State,0
1.93,53.18,13.3,2.63,1.1,5.06,GREEN,Normal Hydrological State,0
5.98,74.16,37.73,8.74,7.05,79.09,RED,Seismic GLOF Warning,1
64.91,99.3,48.76,6.79,1.69,23.08,GREEN,Saturated Soil Runoff,0
2.93,23.86,28.26,1.53,0.06,5.07,GREEN,Normal Hydrological State,0
86.81,97.01,39.09,10.27,2.09,79.47,RED,Cloudburst Flash Flood,1
2.26,38.94,30.29,1.96,0.21,5.09,GREEN,Normal Hydrological State,0
114.17,92.23,50.38,8.62,0.22,70.43,ORANGE,Cloudburst Flash Flood,1
9.18,30.15,6.97,2.51,0.26,5.09,GREEN,Normal Hydrological State,0
3.5,24.56,8.49,1.91,0.56,5.05,GREEN,Normal Hydrological State,0
10.45,21.11,46.62,2.07,0.29,5.25,GREEN,Normal Hydrological State,0
100.46,97.69,53.57,9.11,2.34,75.66,RED,Cloudburst Flash Flood,1
49.55,79.55,24.83,6.77,3.38,10.9,GREEN,Normal Hydrological State,0
36.03,73.24,32.99,5.98,3.29,7.69,GREEN,Normal Hydrological State,0
11.38,52.44,31.72,10.06,4.68,54.0,YELLOW,River Overflow / Stage Exceeded,1
5.22,38.88,14.59,2.47,0.16,5.11,GREEN,Normal Hydrological State,0
3.19,28.15,5.58,2.46,0.0,5.04,GREEN,Normal Hydrological State,0
11.96,26.92,9.13,3.98,0.19,5.12,GREEN,Normal Hydrological State,0
130.43,88.9,43.37,10.56,0.16,91.46,RED,Cloudburst Flash Flood,1
8.01,66.27,56.65,10.68,5.97,94.28,RED,Seismic GLOF Warning,1
13.48,53.17,20.26,1.32,1.06,5.45,GREEN,Normal Hydrological State,0
4.59,24.77,10.05,2.29,1.42,5.06,GREEN,Normal Hydrological State,0
3.11,26.77,58.57,11.14,4.5,76.12,RED,River Overflow / Stage Exceeded,1
0.0,52.07,18.49,1.55,0.5,5.02,GREEN,Normal Hydrological State,0
4.12,37.75,40.0,1.42,0.67,5.17,GREEN,Normal Hydrological State,0
6.12,34.87,21.33,2.97,0.14,5.15,GREEN,Normal Hydrological State,0
6.09,44.97,42.1,2.01,0.77,5.29,GREEN,Normal Hydrological State,0
4.22,52.65,37.28,11.19,6.75,94.96,RED,Seismic GLOF Warning,1
2.7,41.07,9.1,2.52,0.47,5.06,GREEN,Normal Hydrological State,0
3.47,28.77,19.1,3.41,1.71,5.08,GREEN,Normal Hydrological State,0
0.0,18.37,41.96,3.79,0.65,5.02,GREEN,Normal Hydrological State,0
0.41,50.4,7.98,3.06,1.69,5.03,GREEN,Normal Hydrological State,0
10.76,37.09,15.79,2.53,0.34,5.21,GREEN,Normal Hydrological State,0
9.95,52.91,36.76,3.53,0.8,5.51,GREEN,Normal Hydrological State,0
5.26,19.53,25.21,2.74,0.07,5.09,GREEN,Normal Hydrological State,0
52.81,74.5,33.24,6.12,2.0,9.68,GREEN,Normal Hydrological State,0
57.11,71.19,32.65,4.62,3.4,9.58,GREEN,Normal Hydrological State,0
1.98,16.21,24.87,2.83,0.12,5.04,GREEN,Normal Hydrological State,0
2.62,62.49,46.49,8.8,5.84,65.32,ORANGE,Seismic GLOF Warning,1
10.99,42.23,36.42,1.81,0.31,5.45,GREEN,Normal Hydrological State,0
13.22,55.97,45.87,2.6,0.51,5.84,GREEN,Normal Hydrological State,0
0.71,33.15,41.68,9.77,5.51,69.11,ORANGE,Seismic GLOF Warning,1
67.68,96.97,52.43,8.93,0.22,55.53,ORANGE,River Overflow / Stage Exceeded,1
0.0,41.88,11.51,2.36,0.03,5.02,GREEN,Normal Hydrological State,0
9.96,21.25,20.72,2.79,0.54,5.15,GREEN,Normal Hydrological State,0
103.72,98.77,39.32,7.61,1.02,45.09,YELLOW,Cloudburst Flash Flood,0
7.72,59.01,45.45,11.81,5.57,94.32,RED,Seismic GLOF Warning,1
109.82,72.71,37.23,8.44,1.42,46.14,YELLOW,Cloudburst Flash Flood,0
6.33,38.08,25.08,2.2,0.39,5.19,GREEN,Normal Hydrological State,0
29.11,79.03,38.66,5.12,2.54,7.6,GREEN,Normal Hydrological State,0
40.63,75.94,41.71,4.51,1.67,8.98,GREEN,Normal Hydrological State,0
11.73,23.4,37.7,2.5,0.92,5.27,GREEN,Normal Hydrological State,0
38.12,54.27,39.07,5.84,2.32,7.31,GREEN,Normal Hydrological State,0
2.66,29.34,14.51,3.38,0.0,5.06,GREEN,Normal Hydrological State,0
0.0,77.46,44.23,9.86,5.72,76.33,RED,Seismic GLOF Warning,1
72.72,93.76,43.7,10.79,0.34,82.89,RED,Cloudburst Flash Flood,1
4.11,15.35,10.44,3.52,0.17,5.04,GREEN,Normal Hydrological State,0
58.35,57.48,23.2,5.89,2.29,7.63,GREEN,Normal Hydrological State,0
0.55,37.4,35.23,10.12,5.74,73.87,ORANGE,Seismic GLOF Warning,1
140.25,80.79,29.26,8.31,1.25,51.28,YELLOW,Cloudburst Flash Flood,1
19.63,28.89,41.1,1.96,0.39,5.59,GREEN,Normal Hydrological State,0
119.21,77.46,26.72,6.66,1.91,20.76,GREEN,Cloudburst Flash Flood,0
14.0,47.65,18.08,3.27,1.97,5.38,GREEN,Normal Hydrological State,0
2.55,35.7,9.42,2.98,0.0,5.05,GREEN,Normal Hydrological State,0
2.63,32.48,7.18,2.87,0.58,5.04,GREEN,Normal Hydrological State,0
6.54,34.48,21.73,3.23,0.0,5.16,GREEN,Normal Hydrological State,0
52.67,67.79,35.37,4.88,1.29,9.16,GREEN,Normal Hydrological State,0
4.86,56.22,7.98,1.74,1.49,5.1,GREEN,Normal Hydrological State,0
2.66,36.21,31.48,3.41,0.33,5.1,GREEN,Normal Hydrological State,0
0.0,40.26,35.52,10.18,5.15,64.67,ORANGE,River Overflow / Stage Exceeded,1
7.1,33.28,32.59,7.71,5.64,30.12,GREEN,Seismic GLOF Warning,0
73.97,84.34,47.88,8.27,0.49,40.41,YELLOW,Cloudburst Flash Flood,0
0.85,17.43,17.5,2.84,0.55,5.03,GREEN,Normal Hydrological State,0
4.77,26.66,42.31,2.96,0.53,5.15,GREEN,Normal Hydrological State,0
5.34,14.09,30.95,2.11,0.45,5.08,GREEN,Normal Hydrological State,0
2.9,52.66,47.61,8.67,6.24,73.67,ORANGE,Seismic GLOF Warning,1
108.63,90.99,48.53,10.17,0.92,86.32,RED,Cloudburst Flash Flood,1
32.86,75.95,30.94,6.29,1.82,7.94,GREEN,Normal Hydrological State,0
12.66,61.49,46.24,11.22,6.94,97.94,RED,Seismic GLOF Warning,1
9.97,69.77,41.09,10.93,6.36,93.58,RED,Seismic GLOF Warning,1
10.56,21.01,3.48,1.63,1.04,5.05,GREEN,Normal Hydrological State,0
47.08,81.25,29.24,5.59,1.66,8.82,GREEN,Normal Hydrological State,0
4.02,47.85,18.73,0.98,0.12,5.13,GREEN,Normal Hydrological State,0
5.81,46.04,51.35,9.91,6.77,94.38,RED,Seismic GLOF Warning,1
6.87,19.86,18.61,2.94,2.6,5.09,GREEN,Normal Hydrological State,0
128.66,96.69,45.87,9.1,1.8,81.66,RED,Cloudburst Flash Flood,1
1.09,23.83,11.22,1.93,0.01,5.03,GREEN,Normal Hydrological State,0
102.18,83.54,27.28,8.44,0.3,40.91,YELLOW,Cloudburst Flash Flood,0
18.67,21.36,11.44,2.75,0.15,5.17,GREEN,Normal Hydrological State,0
6.0,50.64,10.91,1.37,0.0,5.13,GREEN,Normal Hydrological State,0
114.5,90.64,49.8,9.79,0.09,84.39,RED,Cloudburst Flash Flood,1
0.97,51.22,32.61,1.4,0.26,5.06,GREEN,Normal Hydrological State,0
5.26,30.6,41.45,2.88,0.21,5.18,GREEN,Normal Hydrological State,0
9.08,27.69,13.29,3.45,0.47,5.13,GREEN,Normal Hydrological State,0
5.59,45.99,56.09,8.41,7.26,93.42,RED,Seismic GLOF Warning,1
1.83,35.25,44.35,1.95,1.3,5.09,GREEN,Normal Hydrological State,0
39.08,69.67,28.09,5.85,3.04,7.43,GREEN,Normal Hydrological State,0
2.4,39.41,5.63,2.03,0.39,5.04,GREEN,Normal Hydrological State,0
6.84,17.02,14.32,3.26,0.09,5.07,GREEN,Normal Hydrological State,0
0.0,47.62,36.93,9.84,5.66,69.36,ORANGE,Seismic GLOF Warning,1
11.3,33.95,5.18,3.18,0.26,5.1,GREEN,Normal Hydrological State,0
44.19,72.23,44.73,5.11,1.41,9.4,GREEN,Normal Hydrological State,0
52.53,76.33,37.82,4.92,2.72,10.15,GREEN,Normal Hydrological State,0
10.29,44.35,24.89,3.02,0.59,5.33,GREEN,Normal Hydrological State,0
0.05,34.73,9.92,2.52,1.72,5.02,GREEN,Normal Hydrological State,0
64.49,87.83,42.05,8.97,0.22,46.92,YELLOW,River Overflow / Stage Exceeded,0
13.41,65.53,50.59,9.01,4.74,45.65,YELLOW,River Overflow / Stage Exceeded,0
73.36,91.1,42.48,7.63,1.73,30.77,GREEN,Cloudburst Flash Flood,0
33.95,70.63,41.22,5.49,3.06,7.88,GREEN,Normal Hydrological State,0
2.36,43.32,34.39,2.47,0.58,5.11,GREEN,Normal Hydrological State,0
40.35,64.16,24.88,6.67,0.61,8.79,GREEN,Normal Hydrological State,0
1.6,73.61,49.79,9.1,6.04,76.98,RED,Seismic GLOF Warning,1
9.58,15.04,14.8,3.37,0.33,5.09,GREEN,Normal Hydrological State,0
2.59,27.13,23.75,2.21,0.96,5.07,GREEN,Normal Hydrological State,0
14.35,36.62,45.06,1.81,0.55,5.58,GREEN,Normal Hydrological State,0
3.35,20.46,32.11,2.18,0.74,5.08,GREEN,Normal Hydrological State,0
6.42,39.46,8.95,1.74,0.33,5.1,GREEN,Normal Hydrological State,0
0.83,34.22,31.08,2.05,0.4,5.04,GREEN,Normal Hydrological State,0
1.08,31.68,11.02,1.22,0.08,5.03,GREEN,Normal Hydrological State,0
6.31,39.43,36.48,3.18,1.36,5.24,GREEN,Normal Hydrological State,0
1.92,32.54,30.93,8.68,4.82,29.29,GREEN,River Overflow / Stage Exceeded,0
36.85,75.87,43.97,5.28,0.97,8.66,GREEN,Normal Hydrological State,0
0.83,42.0,20.01,3.79,0.18,5.04,GREEN,Normal Hydrological State,0
39.0,58.94,28.0,6.81,2.84,9.27,GREEN,Normal Hydrological State,0
4.16,18.73,16.11,2.4,0.0,5.06,GREEN,Normal Hydrological State,0
32.05,72.57,29.22,5.83,3.37,7.09,GREEN,Normal Hydrological State,0
33.17,71.7,44.75,6.79,2.87,10.51,GREEN,Normal Hydrological State,0
130.19,89.32,53.66,9.8,1.45,88.97,RED,Cloudburst Flash Flood,1
1.98,44.04,6.0,4.33,0.03,5.04,GREEN,Normal Hydrological State,0
0.99,36.68,8.4,2.75,0.51,5.03,GREEN,Normal Hydrological State,0
7.47,44.84,36.76,2.32,1.17,5.33,GREEN,Normal Hydrological State,0
11.42,28.97,34.44,3.94,0.65,5.31,GREEN,Normal Hydrological State,0
1.45,57.53,44.79,10.27,5.05,69.87,ORANGE,River Overflow / Stage Exceeded,1
2.74,27.89,34.83,2.82,0.4,5.09,GREEN,Normal Hydrological State,0
98.87,77.84,46.23,9.92,1.24,75.22,RED,Cloudburst Flash Flood,1
2.32,47.68,26.93,2.98,0.28,5.1,GREEN,Normal Hydrological State,0
3.68,15.73,33.98,3.31,0.63,5.07,GREEN,Normal Hydrological State,0
44.17,62.58,17.98,4.93,1.35,6.67,GREEN,Normal Hydrological State,0
2.39,40.16,29.86,3.28,0.18,5.1,GREEN,Normal Hydrological State,0
45.21,63.02,25.25,6.6,2.85,8.87,GREEN,Normal Hydrological State,0
40.87,67.83,37.09,5.44,0.86,8.15,GREEN,Normal Hydrological State,0
0.0,34.16,30.69,1.8,0.41,5.02,GREEN,Normal Hydrological State,0
20.08,53.52,44.45,3.26,0.35,6.22,GREEN,Normal Hydrological State,0
8.44,41.47,8.76,1.23,0.7,5.13,GREEN,Normal Hydrological State,0
4.25,16.48,16.53,2.31,0.5,5.06,GREEN,Normal Hydrological State,0
0.35,49.24,51.68,8.11,5.54,49.67,YELLOW,Seismic GLOF Warning,0
1.77,29.38,43.32,2.29,2.29,5.07,GREEN,Normal Hydrological State,0
27.9,61.15,28.25,4.39,0.57,6.43,GREEN,Normal Hydrological State,0
0.0,31.29,57.9,11.79,6.73,99.0,RED,Seismic GLOF Warning,1
1.6,30.0,6.89,4.09,0.22,5.03,GREEN,Normal Hydrological State,0
63.82,79.58,26.63,7.89,2.04,22.02,GREEN,River Overflow / Stage Exceeded,0
0.58,43.32,20.95,0.96,0.03,5.04,GREEN,Normal Hydrological State,0
33.25,61.42,13.96,6.24,1.22,6.34,GREEN,Normal Hydrological State,0
3.19,16.22,17.72,3.27,0.44,5.05,GREEN,Normal Hydrological State,0
143.77,86.03,30.11,11.39,1.0,93.49,RED,Cloudburst Flash Flood,1
1.16,16.14,37.71,3.24,0.57,5.04,GREEN,Normal Hydrological State,0
16.72,30.7,9.88,1.46,0.18,5.19,GREEN,Normal Hydrological State,0
51.74,64.05,24.12,5.28,1.3,7.68,GREEN,Normal Hydrological State,0
120.26,86.47,39.03,10.8,1.91,89.83,RED,Cloudburst Flash Flood,1
0.0,65.04,35.48,10.9,6.39,90.27,RED,Seismic GLOF Warning,1
137.43,80.28,51.03,6.81,1.46,47.29,YELLOW,Cloudburst Flash Flood,0
40.99,56.81,31.45,6.45,2.13,8.26,GREEN,Normal Hydrological State,0
0.0,53.3,40.75,7.06,4.58,12.46,GREEN,River Overflow / Stage Exceeded,0
37.15,76.94,45.35,4.55,0.76,8.86,GREEN,Normal Hydrological State,0
8.6,52.93,36.02,3.44,1.23,5.43,GREEN,Normal Hydrological State,0
30.63,57.65,23.98,6.26,0.87,6.73,GREEN,Normal Hydrological State,0
0.0,43.97,44.41,4.49,0.03,5.02,GREEN,Normal Hydrological State,0
6.31,21.93,19.18,2.28,0.26,5.1,GREEN,Normal Hydrological State,0
109.33,94.3,53.55,9.7,0.85,84.52,RED,Cloudburst Flash Flood,1
30.8,72.46,25.01,5.21,3.07,6.75,GREEN,Normal Hydrological State,0
29.87,65.34,29.9,5.08,2.98,6.74,GREEN,Normal Hydrological State,0
5.8,56.41,8.93,2.59,0.02,5.12,GREEN,Normal Hydrological State,0
0.07,36.19,6.97,2.93,0.73,5.02,GREEN,Normal Hydrological State,0
16.19,36.63,8.85,2.25,0.27,5.2,GREEN,Normal Hydrological State,0
7.23,35.64,32.09,7.98,7.5,66.9,ORANGE,Seismic GLOF Warning,1
0.0,57.5,35.15,9.25,4.9,41.79,YELLOW,River Overflow / Stage Exceeded,0
0.0,68.2,49.01,8.73,7.07,88.75,RED,Seismic GLOF Warning,1
2.59,47.33,55.3,9.09,5.21,59.99,ORANGE,Seismic GLOF Warning,1
11.24,52.42,43.2,2.6,2.04,5.64,GREEN,Normal Hydrological State,0
5.91,37.95,8.12,3.0,0.22,5.08,GREEN,Normal Hydrological State,0
5.62,45.1,11.86,3.98,0.67,5.12,GREEN,Normal Hydrological State,0
12.76,56.35,11.29,2.27,2.9,5.29,GREEN,Normal Hydrological State,0
13.79,23.47,9.84,2.86,0.12,5.13,GREEN,Normal Hydrological State,0
2.49,50.89,9.31,4.23,0.18,5.06,GREEN,Normal Hydrological State,0
55.79,78.5,25.74,5.22,1.87,9.02,GREEN,Normal Hydrological State,0
26.77,74.93,33.13,6.42,1.08,7.84,GREEN,Normal Hydrological State,0
3.26,46.35,8.06,2.62,0.9,5.06,GREEN,Normal Hydrological State,0
34.85,72.71,34.94,6.39,3.46,8.58,GREEN,Normal Hydrological State,0
39.17,73.01,33.61,5.56,2.28,8.01,GREEN,Normal Hydrological State,0
1.8,54.92,46.42,8.87,7.28,90.26,RED,Seismic GLOF Warning,1
7.11,15.58,23.67,2.76,0.95,5.09,GREEN,Normal Hydrological State,0
66.32,97.54,29.24,11.8,0.01,88.63,RED,River Overflow / Stage Exceeded,1
0.0,56.06,20.13,0.94,0.4,5.02,GREEN,Normal Hydrological State,0
143.68,85.8,30.04,9.69,2.09,77.77,RED,Cloudburst Flash Flood,1
1.91,47.84,32.57,11.44,4.5,75.3,RED,River Overflow / Stage Exceeded,1
29.72,67.85,32.49,5.34,2.84,6.94,GREEN,Normal Hydrological State,0
1.91,53.04,19.76,2.45,0.26,5.08,GREEN,Normal Hydrological State,0
22.21,40.48,13.04,1.52,0.49,5.4,GREEN,Normal Hydrological State,0
4.1,35.02,24.22,2.17,0.2,5.12,GREEN,Normal Hydrological State,0
1.41,56.86,53.39,7.48,5.58,43.0,YELLOW,Seismic GLOF Warning,0
5.95,38.19,35.51,3.22,0.25,5.22,GREEN,Normal Hydrological State,0
1.93,41.0,22.73,2.56,1.68,5.07,GREEN,Normal Hydrological State,0
74.05,76.91,39.82,9.84,1.8,62.2,ORANGE,Cloudburst Flash Flood,1
1.7,25.91,26.64,1.78,0.65,5.05,GREEN,Normal Hydrological State,0
4.22,35.25,7.17,2.81,0.3,5.06,GREEN,Normal Hydrological State,0
0.0,64.89,37.44,10.24,5.86,79.06,RED,Seismic GLOF Warning,1
4.5,42.0,23.22,2.22,2.86,5.14,GREEN,Normal Hydrological State,0
5.68,48.36,30.4,2.35,0.17,5.24,GREEN,Normal Hydrological State,0
1.97,47.46,20.62,2.47,0.66,5.08,GREEN,Normal Hydrological State,0
7.34,46.19,39.69,3.48,0.33,5.35,GREEN,Normal Hydrological State,0
101.96,79.35,37.81,7.25,1.91,29.57,GREEN,Cloudburst Flash Flood,0
2.61,46.66,37.38,3.06,0.78,5.13,GREEN,Normal Hydrological State,0
10.88,14.02,22.81,2.7,0.16,5.12,GREEN,Normal Hydrological State,0
10.75,15.17,7.15,3.48,1.05,5.06,GREEN,Normal Hydrological State,0
0.0,64.1,43.99,10.4,4.48,58.02,ORANGE,River Overflow / Stage Exceeded,1
5.04,38.55,15.6,3.4,0.25,5.11,GREEN,Normal Hydrological State,0
2.05,76.62,49.17,10.45,6.53,94.35,RED,Seismic GLOF Warning,1
4.32,39.64,19.18,3.06,0.31,5.12,GREEN,Normal Hydrological State,0
145.39,95.92,31.22,7.16,0.09,46.49,YELLOW,Cloudburst Flash Flood,0
0.0,59.3,39.71,10.57,6.0,86.21,RED,Seismic GLOF Warning,1
4.58,37.99,32.89,2.67,0.24,5.17,GREEN,Normal Hydrological State,0
5.92,51.65,39.27,2.46,0.25,5.31,GREEN,Normal Hydrological State,0
82.8,87.81,29.39,11.01,1.98,81.67,RED,Cloudburst Flash Flood,1
4.76,43.36,13.08,1.93,0.34,5.11,GREEN,Normal Hydrological State,0
1.39,52.45,45.03,11.14,7.12,97.71,RED,Seismic GLOF Warning,1
140.7,93.78,28.73,8.17,0.97,55.57,ORANGE,Cloudburst Flash Flood,1
67.13,87.73,55.02,8.8,0.78,50.15,YELLOW,River Overflow / Stage Exceeded,1
18.41,40.58,16.9,3.69,0.04,5.41,GREEN,Normal Hydrological State,0
14.1,29.46,13.45,1.44,0.33,5.2,GREEN,Normal Hydrological State,0
0.0,21.14,22.93,1.85,0.0,5.02,GREEN,Normal Hydrological State,0
105.77,81.66,35.36,11.42,0.01,90.54,RED,Cloudburst Flash Flood,1
81.14,87.82,40.35,9.61,0.42,64.93,ORANGE,Cloudburst Flash Flood,1
0.0,48.36,45.9,8.42,7.42,88.01,RED,Seismic GLOF Warning,1
55.28,64.31,48.0,5.83,3.43,10.39,GREEN,Normal Hydrological State,0
43.57,74.97,50.3,4.83,2.76,9.99,GREEN,Normal Hydrological State,0
7.34,32.55,41.84,2.16,0.73,5.26,GREEN,Normal Hydrological State,0
5.98,45.16,29.66,3.87,0.87,5.23,GREEN,Normal Hydrological State,0
98.64,86.03,34.37,8.03,1.53,39.55,YELLOW,Cloudburst Flash Flood,0
0.0,69.09,51.15,7.25,5.67,40.1,YELLOW,Seismic GLOF Warning,0
59.85,68.37,29.95,5.29,2.71,9.26,GREEN,Normal Hydrological State,0
0.96,37.64,30.49,9.05,7.07,72.56,ORANGE,Seismic GLOF Warning,1
24.69,70.31,29.53,6.46,1.25,7.47,GREEN,Normal Hydrological State,0
0.84,39.99,37.78,1.91,1.35,5.05,GREEN,Normal Hydrological State,0
5.88,35.1,33.59,1.58,0.66,5.2,GREEN,Normal Hydrological State,0
4.97,25.6,32.26,2.21,0.47,5.12,GREEN,Normal Hydrological State,0
8.55,36.51,42.52,3.84,1.01,5.33,GREEN,Normal Hydrological State,0
58.83,63.41,17.21,4.25,1.31,7.27,GREEN,Normal Hydrological State,0
26.53,59.76,42.69,6.45,2.19,7.79,GREEN,Normal Hydrological State,0
0.68,32.39,59.8,9.45,6.65,94.2,RED,Seismic GLOF Warning,1
13.7,35.63,11.81,2.03,1.58,5.21,GREEN,Normal Hydrological State,0
30.89,58.1,43.94,6.3,1.7,7.73,GREEN,Normal Hydrological State,0
53.06,79.0,16.87,6.54,2.82,8.91,GREEN,Normal Hydrological State,0
31.66,58.7,24.78,5.14,1.36,6.41,GREEN,Normal Hydrological State,0
119.59,98.13,53.75,7.96,0.95,68.87,ORANGE,Cloudburst Flash Flood,1
30.73,55.4,35.87,6.19,0.85,7.02,GREEN,Normal Hydrological State,0
122.09,93.58,32.25,10.37,1.6,85.13,RED,Cloudburst Flash Flood,1
0.0,47.52,52.38,9.09,5.45,64.27,ORANGE,Seismic GLOF Warning,1
0.0,20.79,30.24,1.9,0.22,5.02,GREEN,Normal Hydrological State,0
1.33,16.62,32.68,0.54,0.18,5.04,GREEN,Normal Hydrological State,0
15.87,17.56,30.07,2.81,0.0,5.24,GREEN,Normal Hydrological State,0
3.27,23.58,28.42,2.65,1.51,5.08,GREEN,Normal Hydrological State,0
0.0,43.47,9.55,1.33,0.53,5.02,GREEN,Normal Hydrological State,0
55.48,78.55,25.14,6.1,1.62,9.07,GREEN,Normal Hydrological State,0
1.21,34.4,32.93,0.91,0.16,5.06,GREEN,Normal Hydrological State,0
12.63,28.01,4.81,3.86,0.03,5.09,GREEN,Normal Hydrological State,0
2.64,15.87,31.1,1.67,0.44,5.05,GREEN,Normal Hydrological State,0
53.55,75.25,41.18,6.27,0.91,11.33,GREEN,Normal Hydrological State,0
0.0,52.09,24.43,3.1,0.11,5.02,GREEN,Normal Hydrological State,0
13.07,39.83,45.83,3.38,0.1,5.58,GREEN,Normal Hydrological State,0
1.45,50.04,12.83,2.91,0.07,5.05,GREEN,Normal Hydrological State,0
5.45,23.54,20.91,1.8,0.17,5.1,GREEN,Normal Hydrological State,0
4.63,38.13,53.17,10.09,6.67,94.97,RED,Seismic GLOF Warning,1
9.72,39.88,26.3,2.08,0.75,5.3,GREEN,Normal Hydrological State,0
7.51,20.41,33.14,3.25,1.1,5.15,GREEN,Normal Hydrological State,0
7.48,60.95,32.53,10.71,4.94,70.74,ORANGE,River Overflow / Stage Exceeded,1
6.92,51.52,26.92,2.13,0.14,5.28,GREEN,Normal Hydrological State,0
26.46,42.22,39.11,2.96,0.0,6.16,GREEN,Normal Hydrological State,0
6.64,23.76,31.59,3.56,0.41,5.15,GREEN,Normal Hydrological State,0
0.0,22.71,23.5,1.17,0.98,5.02,GREEN,Normal Hydrological State,0
45.04,70.62,30.07,4.86,0.81,8.11,GREEN,Normal Hydrological State,0
148.88,84.26,54.43,7.88,0.13,72.28,ORANGE,Cloudburst Flash Flood,1
47.53,68.44,39.54,4.77,1.43,9.07,GREEN,Normal Hydrological State,0
1.43,26.93,23.11,1.9,0.19,5.05,GREEN,Normal Hydrological State,0
3.19,36.36,13.15,3.18,0.35,5.07,GREEN,Normal Hydrological State,0
46.6,77.73,25.52,6.55,0.56,9.65,GREEN,Normal Hydrological State,0
34.24,71.66,42.26,5.42,3.07,8.02,GREEN,Normal Hydrological State,0
7.39,25.56,30.98,0.99,0.15,5.17,GREEN,Normal Hydrological State,0
36.49,62.25,15.3,5.46,2.1,6.18,GREEN,Normal Hydrological State,0
37.65,68.69,27.14,5.35,1.77,7.22,GREEN,Normal Hydrological State,0
116.63,78.86,37.29,7.43,0.0,36.05,YELLOW,Cloudburst Flash Flood,0
45.72,64.58,40.28,5.14,1.46,8.65,GREEN,Normal Hydrological State,0
106.6,93.91,42.39,11.1,2.35,92.14,RED,Cloudburst Flash Flood,1
24.84,37.38,17.4,1.79,0.3,5.51,GREEN,Normal Hydrological State,0
0.07,29.92,36.54,2.65,0.51,5.02,GREEN,Normal Hydrological State,0
1.0,52.02,39.24,1.23,0.37,5.07,GREEN,Normal Hydrological State,0
2.45,51.3,36.28,3.32,0.75,5.13,GREEN,Normal Hydrological State,0
4.43,45.32,26.1,1.64,0.0,5.16,GREEN,Normal Hydrological State,0
0.0,46.45,30.97,2.42,0.18,5.02,GREEN,Normal Hydrological State,0
51.3,56.92,16.77,5.03,0.51,6.68,GREEN,Normal Hydrological State,0
89.01,87.06,28.24,8.91,1.83,46.82,YELLOW,Cloudburst Flash Flood,0
32.85,57.1,41.91,4.86,2.32,7.18,GREEN,Normal Hydrological State,0
81.21,70.38,25.24,8.34,0.47,28.76,GREEN,Cloudburst Flash Flood,0
0.0,42.84,22.74,1.32,0.0,5.02,GREEN,Normal Hydrological State,0
3.51,45.66,23.15,3.07,0.0,5.12,GREEN,Normal Hydrological State,0
1.91,40.26,41.8,2.98,0.72,5.1,GREEN,Normal Hydrological State,0
3.26,64.96,54.91,10.69,7.34,98.79,RED,Seismic GLOF Warning,1
12.81,48.83,16.55,2.86,1.05,5.34,GREEN,Normal Hydrological State,0
10.5,43.97,21.08,4.03,1.02,5.3,GREEN,Normal Hydrological State,0
0.55,50.09,37.08,8.45,6.52,63.18,ORANGE,Seismic GLOF Warning,1
1.81,61.52,40.04,8.45,5.49,44.17,YELLOW,Seismic GLOF Warning,0
6.89,54.86,43.01,3.02,0.34,5.41,GREEN,Normal Hydrological State,0
7.77,26.03,16.84,1.52,0.96,5.12,GREEN,Normal Hydrological State,0
6.27,16.8,25.22,2.83,0.9,5.09,GREEN,Normal Hydrological State,0
117.62,95.93,42.74,8.56,1.24,67.83,ORANGE,Cloudburst Flash Flood,1
3.58,28.94,42.56,2.7,0.01,5.12,GREEN,Normal Hydrological State,0
0.0,28.48,27.3,2.42,1.21,5.02,GREEN,Normal Hydrological State,0
4.22,47.48,20.36,3.57,1.29,5.14,GREEN,Normal Hydrological State,0
5.66,51.74,42.26,3.1,1.0,5.31,GREEN,Normal Hydrological State,0
6.04,35.65,49.79,8.82,5.57,62.09,ORANGE,Seismic GLOF Warning,1
41.36,72.92,20.22,6.21,1.29,7.41,GREEN,Normal Hydrological State,0
7.66,22.13,39.47,1.82,0.12,5.18,GREEN,Normal Hydrological State,0
43.03,58.53,48.57,6.44,1.89,9.62,GREEN,Normal Hydrological State,0
6.19,34.24,25.32,1.74,1.8,5.17,GREEN,Normal Hydrological State,0
5.19,31.67,39.75,11.66,5.6,91.85,RED,Seismic GLOF Warning,1
0.05,47.55,21.77,3.56,0.02,5.02,GREEN,Normal Hydrological State,0
4.46,45.56,18.96,3.9,0.69,5.13,GREEN,Normal Hydrological State,0
6.0,28.97,26.4,3.63,0.69,5.14,GREEN,Normal Hydrological State,0
1.24,26.19,16.77,2.93,0.24,5.04,GREEN,Normal Hydrological State,0
9.06,46.08,21.82,4.04,0.17,5.28,GREEN,Normal Hydrological State,0
0.0,31.38,28.46,2.48,0.0,5.02,GREEN,Normal Hydrological State,0
52.95,55.28,20.69,5.27,2.04,7.02,GREEN,Normal Hydrological State,0
9.81,44.63,32.35,3.15,0.53,5.39,GREEN,Normal Hydrological State,0
1.14,24.05,26.62,2.24,1.04,5.04,GREEN,Normal Hydrological State,0
125.61,85.93,27.91,11.04,2.26,88.23,RED,Cloudburst Flash Flood,1
15.85,43.97,18.5,3.68,1.99,5.41,GREEN,Normal Hydrological State,0
34.69,53.87,46.64,5.37,2.26,7.35,GREEN,Normal Hydrological State,0
2.21,51.21,19.25,2.31,0.45,5.08,GREEN,Normal Hydrological State,0
5.67,47.96,16.34,2.59,1.06,5.15,GREEN,Normal Hydrological State,0
70.27,75.9,38.68,6.76,1.46,16.34,GREEN,Cloudburst Flash Flood,0
4.14,50.86,35.23,3.16,1.15,5.21,GREEN,Normal Hydrological State,0
31.22,80.38,48.81,6.24,1.12,8.96,GREEN,Normal Hydrological State,0
7.21,18.32,5.82,2.54,0.59,5.05,GREEN,Normal Hydrological State,0
41.88,62.3,38.43,5.69,0.74,8.01,GREEN,Normal Hydrological State,0
50.12,59.5,25.04,5.73,2.71,7.45,GREEN,Normal Hydrological State,0
8.61,28.78,8.66,2.41,0.62,5.09,GREEN,Normal Hydrological State,0
9.98,50.63,5.93,1.37,1.52,5.13,GREEN,Normal Hydrological State,0
8.83,16.73,22.43,3.86,0.17,5.11,GREEN,Normal Hydrological State,0
22.81,73.02,19.01,6.29,1.44,6.47,GREEN,Normal Hydrological State,0
1.44,31.31,24.99,1.83,0.24,5.05,GREEN,Normal Hydrological State,0
4.05,42.2,52.78,8.75,6.26,79.95,RED,Seismic GLOF Warning,1
3.28,39.0,17.15,1.61,0.42,5.09,GREEN,Normal Hydrological State,0
2.29,23.47,17.67,2.61,1.0,5.05,GREEN,Normal Hydrological State,0
9.54,42.1,24.98,2.49,0.51,5.3,GREEN,Normal Hydrological State,0
7.54,34.51,23.74,3.08,0.25,5.19,GREEN,Normal Hydrological State,0
95.55,80.6,31.22,10.64,0.88,78.73,RED,Cloudburst Flash Flood,1
4.17,54.08,35.36,4.14,0.0,5.22,GREEN,Normal Hydrological State,0
9.34,37.55,25.87,4.67,1.3,5.27,GREEN,Normal Hydrological State,0
18.8,32.07,30.3,3.38,0.21,5.51,GREEN,Normal Hydrological State,0
6.87,17.55,6.9,4.11,0.27,5.05,GREEN,Normal Hydrological State,0
35.25,56.5,22.15,6.47,3.02,7.36,GREEN,Normal Hydrological State,0
5.1,27.58,19.67,2.37,1.22,5.1,GREEN,Normal Hydrological State,0
16.23,52.57,46.63,11.03,6.06,94.19,RED,Seismic GLOF Warning,1
6.77,12.46,23.97,1.39,0.09,5.08,GREEN,Normal Hydrological State,0
53.78,60.94,33.91,6.56,0.93,10.21,GREEN,Normal Hydrological State,0
2.24,19.75,25.15,4.35,0.1,5.05,GREEN,Normal Hydrological State,0
12.21,35.88,24.78,3.11,0.53,5.32,GREEN,Normal Hydrological State,0
1.43,39.09,23.71,3.86,0.0,5.06,GREEN,Normal Hydrological State,0
7.15,16.52,15.66,2.6,0.0,5.08,GREEN,Normal Hydrological State,0
0.0,41.65,28.68,1.79,0.91,5.02,GREEN,Normal Hydrological State,0
2.76,34.01,13.5,1.46,0.4,5.06,GREEN,Normal Hydrological State,0
5.81,31.0,30.63,2.94,0.77,5.16,GREEN,Normal Hydrological State,0
4.04,63.69,33.0,11.75,5.02,86.08,RED,River Overflow / Stage Exceeded,1
1.48,35.95,12.48,2.29,0.36,5.04,GREEN,Normal Hydrological State,0
7.28,34.29,14.37,3.11,0.53,5.13,GREEN,Normal Hydrological State,0
17.9,25.7,12.02,2.7,0.22,5.2,GREEN,Normal Hydrological State,0
7.11,25.13,42.87,1.63,0.33,5.2,GREEN,Normal Hydrological State,0
3.54,25.59,31.82,2.42,0.98,5.09,GREEN,Normal Hydrological State,0
42.32,62.4,16.79,4.42,2.99,6.5,GREEN,Normal Hydrological State,0
3.66,52.3,9.4,2.22,0.55,5.08,GREEN,Normal Hydrological State,0
9.94,18.26,36.28,1.42,0.16,5.18,GREEN,Normal Hydrological State,0
2.53,17.6,39.92,1.62,0.54,5.06,GREEN,Normal Hydrological State,0
48.83,72.74,25.3,6.09,2.28,8.18,GREEN,Normal Hydrological State,0
131.25,88.09,50.12,11.1,2.34,95.45,RED,Cloudburst Flash Flood,1
138.71,84.86,38.49,8.23,0.28,61.35,ORANGE,Cloudburst Flash Flood,1
4.14,19.25,42.04,2.86,0.15,5.1,GREEN,Normal Hydrological State,0
2.55,18.38,25.73,1.85,0.4,5.05,GREEN,Normal Hydrological State,0
5.67,43.31,34.48,2.04,0.66,5.23,GREEN,Normal Hydrological State,0
7.0,34.68,19.93,1.01,0.0,5.16,GREEN,Normal Hydrological State,0
39.96,79.44,48.04,6.4,1.2,10.76,GREEN,Normal Hydrological State,0
3.46,51.06,17.23,2.87,0.21,5.11,GREEN,Normal Hydrological State,0
8.76,24.96,35.28,2.04,0.15,5.21,GREEN,Normal Hydrological State,0
0.82,66.18,34.3,7.88,5.34,28.06,GREEN,River Overflow / Stage Exceeded,0
34.0,65.16,45.18,6.31,1.9,8.46,GREEN,Normal Hydrological State,0
0.75,49.2,17.74,2.34,0.27,5.04,GREEN,Normal Hydrological State,0
25.17,64.38,16.11,6.87,1.06,8.01,GREEN,Normal Hydrological State,0
3.3,39.11,11.2,1.62,0.06,5.07,GREEN,Normal Hydrological State,0
2.41,70.43,33.99,8.26,4.92,26.57,GREEN,River Overflow / Stage Exceeded,0
57.53,60.32,16.67,6.81,0.91,9.32,GREEN,Normal Hydrological State,0
6.36,16.62,41.87,3.4,1.38,5.12,GREEN,Normal Hydrological State,0
77.46,86.56,37.87,9.13,0.22,52.81,YELLOW,Cloudburst Flash Flood,1
7.17,29.96,15.49,2.29,0.33,5.12,GREEN,Normal Hydrological State,0
92.38,91.19,45.44,10.98,0.88,89.22,RED,Cloudburst Flash Flood,1
8.24,33.38,32.33,3.0,0.17,5.25,GREEN,Normal Hydrological State,0
2.4,46.11,22.09,2.06,0.79,5.09,GREEN,Normal Hydrological State,0
7.35,21.09,43.13,3.61,0.1,5.18,GREEN,Normal Hydrological State,0
7.57,56.51,29.59,2.31,0.46,5.36,GREEN,Normal Hydrological State,0
73.54,99.32,32.64,7.42,0.65,25.83,GREEN,Cloudburst Flash Flood,0
2.49,28.43,40.68,1.77,0.02,5.09,GREEN,Normal Hydrological State,0
6.76,21.22,25.23,4.42,0.9,5.12,GREEN,Normal Hydrological State,0
57.5,62.79,33.24,6.99,2.54,12.85,GREEN,Normal Hydrological State,0
6.3,56.89,51.53,7.35,7.37,85.72,RED,Seismic GLOF Warning,1
0.0,31.3,36.14,10.96,4.82,72.87,ORANGE,River Overflow / Stage Exceeded,1
0.0,59.62,42.15,7.74,7.12,72.23,ORANGE,Seismic GLOF Warning,1
5.56,16.87,22.59,1.59,0.63,5.08,GREEN,Normal Hydrological State,0
2.28,21.5,11.64,3.46,2.65,5.04,GREEN,Normal Hydrological State,0
6.18,24.6,15.88,3.95,1.09,5.09,GREEN,Normal Hydrological State,0
84.78,91.28,29.05,7.69,0.22,28.43,GREEN,Cloudburst Flash Flood,0
149.59,74.94,28.15,10.03,1.79,77.75,RED,Cloudburst Flash Flood,1
1.44,16.13,28.62,4.41,0.71,5.04,GREEN,Normal Hydrological State,0
46.92,64.74,41.03,5.29,1.33,8.85,GREEN,Normal Hydrological State,0
102.41,86.28,53.72,9.29,2.45,73.93,ORANGE,Cloudburst Flash Flood,1
131.98,90.29,46.13,9.97,0.0,88.64,RED,Cloudburst Flash Flood,1
141.63,81.13,33.62,8.99,0.87,67.73,ORANGE,Cloudburst Flash Flood,1
0.0,52.96,20.95,2.21,0.52,5.02,GREEN,Normal Hydrological State,0
17.43,52.75,26.59,2.76,0.22,5.71,GREEN,Normal Hydrological State,0
9.88,44.47,15.65,2.87,0.57,5.23,GREEN,Normal Hydrological State,0
5.24,24.57,18.12,2.42,0.0,5.09,GREEN,Normal Hydrological State,0
2.9,55.61,61.06,9.93,6.21,93.32,RED,Seismic GLOF Warning,1
2.23,25.48,9.78,2.89,0.44,5.04,GREEN,Normal Hydrological State,0
1.8,49.6,42.15,3.43,0.19,5.11,GREEN,Normal Hydrological State,0
6.71,39.54,24.28,3.99,0.13,5.2,GREEN,Normal Hydrological State,0
50.02,74.67,25.93,7.07,1.1,12.37,GREEN,River Overflow / Stage Exceeded,0
8.19,41.58,14.46,2.63,1.81,5.17,GREEN,Normal Hydrological State,0
33.46,53.72,18.75,5.49,2.44,6.08,GREEN,Normal Hydrological State,0
16.95,49.09,9.97,4.28,0.24,5.3,GREEN,Normal Hydrological State,0
0.0,29.54,39.25,2.53,0.33,5.02,GREEN,Normal Hydrological State,0
22.85,36.86,17.59,3.61,1.02,5.47,GREEN,Normal Hydrological State,0
0.78,25.49,11.51,3.68,0.12,5.03,GREEN,Normal Hydrological State,0
2.04,26.48,22.65,2.02,0.21,5.05,GREEN,Normal Hydrological State,0
129.84,83.02,38.93,9.89,0.46,81.85,RED,Cloudburst Flash Flood,1
38.95,68.01,26.1,4.94,1.74,7.21,GREEN,Normal Hydrological State,0
0.74,20.22,15.31,1.27,1.55,5.03,GREEN,Normal Hydrological State,0
3.48,15.66,30.63,3.09,0.68,5.06,GREEN,Normal Hydrological State,0
3.85,53.51,15.04,3.56,0.62,5.12,GREEN,Normal Hydrological State,0
114.79,81.75,54.62,10.3,0.82,87.94,RED,Cloudburst Flash Flood,1
33.51,67.19,33.88,5.81,0.85,7.28,GREEN,Normal Hydrological State,0
138.83,96.85,45.74,7.83,1.12,69.67,ORANGE,Cloudburst Flash Flood,1
10.29,40.91,40.28,3.07,0.74,5.43,GREEN,Normal Hydrological State,0
7.24,23.01,16.9,3.79,1.27,5.1,GREEN,Normal Hydrological State,0
4.21,47.09,11.9,3.99,0.35,5.1,GREEN,Normal Hydrological State,0
2.09,21.3,44.57,3.19,0.39,5.07,GREEN,Normal Hydrological State,0
6.45,36.32,5.6,2.18,1.06,5.07,GREEN,Normal Hydrological State,0
55.52,66.72,21.78,6.74,1.01,9.99,GREEN,Normal Hydrological State,0
3.55,30.66,5.78,1.91,0.26,5.04,GREEN,Normal Hydrological State,0
6.21,24.04,35.19,2.57,0.0,5.15,GREEN,Normal Hydrological State,0
6.16,47.93,36.65,2.23,0.09,5.29,GREEN,Normal Hydrological State,0
35.85,66.68,18.22,6.33,2.35,7.03,GREEN,Normal Hydrological State,0
2.0,42.67,32.38,2.82,0.21,5.09,GREEN,Normal Hydrological State,0
2.73,24.53,21.95,2.12,0.0,5.06,GREEN,Normal Hydrological State,0
6.38,44.52,38.46,2.98,0.3,5.29,GREEN,Normal Hydrological State,0
2.19,34.23,45.51,2.7,0.21,5.1,GREEN,Normal Hydrological State,0
5.59,34.95,26.06,2.65,0.14,5.16,GREEN,Normal Hydrological State,0
9.17,49.91,11.49,2.75,0.12,5.19,GREEN,Normal Hydrological State,0
1.82,34.59,27.25,3.17,1.48,5.07,GREEN,Normal Hydrological State,0
15.9,14.61,10.93,1.4,0.05,5.1,GREEN,Normal Hydrological State,0
114.14,94.98,23.69,10.06,0.26,73.48,ORANGE,Cloudburst Flash Flood,1
11.64,30.91,12.21,2.56,0.0,5.16,GREEN,Normal Hydrological State,0
6.95,45.97,34.48,3.61,0.25,5.3,GREEN,Normal Hydrological State,0
4.57,34.03,42.45,3.58,0.1,5.17,GREEN,Normal Hydrological State,0
5.27,38.6,33.06,1.4,0.99,5.19,GREEN,Normal Hydrological State,0
26.81,68.94,44.53,4.41,0.87,7.24,GREEN,Normal Hydrological State,0
135.31,88.55,48.02,10.26,2.07,91.41,RED,Cloudburst Flash Flood,1
0.82,56.28,23.61,3.16,1.68,5.05,GREEN,Normal Hydrological State,0
1.68,44.92,31.5,10.83,5.53,79.13,RED,Seismic GLOF Warning,1
0.0,38.78,56.88,11.63,6.79,98.98,RED,Seismic GLOF Warning,1
130.07,90.95,49.57,9.86,2.44,88.69,RED,Cloudburst Flash Flood,1
9.19,30.34,38.87,2.09,0.65,5.28,GREEN,Normal Hydrological State,0
10.58,38.05,26.41,2.18,0.43,5.31,GREEN,Normal Hydrological State,0
3.17,31.36,44.89,4.34,0.36,5.12,GREEN,Normal Hydrological State,0
11.87,29.79,13.57,2.43,0.1,5.17,GREEN,Normal Hydrological State,0
0.0,33.77,54.12,11.35,5.48,92.41,RED,Seismic GLOF Warning,1
0.0,48.27,10.67,1.85,0.59,5.02,GREEN,Normal Hydrological State,0
2.95,50.05,7.88,3.93,0.96,5.06,GREEN,Normal Hydrological State,0
48.64,58.09,39.48,6.61,1.88,10.19,GREEN,Normal Hydrological State,0
0.12,30.8,25.24,3.78,0.28,5.02,GREEN,Normal Hydrological State,0
41.04,63.98,45.08,5.43,1.98,8.45,GREEN,Normal Hydrological State,0
0.0,49.63,19.51,2.69,0.63,5.02,GREEN,Normal Hydrological State,0
1.04,60.44,34.44,8.89,4.52,28.78,GREEN,River Overflow / Stage Exceeded,0
2.57,19.38,38.21,2.78,0.05,5.07,GREEN,Normal Hydrological State,0
0.97,50.43,29.13,8.29,6.77,53.4,YELLOW,Seismic GLOF Warning,1
6.6,49.85,11.28,2.73,0.78,5.14,GREEN,Normal Hydrological State,0
38.57,61.24,45.5,5.66,1.42,8.05,GREEN,Normal Hydrological State,0
0.76,43.43,11.22,1.94,0.02,5.03,GREEN,Normal Hydrological State,0
130.29,94.08,55.11,10.59,2.15,94.87,RED,Cloudburst Flash Flood,1
34.72,58.99,48.09,5.93,3.04,7.68,GREEN,Normal Hydrological State,0
1.11,23.96,17.38,2.19,0.93,5.03,GREEN,Normal Hydrological State,0
14.32,25.26,30.96,3.35,1.33,5.31,GREEN,Normal Hydrological State,0
6.54,48.69,41.32,2.31,0.1,5.34,GREEN,Normal Hydrological State,0
3.5,50.56,8.74,2.85,0.14,5.07,GREEN,Normal Hydrological State,0
4.22,24.8,6.6,1.05,0.71,5.05,GREEN,Normal Hydrological State,0
1.15,32.12,7.41,1.48,0.01,5.03,GREEN,Normal Hydrological State,0
6.77,51.65,26.98,3.52,0.1,5.28,GREEN,Normal Hydrological State,0
0.86,31.42,19.77,2.57,0.18,5.04,GREEN,Normal Hydrological State,0
5.02,32.23,17.61,3.59,1.08,5.1,GREEN,Normal Hydrological State,0
95.58,93.44,30.73,7.34,0.3,29.21,GREEN,Cloudburst Flash Flood,0
4.33,15.7,41.0,1.57,0.15,5.09,GREEN,Normal Hydrological State,0
7.02,35.83,27.43,1.68,0.01,5.2,GREEN,Normal Hydrological State,0
16.35,23.26,26.77,2.32,3.05,5.3,GREEN,Normal Hydrological State,0
6.49,46.33,20.08,4.33,1.29,5.19,GREEN,Normal Hydrological State,0
10.61,27.07,33.42,2.48,0.24,5.26,GREEN,Normal Hydrological State,0
0.0,49.94,6.08,2.37,1.05,5.02,GREEN,Normal Hydrological State,0
2.22,31.95,18.54,3.75,0.43,5.06,GREEN,Normal Hydrological State,0
136.5,90.65,42.37,9.59,1.03,84.79,RED,Cloudburst Flash Flood,1
16.1,22.44,39.48,3.45,0.07,5.37,GREEN,Normal Hydrological State,0
88.11,81.71,48.96,10.14,0.11,77.44,RED,Cloudburst Flash Flood,1
3.57,22.02,44.07,2.63,0.98,5.1,GREEN,Normal Hydrological State,0
5.85,37.37,39.45,2.23,0.21,5.23,GREEN,Normal Hydrological State,0
2.6,45.18,31.41,1.96,0.31,5.11,GREEN,Normal Hydrological State,0
106.82,92.42,25.67,9.99,1.52,71.5,ORANGE,Cloudburst Flash Flood,1
1.39,13.72,35.44,1.51,0.0,5.04,GREEN,Normal Hydrological State,0
9.27,39.39,36.13,2.75,0.44,5.35,GREEN,Normal Hydrological State,0
1.43,25.45,35.24,1.71,0.85,5.05,GREEN,Normal Hydrological State,0
13.13,37.33,34.69,3.69,0.35,5.45,GREEN,Normal Hydrological State,0
14.13,30.17,36.9,1.74,0.81,5.41,GREEN,Normal Hydrological State,0
4.48,32.98,38.48,3.42,0.21,5.16,GREEN,Normal Hydrological State,0
24.54,61.99,20.77,5.07,2.9,5.99,GREEN,Normal Hydrological State,0
13.62,55.65,4.96,2.82,0.88,5.17,GREEN,Normal Hydrological State,0
3.79,26.47,38.7,2.41,0.11,5.11,GREEN,Normal Hydrological State,0
3.66,37.95,10.62,2.11,0.67,5.07,GREEN,Normal Hydrological State,0
4.63,24.71,32.21,1.65,0.6,5.11,GREEN,Normal Hydrological State,0
27.5,68.84,35.72,6.34,1.84,7.6,GREEN,Normal Hydrological State,0
4.69,37.36,30.46,2.28,0.54,5.16,GREEN,Normal Hydrological State,0
0.0,24.5,4.49,2.07,0.44,5.02,GREEN,Normal Hydrological State,0
3.18,24.27,20.58,1.92,0.82,5.07,GREEN,Normal Hydrological State,0
33.15,63.67,49.85,6.29,0.73,8.44,GREEN,Normal Hydrological State,0
11.36,35.03,42.23,2.86,0.63,5.42,GREEN,Normal Hydrological State,0
134.23,79.25,27.98,9.32,0.76,64.78,ORANGE,Cloudburst Flash Flood,1
4.63,51.07,39.98,2.88,2.74,5.25,GREEN,Normal Hydrological State,0
5.43,39.95,36.15,2.33,0.84,5.21,GREEN,Normal Hydrological State,0
6.01,19.55,15.04,2.42,0.71,5.07,GREEN,Normal Hydrological State,0
5.45,51.78,24.58,1.65,0.29,5.21,GREEN,Normal Hydrological State,0
3.25,35.9,39.79,3.11,0.19,5.13,GREEN,Normal Hydrological State,0
10.94,15.14,13.61,2.54,0.45,5.09,GREEN,Normal Hydrological State,0
6.26,47.94,8.05,3.24,0.1,5.1,GREEN,Normal Hydrological State,0
0.0,66.45,50.23,11.17,5.36,88.77,RED,Seismic GLOF Warning,1
1.23,17.27,27.83,4.35,0.57,5.04,GREEN,Normal Hydrological State,0
11.7,19.17,27.25,2.04,1.11,5.18,GREEN,Normal Hydrological State,0
10.92,33.71,15.32,2.64,1.28,5.19,GREEN,Normal Hydrological State,0
4.95,36.37,9.93,0.71,0.13,5.08,GREEN,Normal Hydrological State,0
2.38,38.74,6.24,2.89,0.61,5.04,GREEN,Normal Hydrological State,0
53.0,56.25,40.37,5.85,2.1,8.7,GREEN,Normal Hydrological State,0
11.75,32.33,31.57,3.64,0.74,5.33,GREEN,Normal Hydrological State,0
82.42,86.17,38.77,9.4,1.59,60.05,ORANGE,Cloudburst Flash Flood,1
1.62,49.22,41.6,1.74,1.02,5.1,GREEN,Normal Hydrological State,0
81.6,83.16,53.73,7.2,0.85,30.41,GREEN,Cloudburst Flash Flood,0
60.54,66.82,31.95,5.69,1.75,9.46,GREEN,Normal Hydrological State,0
18.27,49.86,13.33,1.76,0.04,5.41,GREEN,Normal Hydrological State,0
4.59,12.49,16.19,1.38,0.85,5.05,GREEN,Normal Hydrological State,0
5.35,33.9,6.5,2.4,1.52,5.06,GREEN,Normal Hydrological State,0
5.53,35.78,26.88,3.68,1.45,5.16,GREEN,Normal Hydrological State,0
0.36,17.52,29.08,2.96,0.01,5.03,GREEN,Normal Hydrological State,0
0.2,30.59,23.37,1.67,0.25,5.03,GREEN,Normal Hydrological State,0
44.79,80.75,22.63,4.34,0.76,7.81,GREEN,Normal Hydrological State,0
0.0,18.78,44.77,1.98,0.2,5.02,GREEN,Normal Hydrological State,0
0.0,61.52,56.7,10.35,5.48,85.27,RED,Seismic GLOF Warning,1
1.4,31.95,34.56,7.39,7.46,61.75,ORANGE,Seismic GLOF Warning,1
79.32,96.66,42.92,11.05,1.57,87.65,RED,Cloudburst Flash Flood,1
5.55,33.37,14.32,2.22,0.23,5.1,GREEN,Normal Hydrological State,0
2.04,61.75,41.51,8.76,6.91,80.51,RED,Seismic GLOF Warning,1
3.3,46.35,23.44,1.66,0.43,5.12,GREEN,Normal Hydrological State,0
2.62,43.73,12.2,2.47,0.74,5.07,GREEN,Normal Hydrological State,0
0.0,48.24,39.81,1.94,0.44,5.02,GREEN,Normal Hydrological State,0
44.24,63.87,39.62,6.66,0.99,10.39,GREEN,Normal Hydrological State,0
0.0,73.12,51.35,11.42,7.21,98.95,RED,Seismic GLOF Warning,1
18.17,16.61,34.53,2.71,0.22,5.28,GREEN,Normal Hydrological State,0
5.61,18.5,32.91,2.89,0.12,5.11,GREEN,Normal Hydrological State,0
24.71,72.86,43.22,5.01,3.19,7.12,GREEN,Normal Hydrological State,0
7.94,21.63,22.24,2.89,0.23,5.13,GREEN,Normal Hydrological State,0
6.27,12.85,20.48,2.25,0.04,5.07,GREEN,Normal Hydrological State,0
22.93,33.17,27.58,2.04,0.28,5.6,GREEN,Normal Hydrological State,0
30.06,73.88,47.22,5.94,2.89,7.91,GREEN,Normal Hydrological State,0
1.86,50.34,16.25,2.83,0.77,5.07,GREEN,Normal Hydrological State,0
2.63,46.0,13.08,3.73,0.95,5.07,GREEN,Normal Hydrological State,0
0.0,29.11,28.31,2.2,0.48,5.02,GREEN,Normal Hydrological State,0
3.08,76.99,46.83,8.96,5.88,69.54,ORANGE,Seismic GLOF Warning,1
3.48,28.27,18.64,2.61,0.55,5.07,GREEN,Normal Hydrological State,0
5.75,51.19,34.38,11.13,7.13,95.29,RED,Seismic GLOF Warning,1
6.49,18.55,19.67,1.9,0.54,5.09,GREEN,Normal Hydrological State,0
20.52,51.92,38.28,11.68,5.67,93.21,RED,Seismic GLOF Warning,1
27.23,61.95,31.5,5.19,1.78,6.54,GREEN,Normal Hydrological State,0
0.48,26.16,28.91,1.58,0.48,5.03,GREEN,Normal Hydrological State,0
5.86,13.31,34.05,3.7,0.21,5.09,GREEN,Normal Hydrological State,0
124.67,97.95,54.94,8.12,0.39,74.07,ORANGE,Cloudburst Flash Flood,1
2.01,52.71,45.17,10.33,7.24,96.14,RED,Seismic GLOF Warning,1
1.94,56.54,46.91,10.81,4.65,71.36,ORANGE,River Overflow / Stage Exceeded,1
6.07,35.88,14.17,2.62,0.05,5.12,GREEN,Normal Hydrological State,0
6.95,53.02,19.69,1.63,0.09,5.23,GREEN,Normal Hydrological State,0
71.53,91.45,51.35,10.1,2.1,74.86,ORANGE,Cloudburst Flash Flood,1
0.96,63.24,48.05,8.96,7.13,90.41,RED,Seismic GLOF Warning,1
0.0,42.47,54.68,11.49,5.35,92.21,RED,Seismic GLOF Warning,1
6.5,20.05,26.8,1.17,0.02,5.11,GREEN,Normal Hydrological State,0
2.92,40.17,15.09,2.27,0.0,5.07,GREEN,Normal Hydrological State,0
35.04,62.87,42.45,6.31,3.0,8.31,GREEN,Normal Hydrological State,0
7.66,17.37,32.55,2.61,2.4,5.13,GREEN,Normal Hydrological State,0
113.15,89.72,53.76,8.27,1.68,65.17,ORANGE,Cloudburst Flash Flood,1
7.26,52.1,38.1,3.42,0.07,5.38,GREEN,Normal Hydrological State,0
4.4,36.33,7.48,2.72,0.3,5.06,GREEN,Normal Hydrological State,0
0.49,22.04,30.11,2.05,0.54,5.03,GREEN,Normal Hydrological State,0
7.89,37.3,20.92,3.22,0.53,5.2,GREEN,Normal Hydrological State,0
0.0,39.77,14.82,2.48,0.0,5.02,GREEN,Normal Hydrological State,0
1.9,73.11,47.03,10.76,5.67,88.0,RED,Seismic GLOF Warning,1
4.27,63.61,55.7,11.34,7.05,99.0,RED,Seismic GLOF Warning,1
54.14,61.95,30.04,6.34,2.95,9.1,GREEN,Normal Hydrological State,0
5.31,28.37,23.38,1.03,1.3,5.12,GREEN,Normal Hydrological State,0
5.34,39.9,21.87,1.88,0.54,5.15,GREEN,Normal Hydrological State,0
5.92,44.39,24.53,1.54,0.22,5.2,GREEN,Normal Hydrological State,0
12.33,21.19,22.26,3.37,0.34,5.18,GREEN,Normal Hydrological State,0
0.0,59.04,56.55,9.27,6.73,92.72,RED,Seismic GLOF Warning,1
0.53,47.89,25.24,3.0,0.37,5.04,GREEN,Normal Hydrological State,0
76.68,73.96,49.33,9.68,2.13,63.03,ORANGE,Cloudburst Flash Flood,1
3.5,35.63,41.3,1.25,0.48,5.14,GREEN,Normal Hydrological State,0
0.7,21.81,38.18,2.56,0.78,5.03,GREEN,Normal Hydrological State,0
0.86,54.49,26.48,3.34,0.74,5.05,GREEN,Normal Hydrological State,0
4.93,35.31,32.08,2.4,2.09,5.16,GREEN,Normal Hydrological State,0
0.2,62.31,42.21,11.12,4.71,75.85,RED,River Overflow / Stage Exceeded,1
106.73,96.14,34.05,7.11,0.7,33.85,GREEN,Cloudburst Flash Flood,0
13.1,50.06,48.14,10.99,7.33,98.53,RED,Seismic GLOF Warning,1
11.22,44.21,9.59,2.78,0.02,5.18,GREEN,Normal Hydrological State,0
95.84,80.28,47.38,10.67,1.26,85.14,RED,Cloudburst Flash Flood,1
56.06,73.41,18.19,7.07,2.18,11.44,GREEN,River Overflow / Stage Exceeded,0
4.98,40.39,50.3,11.08,4.46,73.05,ORANGE,River Overflow / Stage Exceeded,1
0.0,57.48,39.06,11.16,4.98,79.6,RED,River Overflow / Stage Exceeded,1
51.33,59.46,29.45,5.07,0.66,7.9,GREEN,Normal Hydrological State,0
2.83,52.71,11.02,2.44,1.56,5.07,GREEN,Normal Hydrological State,0
10.42,45.19,12.04,2.83,1.56,5.2,GREEN,Normal Hydrological State,0
1.55,41.15,16.83,3.81,0.4,5.05,GREEN,Normal Hydrological State,0
0.09,30.24,38.29,8.81,5.45,47.51,YELLOW,Seismic GLOF Warning,0
0.0,42.38,32.84,3.1,0.49,5.02,GREEN,Normal Hydrological State,0
41.87,66.03,19.02,5.43,1.12,6.76,GREEN,Normal Hydrological State,0
2.88,37.67,14.97,3.14,0.14,5.07,GREEN,Normal Hydrological State,0
0.0,63.79,47.22,10.3,5.25,75.45,RED,Seismic GLOF Warning,1
9.07,31.45,26.88,2.99,0.41,5.23,GREEN,Normal Hydrological State,0
4.17,29.75,26.16,3.61,0.5,5.11,GREEN,Normal Hydrological State,0
77.23,85.79,48.86,10.95,1.09,85.41,RED,Cloudburst Flash Flood,1
1.84,25.4,25.52,2.39,1.24,5.05,GREEN,Normal Hydrological State,0
1.63,18.16,21.01,2.85,0.65,5.04,GREEN,Normal Hydrological State,0
4.14,26.88,31.56,2.09,0.77,5.11,GREEN,Normal Hydrological State,0
3.84,22.09,22.4,2.68,0.68,5.07,GREEN,Normal Hydrological State,0
3.49,38.99,22.34,3.22,0.18,5.11,GREEN,Normal Hydrological State,0
10.28,22.78,30.6,1.63,1.71,5.21,GREEN,Normal Hydrological State,0
50.78,77.22,22.33,5.07,1.96,8.06,GREEN,Normal Hydrological State,0
2.95,38.28,27.59,3.06,0.38,5.1,GREEN,Normal Hydrological State,0
3.04,23.12,39.45,3.64,0.64,5.09,GREEN,Normal Hydrological State,0
143.67,80.27,48.14,7.94,0.89,63.79,ORANGE,Cloudburst Flash Flood,1
4.26,45.6,26.74,1.85,0.87,5.16,GREEN,Normal Hydrological State,0
0.0,70.26,60.66,11.36,5.38,93.02,RED,Seismic GLOF Warning,1
5.82,46.94,8.82,2.48,0.27,5.1,GREEN,Normal Hydrological State,0
16.67,27.42,10.3,1.69,0.24,5.18,GREEN,Normal Hydrological State,0
68.49,98.68,40.28,9.58,0.62,62.7,ORANGE,River Overflow / Stage Exceeded,1
41.85,79.57,30.98,4.9,1.02,8.38,GREEN,Normal Hydrological State,0
2.03,20.87,44.3,2.03,0.49,5.06,GREEN,Normal Hydrological State,0
0.34,34.76,31.11,11.32,5.94,88.29,RED,Seismic GLOF Warning,1
16.34,34.64,13.62,2.25,0.3,5.26,GREEN,Normal Hydrological State,0
123.76,80.95,31.34,10.91,1.4,87.24,RED,Cloudburst Flash Flood,1
2.79,34.87,57.25,10.19,6.86,97.1,RED,Seismic GLOF Warning,1
0.0,42.17,43.39,8.51,4.9,33.46,GREEN,River Overflow / Stage Exceeded,0
92.74,89.28,32.63,10.51,1.41,79.2,RED,Cloudburst Flash Flood,1
4.91,39.16,43.46,3.56,0.52,5.21,GREEN,Normal Hydrological State,0
103.7,81.44,25.57,9.28,1.32,54.06,YELLOW,Cloudburst Flash Flood,1
31.99,77.99,42.25,4.9,2.34,8.08,GREEN,Normal Hydrological State,0
6.67,53.57,19.67,2.46,0.11,5.22,GREEN,Normal Hydrological State,0
43.79,64.18,22.61,5.21,2.18,7.08,GREEN,Normal Hydrological State,0
6.8,28.26,39.94,3.88,0.95,5.2,GREEN,Normal Hydrological State,0
0.0,51.62,44.42,2.44,0.94,5.02,GREEN,Normal Hydrological State,0
1.9,25.59,17.51,3.61,1.93,5.05,GREEN,Normal Hydrological State,0
133.55,82.06,27.8,8.01,0.82,43.22,YELLOW,Cloudburst Flash Flood,0
145.89,81.48,26.99,7.08,1.87,32.69,GREEN,Cloudburst Flash Flood,0
11.49,24.25,24.67,1.83,0.07,5.21,GREEN,Normal Hydrological State,0
1.23,51.05,43.2,11.23,5.44,88.05,RED,Seismic GLOF Warning,1
3.8,22.95,5.0,2.56,0.0,5.04,GREEN,Normal Hydrological State,0
86.96,95.65,30.83,9.55,1.4,62.76,ORANGE,Cloudburst Flash Flood,1
2.07,56.9,47.9,11.04,6.3,95.09,RED,Seismic GLOF Warning,1
4.8,29.82,42.75,3.2,0.97,5.16,GREEN,Normal Hydrological State,0
8.92,34.74,20.77,1.37,1.02,5.2,GREEN,Normal Hydrological State,0
147.98,79.54,29.09,8.69,1.86,59.21,ORANGE,Cloudburst Flash Flood,1
2.33,50.02,28.29,2.65,0.71,5.11,GREEN,Normal Hydrological State,0
47.81,67.91,31.78,4.75,0.77,8.35,GREEN,Normal Hydrological State,0
2.54,32.47,8.69,2.01,1.55,5.05,GREEN,Normal Hydrological State,0
5.64,54.28,3.43,2.89,1.34,5.06,GREEN,Normal Hydrological State,0
31.45,62.74,32.2,6.87,2.0,9.39,GREEN,Normal Hydrological State,0
29.04,71.3,34.05,6.5,3.07,8.23,GREEN,Normal Hydrological State,0
6.17,40.09,23.23,3.03,0.42,5.18,GREEN,Normal Hydrological State,0
6.39,34.7,18.54,0.99,0.95,5.14,GREEN,Normal Hydrological State,0
4.69,44.7,44.68,11.37,5.73,92.4,RED,Seismic GLOF Warning,1
3.19,18.44,14.68,2.46,0.12,5.05,GREEN,Normal Hydrological State,0
84.34,96.27,36.4,7.42,2.0,30.92,GREEN,Cloudburst Flash Flood,0
73.25,80.72,28.75,8.09,0.93,27.55,GREEN,Cloudburst Flash Flood,0
31.48,62.26,41.51,5.77,2.16,7.28,GREEN,Normal Hydrological State,0
1.89,16.73,35.22,3.86,0.38,5.05,GREEN,Normal Hydrological State,0
0.84,27.9,7.33,2.81,0.16,5.03,GREEN,Normal Hydrological State,0
4.83,52.08,35.29,0.99,1.03,5.24,GREEN,Normal Hydrological State,0
9.45,20.65,7.54,3.32,0.88,5.07,GREEN,Normal Hydrological State,0
4.24,49.65,4.38,3.71,0.28,5.06,GREEN,Normal Hydrological State,0
6.96,42.7,27.83,2.62,0.1,5.24,GREEN,Normal Hydrological State,0
7.26,33.9,30.66,1.26,0.15,5.22,GREEN,Normal Hydrological State,0
1.59,20.53,36.2,2.57,0.2,5.05,GREEN,Normal Hydrological State,0
4.29,66.42,51.82,9.83,5.77,82.91,RED,Seismic GLOF Warning,1
6.71,13.91,26.19,1.17,0.45,5.09,GREEN,Normal Hydrological State,0
0.0,36.82,21.09,3.51,0.27,5.02,GREEN,Normal Hydrological State,0
26.32,64.4,33.59,4.33,1.07,6.63,GREEN,Normal Hydrological State,0
3.37,72.42,43.13,7.25,4.4,12.42,GREEN,River Overflow / Stage Exceeded,0
38.17,68.32,26.9,6.69,3.11,9.08,GREEN,Normal Hydrological State,0
13.31,38.12,21.53,2.73,0.0,5.33,GREEN,Normal Hydrological State,0
2.96,66.86,56.01,7.85,5.23,40.39,YELLOW,Seismic GLOF Warning,0
121.5,94.19,34.47,8.16,1.64,54.76,YELLOW,Cloudburst Flash Flood,1
41.01,59.55,20.32,5.1,0.91,6.62,GREEN,Normal Hydrological State,0
42.18,58.98,39.98,5.04,1.35,7.94,GREEN,Normal Hydrological State,0
0.89,17.38,28.15,1.45,0.06,5.03,GREEN,Normal Hydrological State,0
13.57,30.55,31.4,3.02,0.24,5.36,GREEN,Normal Hydrological State,0
55.83,68.44,40.51,5.39,0.77,10.13,GREEN,Normal Hydrological State,0
1.8,34.12,11.66,2.58,0.01,5.04,GREEN,Normal Hydrological State,0
2.23,23.83,43.47,3.73,0.47,5.07,GREEN,Normal Hydrological State,0
3.32,34.05,32.94,8.91,6.22,59.88,ORANGE,Seismic GLOF Warning,1
133.26,99.48,34.7,11.06,1.86,94.01,RED,Cloudburst Flash Flood,1
68.35,79.86,31.86,7.59,2.27,21.71,GREEN,River Overflow / Stage Exceeded,0
92.89,80.74,38.4,8.76,0.84,50.13,YELLOW,Cloudburst Flash Flood,1
19.26,48.92,18.3,2.87,0.2,5.54,GREEN,Normal Hydrological State,0
1.29,57.78,31.42,9.05,7.06,73.78,ORANGE,Seismic GLOF Warning,1
5.03,32.52,44.71,2.67,2.06,5.19,GREEN,Normal Hydrological State,0
86.85,78.35,48.7,9.22,1.09,60.36,ORANGE,Cloudburst Flash Flood,1
1.33,22.13,35.31,3.06,0.84,5.05,GREEN,Normal Hydrological State,0
18.46,18.55,27.62,1.91,0.15,5.27,GREEN,Normal Hydrological State,0
11.18,53.64,33.04,2.22,0.27,5.54,GREEN,Normal Hydrological State,0
6.87,42.84,26.44,2.85,1.72,5.23,GREEN,Normal Hydrological State,0
4.06,36.77,26.09,1.21,0.17,5.13,GREEN,Normal Hydrological State,0
124.34,88.99,23.66,11.33,1.21,89.21,RED,Cloudburst Flash Flood,1
2.34,28.23,43.26,4.07,0.5,5.09,GREEN,Normal Hydrological State,0
134.68,87.07,32.35,8.96,1.33,66.94,ORANGE,Cloudburst Flash Flood,1
71.5,88.88,33.86,8.31,0.63,34.91,GREEN,Cloudburst Flash Flood,0
12.25,30.6,11.01,2.41,0.08,5.16,GREEN,Normal Hydrological State,0
0.69,20.29,25.32,1.51,0.07,5.03,GREEN,Normal Hydrological State,0
5.59,42.83,55.04,9.4,4.48,43.0,YELLOW,River Overflow / Stage Exceeded,0
26.56,56.44,37.66,6.32,3.47,7.13,GREEN,Normal Hydrological State,0
104.45,89.95,27.58,9.85,1.02,69.26,ORANGE,Cloudburst Flash Flood,1
5.85,30.27,31.49,1.47,0.4,5.16,GREEN,Normal Hydrological State,0
7.95,39.55,38.72,2.97,1.53,5.32,GREEN,Normal Hydrological State,0
82.95,83.93,29.75,8.93,0.55,45.13,YELLOW,Cloudburst Flash Flood,0
5.61,49.71,23.41,1.3,0.42,5.2,GREEN,Normal Hydrological State,0
5.33,40.4,34.41,2.39,0.41,5.21,GREEN,Normal Hydrological State,0
2.53,43.52,34.08,12.05,5.91,94.21,RED,Seismic GLOF Warning,1
1.15,43.02,41.18,0.94,0.77,5.07,GREEN,Normal Hydrological State,0
35.07,63.41,17.78,5.24,2.47,6.3,GREEN,Normal Hydrological State,0
8.61,19.66,24.61,2.65,0.46,5.13,GREEN,Normal Hydrological State,0
29.2,71.47,16.85,5.69,0.9,6.16,GREEN,Normal Hydrological State,0
9.69,70.83,46.53,8.11,7.18,84.86,RED,Seismic GLOF Warning,1
3.5,38.96,15.86,1.48,0.0,5.09,GREEN,Normal Hydrological State,0
82.02,81.2,25.32,9.18,0.91,45.66,YELLOW,Cloudburst Flash Flood,0
0.59,21.32,40.16,0.83,0.96,5.03,GREEN,Normal Hydrological State,0
1.99,41.59,34.51,11.23,7.06,95.33,RED,Seismic GLOF Warning,1
92.62,78.78,43.41,9.35,0.54,62.72,ORANGE,Cloudburst Flash Flood,1
0.54,50.16,15.34,1.9,0.98,5.03,GREEN,Normal Hydrological State,0
17.47,23.81,40.38,3.03,0.77,5.43,GREEN,Normal Hydrological State,0
9.84,47.83,13.7,2.13,0.03,5.22,GREEN,Normal Hydrological State,0
5.76,40.09,12.59,3.88,0.46,5.11,GREEN,Normal Hydrological State,0
50.86,60.65,40.68,5.45,2.9,8.89,GREEN,Normal Hydrological State,0
4.24,22.41,42.59,1.01,0.3,5.11,GREEN,Normal Hydrological State,0
4.41,53.5,38.66,8.02,7.48,77.7,RED,Seismic GLOF Warning,1
118.64,98.88,50.97,8.68,0.45,76.89,RED,Cloudburst Flash Flood,1
10.74,38.94,22.0,2.69,0.59,5.28,GREEN,Normal Hydrological State,0
6.99,22.64,32.47,1.59,0.42,5.15,GREEN,Normal Hydrological State,0
3.82,30.91,10.15,2.82,1.45,5.06,GREEN,Normal Hydrological State,0
10.57,43.94,38.92,3.29,0.57,5.47,GREEN,Normal Hydrological State,0
10.36,45.16,43.99,1.9,0.18,5.51,GREEN,Normal Hydrological State,0
14.08,17.36,32.53,3.17,2.7,5.22,GREEN,Normal Hydrological State,0
68.77,80.21,48.73,9.76,0.57,63.37,ORANGE,River Overflow / Stage Exceeded,1
3.66,50.63,23.54,2.66,0.25,5.14,GREEN,Normal Hydrological State,0
2.06,44.66,44.8,1.52,0.21,5.11,GREEN,Normal Hydrological State,0
9.35,29.13,34.85,3.04,0.4,5.26,GREEN,Normal Hydrological State,0
80.63,97.15,33.14,9.74,0.34,65.79,ORANGE,Cloudburst Flash Flood,1
136.01,89.93,25.97,7.28,1.02,35.12,YELLOW,Cloudburst Flash Flood,0
45.96,76.8,15.5,6.74,0.99,8.94,GREEN,Normal Hydrological State,0
3.81,33.98,15.8,2.45,3.39,5.08,GREEN,Normal Hydrological State,0
2.46,16.99,15.83,3.36,0.32,5.04,GREEN,Normal Hydrological State,0
4.75,34.15,39.8,1.99,0.6,5.17,GREEN,Normal Hydrological State,0
106.86,94.02,49.88,10.91,1.72,92.62,RED,Cloudburst Flash Flood,1
0.6,43.79,11.1,2.19,1.42,5.03,GREEN,Normal Hydrological State,0
79.68,88.19,54.24,11.32,0.63,90.65,RED,Cloudburst Flash Flood,1
2.09,29.26,30.34,1.25,0.52,5.07,GREEN,Normal Hydrological State,0
4.42,38.26,31.49,2.77,0.56,5.16,GREEN,Normal Hydrological State,0
22.3,73.43,45.22,6.15,0.93,7.19,GREEN,Normal Hydrological State,0
28.5,54.77,37.74,6.2,1.57,6.95,GREEN,Normal Hydrological State,0
0.79,71.23,53.85,7.58,4.6,19.19,GREEN,River Overflow / Stage Exceeded,0
6.35,41.95,20.49,3.51,0.69,5.18,GREEN,Normal Hydrological State,0
0.0,51.14,26.41,2.38,0.26,5.02,GREEN,Normal Hydrological State,0
16.79,48.72,23.03,3.21,0.56,5.56,GREEN,Normal Hydrological State,0
7.09,41.79,11.6,2.16,0.0,5.13,GREEN,Normal Hydrological State,0
1.22,52.75,10.23,2.6,0.12,5.04,GREEN,Normal Hydrological State,0
7.86,39.23,42.56,1.48,0.52,5.33,GREEN,Normal Hydrological State,0
9.54,41.45,14.32,2.69,0.34,5.2,GREEN,Normal Hydrological State,0
30.89,60.67,41.3,4.45,2.35,7.15,GREEN,Normal Hydrological State,0
0.96,23.33,9.61,2.62,0.25,5.03,GREEN,Normal Hydrological State,0
27.15,23.04,10.01,1.82,1.32,5.23,GREEN,Normal Hydrological State,0
6.94,38.79,42.96,0.96,0.35,5.29,GREEN,Normal Hydrological State,0
51.94,77.7,20.66,6.17,2.97,8.26,GREEN,Normal Hydrological State,0
0.0,30.33,40.94,7.91,4.39,16.39,GREEN,River Overflow / Stage Exceeded,0
2.57,41.52,16.19,2.52,0.3,5.07,GREEN,Normal Hydrological State,0
7.03,32.28,18.68,2.61,0.13,5.14,GREEN,Normal Hydrological State,0
3.8,20.37,4.16,1.83,0.0,5.03,GREEN,Normal Hydrological State,0
3.39,38.97,24.6,2.56,0.23,5.11,GREEN,Normal Hydrological State,0
82.81,75.6,50.66,10.71,0.37,82.06,RED,Cloudburst Flash Flood,1
89.05,92.88,45.29,8.23,0.82,49.29,YELLOW,Cloudburst Flash Flood,0
5.47,48.69,41.68,1.86,1.33,5.28,GREEN,Normal Hydrological State,0
12.67,44.0,39.05,3.31,0.16,5.56,GREEN,Normal Hydrological State,0
0.74,52.03,37.05,11.53,5.95,92.33,RED,Seismic GLOF Warning,1
33.15,57.83,17.22,5.62,1.21,6.08,GREEN,Normal Hydrological State,0
56.72,67.32,41.96,5.4,2.03,10.29,GREEN,Normal Hydrological State,0
7.89,49.86,27.99,1.7,0.27,5.32,GREEN,Normal Hydrological State,0
11.99,46.94,8.71,1.96,0.0,5.19,GREEN,Normal Hydrological State,0
39.56,66.94,41.11,5.31,1.84,8.24,GREEN,Normal Hydrological State,0
5.18,41.97,50.62,7.2,5.09,25.2,GREEN,Seismic GLOF Warning,0
4.26,21.95,41.04,2.81,0.15,5.11,GREEN,Normal Hydrological State,0
3.75,34.55,30.99,3.16,0.38,5.12,GREEN,Normal Hydrological State,0
5.47,51.43,43.52,2.21,2.0,5.31,GREEN,Normal Hydrological State,0
1.78,65.19,52.61,8.54,5.47,56.31,ORANGE,Seismic GLOF Warning,1
8.06,22.99,31.19,2.89,1.11,5.17,GREEN,Normal Hydrological State,0
3.09,44.44,29.43,3.08,0.55,5.13,GREEN,Normal Hydrological State,0
30.22,59.95,46.95,5.75,2.15,7.27,GREEN,Normal Hydrological State,0
3.19,52.77,12.43,1.08,0.15,5.09,GREEN,Normal Hydrological State,0
5.42,38.05,12.3,1.77,0.18,5.1,GREEN,Normal Hydrological State,0
4.35,67.85,31.87,8.45,6.78,61.61,ORANGE,Seismic GLOF Warning,1
17.38,22.4,11.59,2.86,0.82,5.17,GREEN,Normal Hydrological State,0
32.74,68.56,42.91,6.81,0.88,10.23,GREEN,Normal Hydrological State,0
10.7,24.16,6.85,3.98,0.01,5.08,GREEN,Normal Hydrological State,0
1.11,27.2,42.63,3.02,0.0,5.05,GREEN,Normal Hydrological State,0
110.42,79.39,45.95,9.92,2.04,79.04,RED,Cloudburst Flash Flood,1
4.06,20.45,42.17,3.29,0.83,5.1,GREEN,Normal Hydrological State,0
30.31,75.14,49.2,5.66,1.31,8.09,GREEN,Normal Hydrological State,0
5.85,50.25,26.43,3.03,0.51,5.23,GREEN,Normal Hydrological State,0
0.0,39.63,44.35,1.43,0.0,5.02,GREEN,Normal Hydrological State,0
7.5,34.4,27.33,0.95,0.84,5.21,GREEN,Normal Hydrological State,0
141.33,96.16,34.91,7.38,1.76,52.67,YELLOW,Cloudburst Flash Flood,1
24.66,65.85,27.73,6.21,2.79,6.66,GREEN,Normal Hydrological State,0
1.05,75.01,42.77,8.49,4.49,24.75,GREEN,River Overflow / Stage Exceeded,0
3.22,25.32,8.35,3.04,0.28,5.04,GREEN,Normal Hydrological State,0
9.48,55.79,21.33,2.56,0.09,5.34,GREEN,Normal Hydrological State,0
6.76,40.03,44.13,0.97,0.0,5.3,GREEN,Normal Hydrological State,0
149.0,91.57,51.78,7.88,2.0,75.54,RED,Cloudburst Flash Flood,1
3.55,26.44,19.04,1.84,0.1,5.07,GREEN,Normal Hydrological State,0
1.41,62.4,47.02,11.47,5.07,87.36,RED,Seismic GLOF Warning,1
7.44,32.01,30.37,2.42,0.02,5.21,GREEN,Normal Hydrological State,0
0.33,44.74,34.89,1.36,0.6,5.03,GREEN,Normal Hydrological State,0
7.09,19.58,44.89,2.06,0.0,5.16,GREEN,Normal Hydrological State,0
36.89,77.66,29.51,4.79,1.2,7.69,GREEN,Normal Hydrological State,0
1.17,19.49,37.2,1.48,0.03,5.04,GREEN,Normal Hydrological State,0
6.39,44.82,51.08,8.45,4.24,21.52,GREEN,River Overflow / Stage Exceeded,0
14.09,49.05,31.65,2.77,0.26,5.6,GREEN,Normal Hydrological State,0
9.33,42.51,8.01,3.04,0.76,5.13,GREEN,Normal Hydrological State,0
17.15,32.3,34.41,2.53,0.17,5.51,GREEN,Normal Hydrological State,0
1.11,40.87,32.34,1.47,0.07,5.06,GREEN,Normal Hydrological State,0
8.44,17.29,37.33,3.08,0.4,5.15,GREEN,Normal Hydrological State,0
10.9,17.19,27.62,2.32,0.78,5.16,GREEN,Normal Hydrological State,0
103.12,80.34,54.48,8.64,2.42,61.2,ORANGE,Cloudburst Flash Flood,1
0.13,49.27,31.76,3.4,0.53,5.03,GREEN,Normal Hydrological State,0
11.35,20.43,40.11,2.84,0.15,5.24,GREEN,Normal Hydrological State,0
109.21,87.57,39.59,9.71,0.46,75.88,RED,Cloudburst Flash Flood,1
35.0,68.05,48.8,6.41,1.09,9.25,GREEN,Normal Hydrological State,0
3.63,13.23,5.65,3.47,1.85,5.03,GREEN,Normal Hydrological State,0
4.7,42.99,9.68,3.99,0.52,5.09,GREEN,Normal Hydrological State,0
6.06,40.12,8.68,3.08,0.47,5.09,GREEN,Normal Hydrological State,0
3.37,39.87,16.51,2.62,0.15,5.09,GREEN,Normal Hydrological State,0
7.31,53.37,17.48,2.22,0.43,5.22,GREEN,Normal Hydrological State,0
2.24,26.84,7.36,1.79,0.48,5.04,GREEN,Normal Hydrological State,0
47.87,71.78,21.57,6.06,2.22,7.6,GREEN,Normal Hydrological State,0
2.44,39.0,20.94,3.36,2.22,5.08,GREEN,Normal Hydrological State,0
58.36,57.18,20.53,6.82,3.57,9.76,GREEN,Normal Hydrological State,0
1.48,41.95,59.48,10.83,7.23,99.0,RED,Seismic GLOF Warning,1
69.65,88.82,44.57,11.11,2.18,85.0,RED,River Overflow / Stage Exceeded,1
1.18,46.45,53.24,7.36,5.24,31.32,GREEN,Seismic GLOF Warning,0
5.19,68.45,37.13,7.36,5.38,25.42,GREEN,Seismic GLOF Warning,0
0.53,54.92,57.85,10.65,6.01,94.05,RED,Seismic GLOF Warning,1
9.75,28.54,7.11,0.55,0.18,5.09,GREEN,Normal Hydrological State,0
1.0,51.58,25.46,3.69,0.99,5.06,GREEN,Normal Hydrological State,0
0.0,46.44,53.59,8.51,4.72,32.96,GREEN,River Overflow / Stage Exceeded,0
6.61,46.7,50.45,11.2,6.14,95.64,RED,Seismic GLOF Warning,1
3.2,54.81,27.47,3.4,0.36,5.15,GREEN,Normal Hydrological State,0
57.74,68.03,23.86,5.49,0.86,8.26,GREEN,Normal Hydrological State,0
0.0,14.35,33.49,3.4,0.28,5.02,GREEN,Normal Hydrological State,0
0.0,36.36,46.46,8.53,7.29,87.9,RED,Seismic GLOF Warning,1
52.43,58.18,17.55,5.12,0.47,6.83,GREEN,Normal Hydrological State,0
0.85,34.62,9.61,2.77,0.51,5.03,GREEN,Normal Hydrological State,0
1.75,30.34,7.64,0.92,0.33,5.04,GREEN,Normal Hydrological State,0
29.4,61.84,43.39,6.29,3.2,7.71,GREEN,Normal Hydrological State,0
5.46,21.78,26.85,3.46,0.36,5.11,GREEN,Normal Hydrological State,0
2.92,17.25,25.82,3.38,0.56,5.06,GREEN,Normal Hydrological State,0
4.58,29.38,17.72,2.37,0.14,5.09,GREEN,Normal Hydrological State,0
80.3,84.11,46.28,7.21,1.3,27.62,GREEN,Cloudburst Flash Flood,0
9.8,51.21,13.32,2.05,0.36,5.23,GREEN,Normal Hydrological State,0
9.28,46.45,31.27,1.98,0.38,5.37,GREEN,Normal Hydrological State,0
3.68,31.26,26.69,3.24,0.03,5.1,GREEN,Normal Hydrological State,0
4.04,49.93,40.37,1.27,1.4,5.21,GREEN,Normal Hydrological State,0
5.91,20.6,15.89,1.38,0.29,5.08,GREEN,Normal Hydrological State,0
123.77,79.39,36.38,8.01,2.15,46.81,YELLOW,Cloudburst Flash Flood,0
3.26,51.25,8.96,2.27,1.52,5.07,GREEN,Normal Hydrological State,0
2.65,51.91,36.07,1.18,0.77,5.14,GREEN,Normal Hydrological State,0
5.9,24.26,37.5,3.04,0.81,5.15,GREEN,Normal Hydrological State,0
49.19,70.48,29.02,6.62,1.05,10.15,GREEN,Normal Hydrological State,0
72.67,89.04,46.7,7.04,2.47,24.78,GREEN,Cloudburst Flash Flood,0
6.36,53.58,20.96,2.57,0.9,5.22,GREEN,Normal Hydrological State,0
41.74,62.17,28.55,6.97,1.28,10.44,GREEN,Normal Hydrological State,0
4.86,45.45,57.9,10.98,7.26,99.0,RED,Seismic GLOF Warning,1
133.51,82.36,41.68,9.89,0.23,83.85,RED,Cloudburst Flash Flood,1
9.37,55.1,22.31,2.41,0.57,5.35,GREEN,Normal Hydrological State,0
3.26,17.25,24.78,3.95,0.43,5.06,GREEN,Normal Hydrological State,0
4.29,36.49,36.75,3.17,0.27,5.16,GREEN,Normal Hydrological State,0
2.11,25.49,12.62,2.14,0.28,5.04,GREEN,Normal Hydrological State,0
61.8,61.49,29.45,6.15,2.93,9.09,GREEN,Normal Hydrological State,0
6.91,16.86,42.87,1.98,0.07,5.14,GREEN,Normal Hydrological State,0
0.96,15.22,27.37,2.94,0.64,5.03,GREEN,Normal Hydrological State,0
2.77,71.65,47.62,8.95,6.76,86.14,RED,Seismic GLOF Warning,1
5.05,31.37,18.23,2.88,1.61,5.11,GREEN,Normal Hydrological State,0
2.96,65.63,41.52,11.62,6.83,97.46,RED,Seismic GLOF Warning,1
4.61,45.38,13.12,1.57,0.75,5.11,GREEN,Normal Hydrological State,0
5.56,66.83,30.5,8.76,7.23,71.77,ORANGE,Seismic GLOF Warning,1
14.73,53.12,20.4,3.96,0.0,5.49,GREEN,Normal Hydrological State,0
2.16,51.0,21.12,3.51,0.12,5.09,GREEN,Normal Hydrological State,0
39.92,74.12,23.91,5.29,2.49,7.33,GREEN,Normal Hydrological State,0
2.34,25.33,21.7,3.44,0.39,5.06,GREEN,Normal Hydrological State,0
1.81,17.92,12.4,3.25,0.07,5.03,GREEN,Normal Hydrological State,0
7.13,20.51,39.49,2.66,0.2,5.16,GREEN,Normal Hydrological State,0
39.85,74.02,15.44,6.63,2.97,8.06,GREEN,Normal Hydrological State,0
1.53,20.73,20.65,1.72,0.12,5.04,GREEN,Normal Hydrological State,0
0.42,29.82,38.9,2.18,0.54,5.03,GREEN,Normal Hydrological State,0
8.31,39.77,42.56,1.92,0.36,5.35,GREEN,Normal Hydrological State,0
10.75,18.73,8.33,2.75,0.18,5.08,GREEN,Normal Hydrological State,0
1.92,36.07,37.56,4.03,0.32,5.08,GREEN,Normal Hydrological State,0
8.04,44.29,13.79,1.53,0.91,5.17,GREEN,Normal Hydrological State,0
105.01,85.63,32.84,6.98,0.89,26.82,GREEN,Cloudburst Flash Flood,0
5.73,17.53,44.43,1.6,0.13,5.12,GREEN,Normal Hydrological State,0
1.73,57.2,43.16,11.32,5.14,85.57,RED,Seismic GLOF Warning,1
27.86,59.3,46.21,5.16,3.29,7.02,GREEN,Normal Hydrological State,0
142.27,88.08,26.87,8.95,1.1,63.91,ORANGE,Cloudburst Flash Flood,1
45.37,57.78,22.09,6.22,0.63,7.25,GREEN,Normal Hydrological State,0
53.04,60.16,20.49,6.31,0.97,7.83,GREEN,Normal Hydrological State,0
7.35,33.43,10.49,3.41,0.11,5.11,GREEN,Normal Hydrological State,0
6.86,19.64,38.63,2.23,0.58,5.15,GREEN,Normal Hydrological State,0
7.54,31.66,28.51,3.65,0.37,5.2,GREEN,Normal Hydrological State,0
2.91,24.32,31.7,3.03,1.11,5.08,GREEN,Normal Hydrological State,0
5.04,21.66,5.87,1.57,0.22,5.04,GREEN,Normal Hydrological State,0
2.17,42.74,8.37,1.34,0.25,5.05,GREEN,Normal Hydrological State,0
5.32,47.25,38.99,2.38,0.96,5.26,GREEN,Normal Hydrological State,0
10.4,31.93,13.32,2.45,2.76,5.16,GREEN,Normal Hydrological State,0
4.76,41.13,19.63,1.77,0.02,5.13,GREEN,Normal Hydrological State,0
0.0,44.6,34.26,2.33,0.0,5.02,GREEN,Normal Hydrological State,0
4.92,16.59,18.13,2.22,0.71,5.06,GREEN,Normal Hydrological State,0
6.72,64.8,45.71,10.58,6.93,96.09,RED,Seismic GLOF Warning,1
3.39,53.06,32.22,3.23,0.15,5.17,GREEN,Normal Hydrological State,0
1.36,55.44,11.48,2.57,0.47,5.05,GREEN,Normal Hydrological State,0
1.77,50.78,11.79,0.93,0.74,5.05,GREEN,Normal Hydrological State,0
1.16,52.02,37.6,8.99,6.66,74.63,ORANGE,Seismic GLOF Warning,1
1.26,36.83,24.44,2.11,0.0,5.05,GREEN,Normal Hydrological State,0
1.88,67.62,46.51,9.33,7.27,92.84,RED,Seismic GLOF Warning,1
18.12,42.02,30.0,1.95,0.46,5.64,GREEN,Normal Hydrological State,0
10.53,54.97,40.28,2.19,0.02,5.6,GREEN,Normal Hydrological State,0
5.07,51.22,34.66,9.31,5.75,60.73,ORANGE,Seismic GLOF Warning,1
3.71,39.12,11.4,2.54,1.41,5.07,GREEN,Normal Hydrological State,0
8.19,28.25,24.91,2.58,0.84,5.18,GREEN,Normal Hydrological State,0
3.95,30.38,43.65,2.71,0.73,5.14,GREEN,Normal Hydrological State,0
11.71,52.69,13.06,3.35,0.17,5.28,GREEN,Normal Hydrological State,0
3.03,28.5,4.07,1.98,0.0,5.04,GREEN,Normal Hydrological State,0
0.0,48.38,42.89,1.65,0.93,5.02,GREEN,Normal Hydrological State,0
8.62,40.2,37.04,1.0,3.33,5.34,GREEN,Normal Hydrological State,0
3.61,40.39,43.48,1.51,0.08,5.17,GREEN,Normal Hydrological State,0
7.7,44.88,26.03,2.17,0.28,5.27,GREEN,Normal Hydrological State,0
2.32,52.28,29.43,2.57,0.08,5.11,GREEN,Normal Hydrological State,0
11.63,27.0,35.71,4.17,0.75,5.3,GREEN,Normal Hydrological State,0
7.28,42.59,19.56,3.0,0.24,5.2,GREEN,Normal Hydrological State,0
48.18,59.68,48.17,5.52,1.26,9.08,GREEN,Normal Hydrological State,0
0.14,57.48,57.24,11.2,6.03,96.17,RED,Seismic GLOF Warning,1
55.22,71.31,21.85,6.19,2.96,8.36,GREEN,Normal Hydrological State,0
6.95,21.72,18.61,0.8,0.13,5.1,GREEN,Normal Hydrological State,0
5.45,44.95,35.92,2.94,0.47,5.24,GREEN,Normal Hydrological State,0
2.29,15.94,10.66,1.83,0.23,5.03,GREEN,Normal Hydrological State,0
1.72,20.46,40.93,3.78,0.24,5.05,GREEN,Normal Hydrological State,0
11.23,47.96,34.34,11.63,6.63,95.62,RED,Seismic GLOF Warning,1
0.92,32.06,15.53,2.34,0.33,5.03,GREEN,Normal Hydrological State,0
0.0,51.34,44.25,9.64,4.52,44.31,YELLOW,River Overflow / Stage Exceeded,0
5.11,51.66,28.63,3.48,0.4,5.22,GREEN,Normal Hydrological State,0
10.0,40.61,21.46,1.9,0.69,5.27,GREEN,Normal Hydrological State,0
88.67,91.63,56.69,8.71,0.36,62.39,ORANGE,Cloudburst Flash Flood,1
55.59,72.18,44.9,6.82,2.77,14.48,GREEN,Saturated Soil Runoff,0
101.61,95.77,48.26,9.54,0.61,78.66,RED,Cloudburst Flash Flood,1
1.18,35.83,57.43,9.83,6.86,96.14,RED,Seismic GLOF Warning,1
7.63,22.94,30.45,2.95,0.59,5.16,GREEN,Normal Hydrological State,0
3.92,18.51,17.69,1.98,0.3,5.06,GREEN,Normal Hydrological State,0
3.2,34.49,34.01,2.53,0.1,5.11,GREEN,Normal Hydrological State,0
1.29,49.45,23.38,2.36,0.31,5.06,GREEN,Normal Hydrological State,0
0.0,33.66,19.7,3.4,0.49,5.02,GREEN,Normal Hydrological State,0
5.04,61.36,48.03,9.82,6.58,91.14,RED,Seismic GLOF Warning,1
7.27,45.55,12.64,2.81,1.19,5.15,GREEN,Normal Hydrological State,0
11.05,52.28,36.37,2.18,0.6,5.55,GREEN,Normal Hydrological State,0
1.19,31.73,25.36,1.57,0.8,5.05,GREEN,Normal Hydrological State,0
1.6,40.65,47.43,10.28,5.5,80.35,RED,Seismic GLOF Warning,1
5.5,44.95,31.1,3.2,0.23,5.22,GREEN,Normal Hydrological State,0
3.21,23.09,17.91,0.85,1.17,5.06,GREEN,Normal Hydrological State,0
9.08,28.66,6.07,3.37,0.71,5.08,GREEN,Normal Hydrological State,0
0.0,43.78,58.25,11.12,4.94,84.61,RED,Seismic GLOF Warning,1
8.17,37.44,30.7,2.87,0.06,5.27,GREEN,Normal Hydrological State,0
0.23,18.33,11.14,2.93,0.1,5.02,GREEN,Normal Hydrological State,0
0.0,53.2,30.09,4.0,1.47,5.02,GREEN,Normal Hydrological State,0
71.75,80.03,47.96,8.43,0.24,40.28,YELLOW,Cloudburst Flash Flood,0
2.64,33.28,44.67,4.6,0.28,5.11,GREEN,Normal Hydrological State,0
3.33,57.9,34.56,11.59,5.77,91.0,RED,Seismic GLOF Warning,1
5.3,22.31,13.54,2.77,0.06,5.07,GREEN,Normal Hydrological State,0
3.7,48.66,19.04,4.41,0.95,5.12,GREEN,Normal Hydrological State,0
8.29,30.59,17.11,3.3,1.2,5.15,GREEN,Normal Hydrological State,0
66.37,85.97,40.61,7.74,1.34,27.38,GREEN,River Overflow / Stage Exceeded,0
4.53,25.2,9.11,3.5,1.32,5.06,GREEN,Normal Hydrological State,0
31.62,68.7,35.6,4.93,1.77,7.27,GREEN,Normal Hydrological State,0
1.15,56.02,18.79,1.46,0.37,5.06,GREEN,Normal Hydrological State,0
148.65,85.92,29.51,7.25,0.57,40.82,YELLOW,Cloudburst Flash Flood,0
139.23,77.4,31.52,7.81,0.08,43.22,YELLOW,Cloudburst Flash Flood,0
6.67,22.58,37.19,1.45,0.56,5.16,GREEN,Normal Hydrological State,0
3.77,13.98,37.3,3.77,0.04,5.07,GREEN,Normal Hydrological State,0
57.85,57.41,43.79,6.78,1.06,12.4,GREEN,Normal Hydrological State,0
8.01,27.37,21.17,1.96,0.51,5.15,GREEN,Normal Hydrological State,0
1.98,55.99,21.59,1.88,0.58,5.09,GREEN,Normal Hydrological State,0
6.0,24.75,22.49,2.65,0.64,5.11,GREEN,Normal Hydrological State,0
39.5,56.7,26.54,6.47,1.54,7.86,GREEN,Normal Hydrological State,0
123.43,86.63,29.91,10.76,0.61,86.39,RED,Cloudburst Flash Flood,1
32.41,65.38,32.34,5.54,1.52,7.04,GREEN,Normal Hydrological State,0
4.11,29.67,6.62,2.59,0.46,5.05,GREEN,Normal Hydrological State,0
6.22,43.21,7.91,2.58,0.48,5.1,GREEN,Normal Hydrological State,0
86.25,77.76,46.64,10.74,0.92,82.76,RED,Cloudburst Flash Flood,1
58.84,68.82,39.82,4.85,3.51,10.47,GREEN,Normal Hydrological State,0
73.19,78.36,31.79,7.44,1.39,20.92,GREEN,Cloudburst Flash Flood,0
4.47,50.12,33.83,4.29,0.14,5.21,GREEN,Normal Hydrological State,0
3.07,31.24,30.54,0.86,0.82,5.1,GREEN,Normal Hydrological State,0
12.17,35.66,46.19,2.13,0.23,5.49,GREEN,Normal Hydrological State,0
5.02,34.98,31.1,2.58,0.42,5.16,GREEN,Normal Hydrological State,0
6.09,35.59,30.47,1.86,0.09,5.19,GREEN,Normal Hydrological State,0
110.96,83.21,45.8,7.32,1.4,40.56,YELLOW,Cloudburst Flash Flood,0
8.42,44.11,9.79,3.95,1.66,5.14,GREEN,Normal Hydrological State,0
1.18,42.75,33.86,11.78,6.04,93.31,RED,Seismic GLOF Warning,1
4.87,60.41,37.29,11.18,6.95,95.75,RED,Seismic GLOF Warning,1
36.89,66.65,31.56,6.75,2.37,9.51,GREEN,Normal Hydrological State,0
9.66,24.81,33.35,3.24,0.84,5.22,GREEN,Normal Hydrological State,0
10.54,49.81,41.49,2.45,0.13,5.55,GREEN,Normal Hydrological State,0
105.42,84.66,32.94,8.71,2.18,51.73,YELLOW,Cloudburst Flash Flood,1
4.71,15.47,41.03,2.51,1.26,5.09,GREEN,Normal Hydrological State,0
2.92,26.16,12.6,3.53,1.38,5.05,GREEN,Normal Hydrological State,0
3.14,21.78,13.09,3.7,1.19,5.05,GREEN,Normal Hydrological State,0
0.0,36.5,46.89,11.63,7.31,98.9,RED,Seismic GLOF Warning,1
4.76,51.29,20.24,2.64,0.29,5.16,GREEN,Normal Hydrological State,0
6.87,25.21,20.15,2.18,1.35,5.12,GREEN,Normal Hydrological State,0
40.38,69.74,19.6,6.63,1.01,8.38,GREEN,Normal Hydrological State,0
26.14,61.28,22.29,5.39,1.88,6.1,GREEN,Normal Hydrological State,0
2.08,43.27,28.18,1.64,0.06,5.09,GREEN,Normal Hydrological State,0
2.24,50.64,32.82,1.2,0.0,5.11,GREEN,Normal Hydrological State,0
4.57,46.4,11.61,1.6,0.69,5.1,GREEN,Normal Hydrological State,0
99.0,94.73,55.06,11.38,2.36,94.79,RED,Cloudburst Flash Flood,1
24.66,36.59,8.77,2.88,0.18,5.3,GREEN,Normal Hydrological State,0
133.95,100.0,50.52,9.71,1.83,91.11,RED,Cloudburst Flash Flood,1
15.69,48.69,33.48,3.34,0.42,5.69,GREEN,Normal Hydrological State,0
9.82,22.25,7.53,2.2,0.8,5.08,GREEN,Normal Hydrological State,0
1.16,38.62,23.27,2.91,2.0,5.05,GREEN,Normal Hydrological State,0
9.2,22.05,24.46,4.39,0.47,5.16,GREEN,Normal Hydrological State,0
37.78,73.32,27.26,4.75,3.03,7.41,GREEN,Normal Hydrological State,0
48.96,72.36,38.95,6.06,3.12,9.57,GREEN,Normal Hydrological State,0
0.69,53.22,32.43,11.91,5.69,91.81,RED,Seismic GLOF Warning,1
1.08,25.77,29.46,1.76,0.02,5.04,GREEN,Normal Hydrological State,0
54.09,69.56,37.33,6.63,3.59,11.79,GREEN,Normal Hydrological State,0
3.09,25.07,14.44,2.42,0.11,5.06,GREEN,Normal Hydrological State,0
3.52,47.53,58.22,11.09,6.25,97.1,RED,Seismic GLOF Warning,1
7.18,75.37,33.66,7.25,6.92,49.61,YELLOW,Seismic GLOF Warning,0
33.88,73.69,40.77,6.53,2.51,9.39,GREEN,Normal Hydrological State,0
12.33,39.84,35.96,2.89,1.9,5.47,GREEN,Normal Hydrological State,0
44.72,67.25,40.73,4.57,2.21,8.77,GREEN,Normal Hydrological State,0
8.73,46.11,33.17,3.02,0.66,5.36,GREEN,Normal Hydrological State,0
7.78,29.59,8.82,1.29,1.11,5.09,GREEN,Normal Hydrological State,0
10.43,46.04,46.06,9.29,4.75,46.77,YELLOW,River Overflow / Stage Exceeded,0
27.15,62.24,20.07,6.81,0.91,8.08,GREEN,Normal Hydrological State,0
15.18,42.19,40.0,1.44,0.2,5.66,GREEN,Normal Hydrological State,0
6.32,33.74,12.93,2.12,0.43,5.11,GREEN,Normal Hydrological State,0
67.17,84.12,32.84,10.53,0.88,71.37,ORANGE,River Overflow / Stage Exceeded,1
114.01,96.35,48.74,7.21,1.58,50.68,YELLOW,Cloudburst Flash Flood,1
4.55,42.45,27.2,4.09,0.0,5.16,GREEN,Normal Hydrological State,0
0.74,70.84,33.83,8.67,6.46,61.36,ORANGE,Seismic GLOF Warning,1
11.34,41.32,16.68,2.93,1.27,5.26,GREEN,Normal Hydrological State,0
117.95,98.89,34.34,11.48,0.08,94.35,RED,Cloudburst Flash Flood,1
29.73,67.25,16.73,5.49,1.21,6.1,GREEN,Normal Hydrological State,0
89.46,94.07,26.24,8.78,1.78,45.26,YELLOW,Cloudburst Flash Flood,0
6.19,35.5,51.04,10.56,4.52,65.4,ORANGE,River Overflow / Stage Exceeded,1
5.08,51.03,22.27,3.28,0.18,5.18,GREEN,Normal Hydrological State,0
2.67,76.03,34.32,11.67,6.54,95.19,RED,Seismic GLOF Warning,1
124.65,78.78,37.56,9.74,0.33,76.06,RED,Cloudburst Flash Flood,1
0.0,37.51,40.82,3.12,0.4,5.02,GREEN,Normal Hydrological State,0
30.86,55.48,21.44,6.3,1.46,6.65,GREEN,Normal Hydrological State,0
8.51,15.72,32.62,2.51,0.58,5.13,GREEN,Normal Hydrological State,0
4.64,34.1,5.97,3.14,0.71,5.06,GREEN,Normal Hydrological State,0
11.01,19.57,17.59,3.03,0.06,5.13,GREEN,Normal Hydrological State,0
4.86,23.73,19.21,3.59,1.34,5.08,GREEN,Normal Hydrological State,0
8.58,31.91,22.98,1.83,0.54,5.2,GREEN,Normal Hydrological State,0
6.4,52.09,31.35,2.31,1.19,5.29,GREEN,Normal Hydrological State,0
46.87,66.05,39.53,6.79,1.49,11.54,GREEN,Normal Hydrological State,0
7.35,27.93,6.2,2.32,0.78,5.07,GREEN,Normal Hydrological State,0
14.66,44.44,6.43,2.29,0.34,5.17,GREEN,Normal Hydrological State,0
10.53,74.02,39.82,7.8,6.18,52.62,YELLOW,Seismic GLOF Warning,1
3.75,40.43,46.58,10.96,5.3,85.1,RED,Seismic GLOF Warning,1
2.44,17.51,17.81,2.08,0.03,5.04,GREEN,Normal Hydrological State,0
8.96,26.65,26.95,2.35,0.71,5.19,GREEN,Normal Hydrological State,0
4.12,40.58,38.54,2.35,1.64,5.18,GREEN,Normal Hydrological State,0
1.9,56.25,17.75,3.56,0.22,5.08,GREEN,Normal Hydrological State,0
8.68,34.09,31.5,2.95,0.4,5.26,GREEN,Normal Hydrological State,0
9.24,38.73,36.96,2.63,0.56,5.35,GREEN,Normal Hydrological State,0
6.1,39.05,8.33,1.72,0.81,5.09,GREEN,Normal Hydrological State,0
5.19,16.95,38.88,3.53,0.04,5.1,GREEN,Normal Hydrological State,0
7.92,57.65,16.63,2.24,0.39,5.25,GREEN,Normal Hydrological State,0
34.73,56.94,32.95,5.88,1.88,6.92,GREEN,Normal Hydrological State,0
6.96,53.93,13.43,2.6,0.92,5.18,GREEN,Normal Hydrological State,0
99.69,87.96,31.93,7.17,2.23,27.48,GREEN,Cloudburst Flash Flood,0
40.49,57.96,41.0,5.18,3.19,7.79,GREEN,Normal Hydrological State,0
51.41,65.16,34.95,4.93,1.73,8.79,GREEN,Normal Hydrological State,0
3.42,44.46,12.26,3.02,0.18,5.08,GREEN,Normal Hydrological State,0
11.17,42.87,18.44,2.07,0.42,5.28,GREEN,Normal Hydrological State,0
0.67,30.88,43.47,3.15,0.42,5.04,GREEN,Normal Hydrological State,0
52.22,79.12,22.85,6.1,2.38,8.49,GREEN,Normal Hydrological State,0
37.0,69.83,20.82,6.55,0.47,8.03,GREEN,Normal Hydrological State,0
34.25,77.33,29.76,4.73,2.43,7.47,GREEN,Normal Hydrological State,0
1.71,23.45,38.26,1.62,0.23,5.06,GREEN,Normal Hydrological State,0
68.41,86.28,42.7,7.23,0.49,23.17,GREEN,River Overflow / Stage Exceeded,0
3.16,54.43,17.26,2.99,0.53,5.11,GREEN,Normal Hydrological State,0
126.74,76.59,25.61,11.29,1.51,87.81,RED,Cloudburst Flash Flood,1
0.26,56.38,57.9,8.65,5.02,47.03,YELLOW,Seismic GLOF Warning,0
1.58,28.05,55.77,9.99,6.0,89.23,RED,Seismic GLOF Warning,1
39.73,61.58,49.45,5.23,1.34,8.39,GREEN,Normal Hydrological State,0
8.89,33.33,17.1,1.73,0.84,5.17,GREEN,Normal Hydrological State,0
3.03,55.04,29.09,1.99,0.38,5.15,GREEN,Normal Hydrological State,0
3.73,38.36,29.62,2.08,0.35,5.13,GREEN,Normal Hydrological State,0
11.14,42.36,28.57,2.05,1.92,5.38,GREEN,Normal Hydrological State,0
1.89,39.85,13.13,1.61,0.15,5.05,GREEN,Normal Hydrological State,0
1.92,64.22,34.14,7.98,6.22,45.93,YELLOW,Seismic GLOF Warning,0
88.4,96.11,40.35,7.9,2.01,41.84,YELLOW,Cloudburst Flash Flood,0
4.76,60.02,41.49,12.38,6.76,98.64,RED,Seismic GLOF Warning,1
62.16,56.3,31.53,5.75,3.07,8.65,GREEN,Normal Hydrological State,0
26.93,76.59,32.34,5.02,3.21,6.98,GREEN,Normal Hydrological State,0
27.59,76.57,20.42,5.52,1.82,6.38,GREEN,Normal Hydrological State,0
50.7,73.53,25.45,5.02,1.98,8.25,GREEN,Normal Hydrological State,0
7.96,68.51,40.11,11.26,6.38,94.74,RED,Seismic GLOF Warning,1
14.73,34.59,19.23,2.62,1.3,5.31,GREEN,Normal Hydrological State,0
55.37,64.3,27.55,6.83,0.59,11.04,GREEN,Normal Hydrological State,0
4.17,50.41,21.48,3.62,0.39,5.15,GREEN,Normal Hydrological State,0
7.36,39.87,15.28,2.46,0.75,5.16,GREEN,Normal Hydrological State,0
39.67,79.01,41.32,6.76,0.68,11.64,GREEN,Normal Hydrological State,0
5.5,53.1,33.69,2.59,1.59,5.27,GREEN,Normal Hydrological State,0
0.77,39.31,25.57,2.49,0.55,5.04,GREEN,Normal Hydrological State,0
0.0,37.33,32.13,7.46,7.12,51.59,YELLOW,Seismic GLOF Warning,1
3.98,25.19,29.55,2.56,0.51,5.1,GREEN,Normal Hydrological State,0
14.99,27.0,27.47,1.23,0.61,5.32,GREEN,Normal Hydrological State,0
13.99,24.3,26.32,1.92,0.08,5.26,GREEN,Normal Hydrological State,0
0.25,17.96,41.03,1.27,0.28,5.03,GREEN,Normal Hydrological State,0
1.21,42.18,39.37,1.19,0.1,5.07,GREEN,Normal Hydrological State,0
2.05,33.21,41.82,4.3,0.0,5.09,GREEN,Normal Hydrological State,0
55.19,70.92,36.54,5.58,0.76,9.83,GREEN,Normal Hydrological State,0
9.0,22.94,16.31,2.6,0.68,5.12,GREEN,Normal Hydrological State,0
42.33,77.5,40.73,6.4,3.38,10.28,GREEN,Normal Hydrological State,0
12.54,23.35,15.7,1.66,0.45,5.16,GREEN,Normal Hydrological State,0
7.17,57.54,8.38,3.75,0.12,5.14,GREEN,Normal Hydrological State,0
3.12,72.97,52.62,8.8,5.26,54.94,YELLOW,Seismic GLOF Warning,1
6.0,32.23,40.41,2.29,1.08,5.21,GREEN,Normal Hydrological State,0
6.06,40.76,14.59,4.01,0.53,5.13,GREEN,Normal Hydrological State,0
5.13,52.7,26.21,2.09,1.0,5.21,GREEN,Normal Hydrological State,0
2.8,44.88,42.63,2.27,1.71,5.15,GREEN,Normal Hydrological State,0
4.39,52.48,54.01,10.39,7.33,98.32,RED,Seismic GLOF Warning,1
22.23,46.63,15.66,3.96,0.18,5.53,GREEN,Normal Hydrological State,0
3.35,44.29,37.3,2.07,0.16,5.16,GREEN,Normal Hydrological State,0
62.09,53.28,19.63,6.58,2.75,8.66,GREEN,Normal Hydrological State,0
27.07,55.83,44.96,4.67,2.05,6.79,GREEN,Normal Hydrological State,0
1.44,46.45,36.56,11.88,5.23,89.66,RED,River Overflow / Stage Exceeded,1
47.62,79.63,43.7,6.24,0.84,11.02,GREEN,Normal Hydrological State,0
97.02,92.22,37.77,7.0,0.65,30.12,GREEN,Cloudburst Flash Flood,0
43.22,77.92,38.0,6.57,2.37,10.86,GREEN,Normal Hydrological State,0
9.0,42.04,24.67,1.14,0.01,5.28,GREEN,Normal Hydrological State,0
7.2,21.94,30.98,1.97,0.06,5.15,GREEN,Normal Hydrological State,0
28.61,73.27,47.01,6.74,0.91,9.91,GREEN,Normal Hydrological State,0
3.83,19.25,40.93,3.02,1.21,5.09,GREEN,Normal Hydrological State,0
1.12,36.01,12.31,2.49,0.14,5.04,GREEN,Normal Hydrological State,0
1.34,27.16,32.22,1.64,2.54,5.05,GREEN,Normal Hydrological State,0
10.59,20.38,32.9,1.89,1.2,5.2,GREEN,Normal Hydrological State,0
27.94,59.58,14.79,5.62,1.66,5.82,GREEN,Normal Hydrological State,0
6.69,43.14,21.52,2.91,0.41,5.2,GREEN,Normal Hydrological State,0
0.0,46.5,52.79,7.96,5.18,37.41,YELLOW,Seismic GLOF Warning,0
5.19,42.83,35.63,11.37,7.44,97.21,RED,Seismic GLOF Warning,1
3.91,52.54,28.11,7.6,5.22,20.43,GREEN,River Overflow / Stage Exceeded,0
3.55,52.92,31.67,3.17,0.08,5.17,GREEN,Normal Hydrological State,0
4.52,31.88,8.07,3.29,1.77,5.06,GREEN,Normal Hydrological State,0
10.11,44.98,42.75,2.01,0.62,5.49,GREEN,Normal Hydrological State,0
81.71,98.72,26.48,10.83,1.52,79.76,RED,Cloudburst Flash Flood,1
3.44,51.95,14.06,2.19,0.25,5.1,GREEN,Normal Hydrological State,0
39.75,71.46,40.75,6.15,1.99,8.79,GREEN,Normal Hydrological State,0
5.46,20.89,45.03,1.52,0.01,5.14,GREEN,Normal Hydrological State,0
2.2,18.29,29.22,3.75,0.87,5.05,GREEN,Normal Hydrological State,0
6.12,26.16,21.4,2.74,0.13,5.12,GREEN,Normal Hydrological State,0
18.41,23.95,9.84,1.51,0.56,5.17,GREEN,Normal Hydrological State,0
2.37,57.63,53.0,10.85,4.64,73.66,ORANGE,River Overflow / Stage Exceeded,1
3.67,31.76,34.17,1.91,0.09,5.12,GREEN,Normal Hydrological State,0
107.7,82.01,54.1,7.55,0.31,46.64,YELLOW,Cloudburst Flash Flood,0
20.41,29.12,34.17,3.9,0.89,5.55,GREEN,Normal Hydrological State,0
2.14,34.26,7.48,1.98,0.72,5.04,GREEN,Normal Hydrological State,0
36.46,60.38,30.97,6.6,0.99,8.56,GREEN,Normal Hydrological State,0
34.17,76.94,32.54,5.55,2.13,7.64,GREEN,Normal Hydrological State,0
1.71,33.84,42.6,2.98,0.35,5.08,GREEN,Normal Hydrological State,0
9.03,46.58,35.99,2.23,0.96,5.4,GREEN,Normal Hydrological State,0
147.26,100.0,35.95,8.68,1.38,76.98,RED,Cloudburst Flash Flood,1
27.09,58.74,48.32,6.21,2.43,7.34,GREEN,Normal Hydrological State,0
37.33,54.36,18.82,4.72,2.94,6.24,GREEN,Normal Hydrological State,0
7.34,50.57,38.76,2.32,0.21,5.37,GREEN,Normal Hydrological State,0
2.23,53.16,39.72,1.57,0.1,5.13,GREEN,Normal Hydrological State,0
4.93,22.84,18.59,4.45,0.34,5.08,GREEN,Normal Hydrological State,0
1.5,29.82,56.04,11.19,7.43,99.0,RED,Seismic GLOF Warning,1
2.5,23.65,19.31,3.72,0.37,5.05,GREEN,Normal Hydrological State,0
0.29,44.95,22.45,1.96,0.6,5.03,GREEN,Normal Hydrological State,0
143.52,88.75,32.27,9.69,1.43,80.58,RED,Cloudburst Flash Flood,1
130.38,84.59,27.64,8.41,1.64,49.91,YELLOW,Cloudburst Flash Flood,0
1.67,35.61,22.16,1.58,0.04,5.06,GREEN,Normal Hydrological State,0
83.29,80.06,28.37,8.92,1.4,42.94,YELLOW,Cloudburst Flash Flood,0
5.26,33.76,32.49,3.01,0.68,5.17,GREEN,Normal Hydrological State,0
145.53,88.23,50.8,7.34,1.82,64.2,ORANGE,Cloudburst Flash Flood,1
53.81,72.63,20.16,6.21,2.42,8.17,GREEN,Normal Hydrological State,0
0.0,39.04,32.9,2.82,0.53,5.02,GREEN,Normal Hydrological State,0
1.84,26.34,14.29,3.53,0.72,5.04,GREEN,Normal Hydrological State,0
54.9,64.33,28.97,4.5,1.18,8.42,GREEN,Normal Hydrological State,0
2.16,51.07,47.65,7.52,5.11,27.19,GREEN,Seismic GLOF Warning,0
4.68,46.19,22.64,3.7,0.67,5.16,GREEN,Normal Hydrological State,0
0.0,21.1,31.15,4.32,0.0,5.02,GREEN,Normal Hydrological State,0
1.42,20.33,36.98,1.87,0.3,5.05,GREEN,Normal Hydrological State,0
29.64,62.55,19.24,5.07,3.06,6.14,GREEN,Normal Hydrological State,0
52.13,71.11,20.29,4.91,1.04,7.62,GREEN,Normal Hydrological State,0
98.32,96.24,46.85,9.86,2.19,81.08,RED,Cloudburst Flash Flood,1
3.27,51.25,30.3,2.83,1.54,5.15,GREEN,Normal Hydrological State,0
2.0,23.53,9.48,2.06,0.22,5.04,GREEN,Normal Hydrological State,0
13.34,19.71,6.65,2.48,0.13,5.08,GREEN,Normal Hydrological State,0
3.06,21.12,5.38,1.96,2.1,5.03,GREEN,Normal Hydrological State,0
0.0,23.0,11.62,1.24,0.23,5.02,GREEN,Normal Hydrological State,0
35.43,65.11,40.57,5.71,1.77,7.71,GREEN,Normal Hydrological State,0
6.52,49.45,39.24,2.68,0.79,5.33,GREEN,Normal Hydrological State,0
8.29,55.19,11.8,3.24,0.4,5.2,GREEN,Normal Hydrological State,0
9.07,54.97,56.97,10.59,6.97,98.29,RED,Seismic GLOF Warning,1
5.01,31.77,25.68,3.61,3.19,5.13,GREEN,Normal Hydrological State,0
0.19,28.8,22.88,1.82,0.58,5.02,GREEN,Normal Hydrological State,0
0.0,45.1,17.97,2.6,0.23,5.02,GREEN,Normal Hydrological State,0
1.91,77.05,49.13,9.48,5.37,67.07,ORANGE,Seismic GLOF Warning,1
49.25,75.29,36.23,6.39,3.55,10.53,GREEN,Normal Hydrological State,0
1.1,39.6,20.24,2.21,0.38,5.05,GREEN,Normal Hydrological State,0
51.43,51.62,15.55,4.2,1.24,6.41,GREEN,Normal Hydrological State,0
26.05,74.35,39.39,5.64,2.82,7.16,GREEN,Normal Hydrological State,0
30.72,72.91,17.26,6.86,2.37,8.55,GREEN,Normal Hydrological State,0
2.79,44.69,28.54,1.94,0.59,5.11,GREEN,Normal Hydrological State,0
0.0,30.14,28.19,1.67,1.27,5.02,GREEN,Normal Hydrological State,0
4.3,11.18,38.49,2.09,0.68,5.07,GREEN,Normal Hydrological State,0
5.98,34.27,21.78,3.27,0.95,5.15,GREEN,Normal Hydrological State,0
45.94,62.1,43.92,6.18,1.73,9.1,GREEN,Normal Hydrological State,0
24.25,22.63,11.14,2.27,3.19,5.22,GREEN,Normal Hydrological State,0
2.04,50.03,11.33,1.85,0.0,5.06,GREEN,Normal Hydrological State,0
54.11,81.8,40.8,5.76,1.71,11.32,GREEN,Saturated Soil Runoff,0
140.76,90.09,34.02,9.08,0.54,73.86,ORANGE,Cloudburst Flash Flood,1
6.3,36.55,31.43,2.18,0.61,5.21,GREEN,Normal Hydrological State,0
16.35,44.89,36.18,1.81,0.81,5.7,GREEN,Normal Hydrological State,0
8.87,51.45,42.2,10.42,7.46,96.6,RED,Seismic GLOF Warning,1
1.72,32.94,38.16,11.88,6.58,96.8,RED,Seismic GLOF Warning,1
10.72,50.95,19.14,2.71,0.3,5.33,GREEN,Normal Hydrological State,0
5.01,49.65,28.02,2.94,0.19,5.21,GREEN,Normal Hydrological State,0
40.85,68.64,31.26,6.9,2.87,10.68,GREEN,Normal Hydrological State,0
96.13,90.56,37.46,8.16,0.2,44.96,YELLOW,Cloudburst Flash Flood,0
0.0,70.0,44.28,11.63,6.24,96.06,RED,Seismic GLOF Warning,1
0.0,32.94,35.87,2.03,0.44,5.02,GREEN,Normal Hydrological State,0
5.6,42.93,15.02,2.4,0.16,5.13,GREEN,Normal Hydrological State,0
1.44,55.01,42.38,10.09,6.41,87.91,RED,Seismic GLOF Warning,1
19.59,52.72,25.75,3.9,0.46,5.78,GREEN,Normal Hydrological State,0
69.72,84.03,40.89,7.3,1.52,23.13,GREEN,River Overflow / Stage Exceeded,0
0.0,36.43,7.21,2.32,0.86,5.02,GREEN,Normal Hydrological State,0
2.11,21.63,42.7,2.3,0.66,5.07,GREEN,Normal Hydrological State,0
1.19,53.94,14.63,0.84,0.25,5.05,GREEN,Normal Hydrological State,0
57.9,69.28,28.62,5.67,2.12,8.98,GREEN,Normal Hydrological State,0
11.75,20.31,4.69,1.27,1.63,5.06,GREEN,Normal Hydrological State,0
3.95,17.95,28.65,2.39,0.16,5.07,GREEN,Normal Hydrological State,0
1.43,39.95,37.97,4.02,0.81,5.07,GREEN,Normal Hydrological State,0
22.17,49.47,42.09,0.91,0.03,6.2,GREEN,Normal Hydrological State,0
30.43,54.3,22.09,5.02,1.78,6.13,GREEN,Normal Hydrological State,0
96.63,88.93,48.64,7.76,2.5,45.35,YELLOW,Cloudburst Flash Flood,0
1.89,48.29,41.64,2.53,0.29,5.11,GREEN,Normal Hydrological State,0
1.77,51.46,28.77,3.67,0.2,5.09,GREEN,Normal Hydrological State,0
1.46,31.24,30.6,2.15,0.23,5.06,GREEN,Normal Hydrological State,0
10.42,19.04,7.59,2.54,0.17,5.07,GREEN,Normal Hydrological State,0
14.01,21.73,13.26,3.33,0.9,5.15,GREEN,Normal Hydrological State,0
0.19,33.62,38.5,11.8,6.87,97.35,RED,Seismic GLOF Warning,1
2.55,46.79,23.85,1.14,0.38,5.1,GREEN,Normal Hydrological State,0
10.13,53.36,15.6,1.93,0.2,5.28,GREEN,Normal Hydrological State,0
5.6,26.93,34.03,3.28,0.8,5.15,GREEN,Normal Hydrological State,0
38.69,65.64,50.24,6.72,1.15,10.89,GREEN,Normal Hydrological State,0
6.38,23.7,20.56,2.95,0.96,5.11,GREEN,Normal Hydrological State,0
147.58,87.56,50.51,9.19,2.46,86.12,RED,Cloudburst Flash Flood,1
0.66,40.96,47.3,9.19,5.04,50.96,YELLOW,Seismic GLOF Warning,1
35.38,62.0,50.19,6.24,1.21,8.47,GREEN,Normal Hydrological State,0
87.79,98.48,37.57,10.77,1.01,85.47,RED,Cloudburst Flash Flood,1
18.06,24.83,12.57,1.87,1.16,5.2,GREEN,Normal Hydrological State,0
8.41,26.5,5.63,2.72,1.75,5.07,GREEN,Normal Hydrological State,0
6.9,53.27,16.11,1.65,0.24,5.2,GREEN,Normal Hydrological State,0
5.98,44.44,22.07,4.07,0.02,5.19,GREEN,Normal Hydrological State,0
122.51,84.12,31.02,9.38,0.93,67.33,ORANGE,Cloudburst Flash Flood,1
138.34,83.73,49.47,9.41,2.09,83.92,RED,Cloudburst Flash Flood,1
13.36,27.57,17.21,1.88,0.29,5.21,GREEN,Normal Hydrological State,0
1.75,49.67,39.2,2.91,0.12,5.1,GREEN,Normal Hydrological State,0
0.0,44.78,35.07,2.66,0.51,5.02,GREEN,Normal Hydrological State,0
47.39,69.91,37.38,4.77,2.53,8.97,GREEN,Normal Hydrological State,0
11.83,21.47,21.43,2.86,1.46,5.17,GREEN,Normal Hydrological State,0
1.11,36.68,39.71,2.37,0.82,5.06,GREEN,Normal Hydrological State,0
38.21,55.35,31.84,5.88,1.01,7.01,GREEN,Normal Hydrological State,0
0.56,20.04,31.89,1.14,1.62,5.03,GREEN,Normal Hydrological State,0
144.32,94.08,26.2,10.68,1.0,88.51,RED,Cloudburst Flash Flood,1
9.28,44.72,34.72,2.34,0.31,5.39,GREEN,Normal Hydrological State,0
2.85,16.68,42.54,3.36,0.55,5.07,GREEN,Normal Hydrological State,0
48.57,64.36,29.46,5.1,2.74,7.99,GREEN,Normal Hydrological State,0
2.23,40.65,55.94,9.88,4.69,58.39,ORANGE,River Overflow / Stage Exceeded,1
0.0,41.03,44.92,11.93,6.86,98.45,RED,Seismic GLOF Warning,1
114.57,79.3,51.29,8.87,2.11,67.68,ORANGE,Cloudburst Flash Flood,1
8.86,41.49,7.75,2.19,0.14,5.12,GREEN,Normal Hydrological State,0
35.51,64.25,28.73,5.86,1.96,7.01,GREEN,Normal Hydrological State,0
18.62,27.04,18.4,1.95,0.43,5.3,GREEN,Normal Hydrological State,0
84.21,96.26,44.9,9.73,1.81,73.35,ORANGE,Cloudburst Flash Flood,1
12.29,34.78,35.6,1.32,0.35,5.4,GREEN,Normal Hydrological State,0
119.17,80.43,52.95,7.91,2.27,56.0,ORANGE,Cloudburst Flash Flood,1
39.16,77.5,25.37,5.88,2.91,7.53,GREEN,Normal Hydrological State,0
14.79,20.58,8.21,2.1,0.15,5.11,GREEN,Normal Hydrological State,0
29.31,46.87,30.05,2.68,1.37,6.19,GREEN,Normal Hydrological State,0
7.36,43.3,7.37,1.33,0.69,5.1,GREEN,Normal Hydrological State,0
32.06,55.94,25.21,5.36,2.78,6.38,GREEN,Normal Hydrological State,0
2.79,36.93,26.2,3.26,0.47,5.09,GREEN,Normal Hydrological State,0
0.79,35.24,17.43,3.02,0.05,5.04,GREEN,Normal Hydrological State,0
45.14,70.38,40.15,4.56,3.06,9.0,GREEN,Normal Hydrological State,0
56.69,78.27,34.2,4.8,2.27,10.37,GREEN,Normal Hydrological State,0
7.63,19.63,25.28,3.14,0.23,5.12,GREEN,Normal Hydrological State,0
28.92,57.77,18.82,6.83,1.07,8.07,GREEN,Normal Hydrological State,0
2.1,60.44,50.61,11.54,6.23,96.96,RED,Seismic GLOF Warning,1
0.32,13.31,42.97,1.56,0.87,5.03,GREEN,Normal Hydrological State,0
149.51,90.34,38.44,9.24,1.9,81.92,RED,Cloudburst Flash Flood,1
2.65,30.36,29.94,2.41,0.69,5.08,GREEN,Normal Hydrological State,0
27.73,79.07,21.33,6.0,3.32,6.5,GREEN,Normal Hydrological State,0
93.49,83.38,30.69,9.1,0.54,52.35,YELLOW,Cloudburst Flash Flood,1
0.0,20.48,29.19,2.01,0.06,5.02,GREEN,Normal Hydrological State,0
40.13,67.18,17.09,5.89,2.02,6.56,GREEN,Normal Hydrological State,0
16.36,38.01,7.06,1.4,0.09,5.18,GREEN,Normal Hydrological State,0
5.0,33.09,29.95,1.16,0.14,5.15,GREEN,Normal Hydrological State,0
7.77,36.39,38.43,11.29,6.86,96.09,RED,Seismic GLOF Warning,1
3.17,18.41,17.97,3.11,0.02,5.05,GREEN,Normal Hydrological State,0
5.85,28.08,29.75,3.27,0.33,5.15,GREEN,Normal Hydrological State,0
7.96,34.8,4.28,1.17,0.46,5.07,GREEN,Normal Hydrological State,0
8.0,45.25,45.07,2.46,1.0,5.4,GREEN,Normal Hydrological State,0
6.28,68.94,36.52,8.15,5.48,37.56,YELLOW,Seismic GLOF Warning,0
10.2,27.82,17.19,3.23,1.41,5.17,GREEN,Normal Hydrological State,0
50.12,58.68,17.68,6.47,2.59,7.78,GREEN,Normal Hydrological State,0
1.79,42.28,17.75,1.54,1.32,5.06,GREEN,Normal Hydrological State,0
60.33,77.31,30.77,6.37,1.47,11.27,GREEN,Normal Hydrological State,0
3.51,51.67,8.66,2.79,0.56,5.07,GREEN,Normal Hydrological State,0
3.77,37.36,61.81,11.49,4.51,82.18,RED,River Overflow / Stage Exceeded,1
105.6,93.82,33.08,7.52,1.52,36.91,YELLOW,Cloudburst Flash Flood,0
3.87,50.39,12.04,3.61,1.67,5.1,GREEN,Normal Hydrological State,0
8.6,16.27,13.14,2.78,0.08,5.08,GREEN,Normal Hydrological State,0
3.53,41.48,29.49,2.53,0.16,5.13,GREEN,Normal Hydrological State,0
0.91,48.79,32.1,2.54,0.85,5.06,GREEN,Normal Hydrological State,0
1.78,13.31,8.62,3.8,0.37,5.03,GREEN,Normal Hydrological State,0
8.15,18.63,27.49,3.25,0.11,5.13,GREEN,Normal Hydrological State,0
0.77,46.54,56.08,10.87,6.24,95.93,RED,Seismic GLOF Warning,1
122.0,91.18,26.03,7.18,1.5,30.41,GREEN,Cloudburst Flash Flood,0
1.44,49.66,20.97,3.18,1.66,5.06,GREEN,Normal Hydrological State,0
43.62,67.7,26.46,6.1,1.14,7.69,GREEN,Normal Hydrological State,0
74.26,80.98,34.05,7.05,1.32,18.98,GREEN,Cloudburst Flash Flood,0
10.96,47.69,44.19,2.66,0.64,5.57,GREEN,Normal Hydrological State,0
4.99,47.08,22.66,3.43,1.84,5.17,GREEN,Normal Hydrological State,0
101.03,81.51,39.02,8.55,2.09,50.45,YELLOW,Cloudburst Flash Flood,1
1.09,66.02,45.03,9.67,6.69,89.05,RED,Seismic GLOF Warning,1
8.85,20.16,20.77,2.56,0.93,5.13,GREEN,Normal Hydrological State,0
12.21,38.53,5.09,3.25,1.95,5.11,GREEN,Normal Hydrological State,0
5.64,58.19,38.02,2.73,0.46,5.33,GREEN,Normal Hydrological State,0
4.57,23.6,36.67,2.47,1.77,5.12,GREEN,Normal Hydrological State,0
3.38,11.66,7.46,3.36,0.72,5.03,GREEN,Normal Hydrological State,0
0.0,52.71,26.29,2.42,0.35,5.02,GREEN,Normal Hydrological State,0
54.75,65.8,26.3,6.07,2.42,8.31,GREEN,Normal Hydrological State,0
59.48,71.26,22.02,6.63,2.8,10.18,GREEN,Normal Hydrological State,0
8.76,57.69,34.65,3.5,0.26,5.47,GREEN,Normal Hydrological State,0
3.6,37.69,35.63,2.27,0.15,5.14,GREEN,Normal Hydrological State,0
4.39,20.61,11.74,1.8,0.31,5.06,GREEN,Normal Hydrological State,0
3.36,47.36,39.09,2.93,0.64,5.17,GREEN,Normal Hydrological State,0
5.29,26.43,34.95,2.72,0.54,5.14,GREEN,Normal Hydrological State,0
0.0,52.23,34.59,1.19,0.47,5.02,GREEN,Normal Hydrological State,0
2.33,27.89,11.57,2.71,0.45,5.05,GREEN,Normal Hydrological State,0
4.24,25.74,31.72,3.69,0.98,5.11,GREEN,Normal Hydrological State,0
0.0,37.33,25.57,2.8,1.25,5.02,GREEN,Normal Hydrological State,0
0.2,43.92,42.57,3.47,0.21,5.03,GREEN,Normal Hydrological State,0
100.36,84.15,34.18,10.13,1.1,75.12,RED,Cloudburst Flash Flood,1
49.39,55.69,23.15,6.38,2.32,7.86,GREEN,Normal Hydrological State,0
6.48,20.59,17.23,2.22,0.96,5.09,GREEN,Normal Hydrological State,0
6.54,53.59,36.2,9.47,7.15,86.03,RED,Seismic GLOF Warning,1
8.5,36.0,46.43,7.55,7.34,81.23,RED,Seismic GLOF Warning,1
0.02,42.88,35.99,2.46,0.89,5.02,GREEN,Normal Hydrological State,0
2.06,35.98,17.08,3.7,0.46,5.06,GREEN,Normal Hydrological State,0
0.81,72.89,38.24,9.25,4.89,43.52,YELLOW,River Overflow / Stage Exceeded,0
10.34,22.93,38.45,1.63,0.2,5.24,GREEN,Normal Hydrological State,0
1.62,46.08,42.6,2.14,0.63,5.09,GREEN,Normal Hydrological State,0
4.29,50.45,16.81,1.27,0.13,5.13,GREEN,Normal Hydrological State,0
78.12,93.36,49.33,8.61,2.06,52.6,YELLOW,Cloudburst Flash Flood,1
2.56,58.79,51.53,10.29,7.61,98.41,RED,Seismic GLOF Warning,1
6.51,21.63,6.75,2.52,0.97,5.06,GREEN,Normal Hydrological State,0
28.5,65.87,27.98,6.9,2.67,9.12,GREEN,Normal Hydrological State,0
128.69,82.97,35.83,10.01,2.4,81.19,RED,Cloudburst Flash Flood,1
6.36,18.63,29.13,2.4,0.39,5.11,GREEN,Normal Hydrological State,0
70.12,82.93,40.91,8.78,1.08,43.8,YELLOW,Cloudburst Flash Flood,0
10.12,28.89,36.9,2.31,2.66,5.29,GREEN,Normal Hydrological State,0
3.54,15.18,25.08,1.75,1.24,5.06,GREEN,Normal Hydrological State,0
7.37,16.84,22.09,2.65,0.57,5.1,GREEN,Normal Hydrological State,0
0.0,24.56,6.13,2.81,0.19,5.02,GREEN,Normal Hydrological State,0
9.36,67.92,40.68,7.72,4.49,17.88,GREEN,River Overflow / Stage Exceeded,0
0.0,55.27,7.74,2.88,0.6,5.02,GREEN,Normal Hydrological State,0
2.56,44.06,18.74,2.91,0.34,5.08,GREEN,Normal Hydrological State,0
6.78,19.81,17.62,1.5,0.28,5.09,GREEN,Normal Hydrological State,0
1.53,34.15,45.04,10.21,5.27,73.66,ORANGE,Seismic GLOF Warning,1
2.15,39.97,23.25,1.45,0.08,5.08,GREEN,Normal Hydrological State,0
6.64,15.51,11.52,4.43,0.0,5.06,GREEN,Normal Hydrological State,0
21.44,27.0,23.15,3.31,0.11,5.4,GREEN,Normal Hydrological State,0
0.98,32.91,20.63,2.95,0.35,5.04,GREEN,Normal Hydrological State,0
6.99,48.11,8.62,2.7,0.14,5.12,GREEN,Normal Hydrological State,0
0.0,39.31,15.17,1.75,0.61,5.02,GREEN,Normal Hydrological State,0
52.53,54.15,31.09,5.1,2.71,7.8,GREEN,Normal Hydrological State,0
11.35,33.69,25.91,2.49,0.41,5.29,GREEN,Normal Hydrological State,0
10.72,54.25,21.07,2.66,0.01,5.38,GREEN,Normal Hydrological State,0
58.74,54.74,28.42,6.99,2.88,11.45,GREEN,Normal Hydrological State,0
128.37,89.84,38.95,8.99,0.1,72.36,ORANGE,Cloudburst Flash Flood,1
0.0,37.58,17.92,1.98,0.36,5.02,GREEN,Normal Hydrological State,0
4.75,51.1,41.66,10.71,6.68,93.99,RED,Seismic GLOF Warning,1
2.21,16.71,34.0,3.72,0.0,5.05,GREEN,Normal Hydrological State,0
2.03,46.24,23.79,1.31,0.49,5.08,GREEN,Normal Hydrological State,0
116.11,84.88,49.03,7.25,1.36,45.11,YELLOW,Cloudburst Flash Flood,0
128.69,79.71,50.17,10.12,1.62,87.3,RED,Cloudburst Flash Flood,1
3.59,49.23,28.39,0.75,0.14,5.15,GREEN,Normal Hydrological State,0
29.09,78.46,15.25,5.19,2.16,6.18,GREEN,Normal Hydrological State,0
39.65,74.11,44.08,6.06,3.27,8.99,GREEN,Normal Hydrological State,0
7.95,29.15,18.11,1.97,0.22,5.14,GREEN,Normal Hydrological State,0
46.07,76.31,44.15,6.56,1.03,11.78,GREEN,Normal Hydrological State,0
18.45,46.13,19.05,1.69,0.14,5.51,GREEN,Normal Hydrological State,0
11.8,22.87,6.42,2.5,1.12,5.08,GREEN,Normal Hydrological State,0
58.23,65.53,42.56,6.37,0.62,11.42,GREEN,Normal Hydrological State,0
28.32,67.56,31.75,7.04,2.87,10.01,GREEN,River Overflow / Stage Exceeded,0
8.5,53.7,38.13,1.7,0.36,5.45,GREEN,Normal Hydrological State,0
47.91,63.56,45.36,6.91,0.55,12.64,GREEN,Normal Hydrological State,0
10.94,17.04,6.49,2.28,0.19,5.06,GREEN,Normal Hydrological State,0
11.78,17.13,28.82,3.54,0.1,5.17,GREEN,Normal Hydrological State,0
96.71,86.48,43.11,10.24,2.21,80.65,RED,Cloudburst Flash Flood,1
8.59,44.09,40.02,3.4,0.72,5.39,GREEN,Normal Hydrological State,0
54.65,54.98,36.38,5.97,1.16,8.42,GREEN,Normal Hydrological State,0
12.77,30.58,44.02,1.72,0.15,5.43,GREEN,Normal Hydrological State,0
12.23,55.31,20.01,3.54,0.5,5.42,GREEN,Normal Hydrological State,0
10.56,24.03,35.22,2.22,1.14,5.24,GREEN,Normal Hydrological State,0
4.79,52.66,10.68,2.52,0.06,5.11,GREEN,Normal Hydrological State,0
0.0,59.69,43.28,8.25,5.12,34.24,GREEN,Seismic GLOF Warning,0
50.67,59.48,32.37,7.05,2.89,11.94,GREEN,River Overflow / Stage Exceeded,0
2.09,49.12,37.4,1.8,0.12,5.11,GREEN,Normal Hydrological State,0
0.65,27.7,20.75,2.83,0.13,5.03,GREEN,Normal Hydrological State,0
3.7,36.07,25.58,2.68,2.71,5.11,GREEN,Normal Hydrological State,0
42.54,66.19,34.45,6.42,1.02,9.05,GREEN,Normal Hydrological State,0
8.72,28.01,40.88,3.13,0.34,5.26,GREEN,Normal Hydrological State,0
14.45,40.95,11.33,1.36,3.32,5.24,GREEN,Normal Hydrological State,0
7.95,21.79,32.68,2.57,0.4,5.16,GREEN,Normal Hydrological State,0
2.91,60.09,57.31,9.74,6.74,95.33,RED,Seismic GLOF Warning,1
3.88,18.92,20.16,2.64,1.58,5.06,GREEN,Normal Hydrological State,0
2.18,23.12,29.49,2.55,0.09,5.06,GREEN,Normal Hydrological State,0
1.68,30.52,10.29,1.39,0.08,5.04,GREEN,Normal Hydrological State,0
150.95,77.21,42.32,10.66,1.73,91.85,RED,Cloudburst Flash Flood,1
1.45,32.98,30.83,2.28,0.18,5.06,GREEN,Normal Hydrological State,0
127.06,93.08,35.37,7.57,1.54,48.17,YELLOW,Cloudburst Flash Flood,0
8.75,17.36,43.29,1.48,0.2,5.17,GREEN,Normal Hydrological State,0
11.16,20.08,21.32,4.18,0.29,5.16,GREEN,Normal Hydrological State,0
16.29,37.1,10.65,0.66,0.3,5.23,GREEN,Normal Hydrological State,0
3.36,34.52,35.76,9.97,4.5,48.2,YELLOW,River Overflow / Stage Exceeded,0
94.19,89.24,48.34,10.24,0.57,82.73,RED,Cloudburst Flash Flood,1
138.16,77.46,31.0,9.72,0.09,74.14,ORANGE,Cloudburst Flash Flood,1
5.21,27.57,18.91,1.3,0.48,5.1,GREEN,Normal Hydrological State,0
8.68,46.39,41.82,3.21,2.0,5.42,GREEN,Normal Hydrological State,0
0.04,42.65,46.79,9.67,5.21,63.92,ORANGE,Seismic GLOF Warning,1
8.65,47.79,7.13,2.74,0.39,5.13,GREEN,Normal Hydrological State,0
81.28,74.02,46.65,8.71,0.77,46.05,YELLOW,Cloudburst Flash Flood,0
1.07,28.37,27.51,3.4,0.68,5.04,GREEN,Normal Hydrological State,0
5.21,44.47,20.77,2.63,0.67,5.16,GREEN,Normal Hydrological State,0
57.98,70.89,45.17,5.12,0.94,11.25,GREEN,Saturated Soil Runoff,0
5.84,72.34,45.05,8.24,4.95,33.2,GREEN,River Overflow / Stage Exceeded,0
38.26,69.61,43.87,6.67,1.24,10.47,GREEN,Normal Hydrological State,0
44.74,56.6,44.12,5.23,0.42,8.25,GREEN,Normal Hydrological State,0
2.47,15.11,10.81,2.01,0.51,5.03,GREEN,Normal Hydrological State,0
27.36,73.26,24.87,5.97,3.47,6.54,GREEN,Normal Hydrological State,0
122.79,78.68,49.16,10.44,1.59,88.39,RED,Cloudburst Flash Flood,1
10.99,23.89,43.69,1.82,0.48,5.29,GREEN,Normal Hydrological State,0
0.0,30.08,19.19,3.98,0.38,5.02,GREEN,Normal Hydrological State,0
4.33,50.47,13.76,2.08,0.09,5.11,GREEN,Normal Hydrological State,0
5.94,38.84,13.8,3.84,0.51,5.12,GREEN,Normal Hydrological State,0
13.53,35.37,18.48,2.78,0.8,5.28,GREEN,Normal Hydrological State,0
1.11,21.88,9.95,3.9,0.06,5.03,GREEN,Normal Hydrological State,0
1.76,32.53,10.31,2.25,0.37,5.04,GREEN,Normal Hydrological State,0
18.25,49.81,6.71,2.21,0.15,5.24,GREEN,Normal Hydrological State,0
5.01,36.48,6.66,3.46,0.05,5.06,GREEN,Normal Hydrological State,0
3.51,49.23,36.19,1.31,0.59,5.17,GREEN,Normal Hydrological State,0
1.38,17.8,26.62,1.93,0.47,5.04,GREEN,Normal Hydrological State,0
0.0,63.87,45.79,11.31,5.33,88.26,RED,Seismic GLOF Warning,1
58.71,74.0,31.94,5.84,2.42,9.89,GREEN,Normal Hydrological State,0
56.66,71.98,30.75,5.68,0.89,9.34,GREEN,Normal Hydrological State,0
16.23,55.44,32.15,2.24,0.47,5.8,GREEN,Normal Hydrological State,0
16.48,38.16,31.58,1.96,0.84,5.55,GREEN,Normal Hydrological State,0
11.2,54.97,16.61,2.92,0.96,5.33,GREEN,Normal Hydrological State,0
1.77,37.49,42.67,2.47,0.03,5.09,GREEN,Normal Hydrological State,0
4.62,18.56,6.13,3.02,0.29,5.04,GREEN,Normal Hydrological State,0
16.08,53.83,6.16,2.56,0.24,5.22,GREEN,Normal Hydrological State,0
87.8,79.4,35.92,8.46,2.41,40.98,YELLOW,Cloudburst Flash Flood,0
27.64,56.91,22.14,5.75,1.24,6.08,GREEN,Normal Hydrological State,0
24.28,66.48,18.53,5.3,1.09,5.96,GREEN,Normal Hydrological State,0
94.34,75.68,49.54,9.83,2.07,72.71,ORANGE,Cloudburst Flash Flood,1
9.45,20.54,5.45,1.69,0.71,5.06,GREEN,Normal Hydrological State,0
1.84,69.09,48.95,10.32,7.04,96.32,RED,Seismic GLOF Warning,1
59.71,79.15,20.35,6.38,1.95,9.48,GREEN,Normal Hydrological State,0
6.45,43.28,34.21,1.68,0.27,5.26,GREEN,Normal Hydrological State,0
3.36,47.2,15.65,3.81,0.88,5.1,GREEN,Normal Hydrological State,0
2.98,46.16,54.26,9.72,6.05,87.13,RED,Seismic GLOF Warning,1
8.82,29.37,34.61,1.64,0.12,5.25,GREEN,Normal Hydrological State,0
6.88,43.1,35.51,2.58,0.27,5.28,GREEN,Normal Hydrological State,0
30.0,64.88,26.81,6.2,2.66,6.91,GREEN,Normal Hydrological State,0
1.22,45.48,49.61,8.38,6.42,75.43,RED,Seismic GLOF Warning,1
1.98,25.29,34.1,1.47,0.81,5.06,GREEN,Normal Hydrological State,0
7.55,39.53,31.7,1.42,0.0,5.26,GREEN,Normal Hydrological State,0
3.63,41.77,41.71,1.4,0.33,5.17,GREEN,Normal Hydrological State,0
4.68,46.32,33.58,3.43,0.68,5.2,GREEN,Normal Hydrological State,0
2.68,22.69,36.83,2.84,0.37,5.08,GREEN,Normal Hydrological State,0
4.29,41.17,6.73,2.21,0.19,5.06,GREEN,Normal Hydrological State,0
57.92,79.82,39.11,5.86,2.15,11.46,GREEN,Saturated Soil Runoff,0
59.91,57.75,40.41,5.0,2.81,9.49,GREEN,Normal Hydrological State,0
7.66,57.83,36.82,9.88,5.24,63.83,ORANGE,River Overflow / Stage Exceeded,1
5.75,50.38,55.06,7.69,5.74,54.16,YELLOW,Seismic GLOF Warning,1
1.86,49.77,30.91,4.02,0.07,5.09,GREEN,Normal Hydrological State,0
4.01,42.27,39.8,2.85,0.66,5.18,GREEN,Normal Hydrological State,0
8.97,19.06,43.68,3.7,1.28,5.19,GREEN,Normal Hydrological State,0
0.0,71.89,47.56,7.7,5.21,31.11,GREEN,Seismic GLOF Warning,0
6.46,34.87,28.11,0.59,0.42,5.19,GREEN,Normal Hydrological State,0
4.89,23.35,19.84,1.39,0.89,5.09,GREEN,Normal Hydrological State,0
3.65,19.12,33.71,3.78,2.36,5.08,GREEN,Normal Hydrological State,0
32.64,61.52,47.07,6.34,0.71,8.31,GREEN,Normal Hydrological State,0
1.63,54.1,14.3,2.06,2.27,5.06,GREEN,Normal Hydrological State,0
5.81,47.5,17.87,1.41,0.17,5.17,GREEN,Normal Hydrological State,0
2.37,46.64,14.42,2.55,0.53,5.07,GREEN,Normal Hydrological State,0
9.44,17.62,30.21,3.02,0.65,5.15,GREEN,Normal Hydrological State,0
5.18,47.9,13.86,1.71,0.38,5.13,GREEN,Normal Hydrological State,0
53.85,75.26,39.73,5.76,2.94,10.46,GREEN,Normal Hydrological State,0
3.35,56.17,44.03,2.95,0.16,5.21,GREEN,Normal Hydrological State,0
0.34,35.43,6.97,1.99,0.0,5.02,GREEN,Normal Hydrological State,0
4.84,61.81,40.25,8.32,5.62,46.19,YELLOW,Seismic GLOF Warning,0
10.77,29.34,14.99,3.32,0.18,5.17,GREEN,Normal Hydrological State,0
7.1,17.68,26.4,1.01,0.18,5.11,GREEN,Normal Hydrological State,0
72.35,92.09,44.41,6.81,2.3,22.61,GREEN,Cloudburst Flash Flood,0
41.32,66.32,41.76,6.29,1.73,9.08,GREEN,Normal Hydrological State,0
17.88,37.09,32.63,3.19,0.2,5.59,GREEN,Normal Hydrological State,0
2.38,43.27,28.33,2.67,0.27,5.1,GREEN,Normal Hydrological State,0
4.65,24.69,8.0,2.11,0.72,5.05,GREEN,Normal Hydrological State,0
121.49,80.63,44.58,8.89,2.25,67.5,ORANGE,Cloudburst Flash Flood,1
6.61,26.08,8.74,3.94,0.14,5.07,GREEN,Normal Hydrological State,0
7.41,49.73,38.66,2.86,0.28,5.37,GREEN,Normal Hydrological State,0
92.78,98.59,26.78,7.88,0.6,33.94,GREEN,Cloudburst Flash Flood,0
9.08,17.19,20.97,1.77,0.29,5.11,GREEN,Normal Hydrological State,0
0.0,47.32,27.03,2.03,0.46,5.02,GREEN,Normal Hydrological State,0
1.43,34.22,13.98,4.07,0.0,5.04,GREEN,Normal Hydrological State,0
106.16,89.67,43.06,10.24,1.59,84.08,RED,Cloudburst Flash Flood,1
5.48,21.2,12.93,3.11,0.45,5.07,GREEN,Normal Hydrological State,0
1.64,34.58,41.0,1.87,2.03,5.08,GREEN,Normal Hydrological State,0
14.01,43.26,27.03,4.0,0.52,5.47,GREEN,Normal Hydrological State,0
8.24,29.86,28.59,3.01,0.35,5.21,GREEN,Normal Hydrological State,0
77.25,92.56,46.85,7.47,2.41,32.84,GREEN,Cloudburst Flash Flood,0
57.2,64.86,34.79,4.26,2.02,9.3,GREEN,Normal Hydrological State,0
3.1,40.4,53.88,9.82,4.91,63.11,ORANGE,Seismic GLOF Warning,1
5.45,43.89,49.87,8.21,5.08,37.88,YELLOW,Seismic GLOF Warning,0
5.73,16.14,38.1,1.93,0.19,5.11,GREEN,Normal Hydrological State,0
0.0,73.28,39.6,9.49,6.87,85.32,RED,Seismic GLOF Warning,1
89.36,83.46,48.59,10.68,2.72,84.88,RED,Cloudburst Flash Flood,1
4.4,54.88,35.14,11.93,5.16,89.47,RED,River Overflow / Stage Exceeded,1
0.72,29.32,37.36,1.65,0.07,5.04,GREEN,Normal Hydrological State,0
112.01,85.35,42.81,8.35,1.85,56.25,ORANGE,Cloudburst Flash Flood,1
59.94,66.48,28.35,4.95,0.42,8.91,GREEN,Normal Hydrological State,0
3.37,34.71,20.47,2.15,0.31,5.09,GREEN,Normal Hydrological State,0
0.12,20.84,37.78,2.15,1.87,5.02,GREEN,Normal Hydrological State,0
4.06,25.05,14.46,2.73,1.65,5.07,GREEN,Normal Hydrological State,0
8.11,29.96,20.47,2.42,0.22,5.16,GREEN,Normal Hydrological State,0
7.95,34.59,31.45,11.18,5.88,87.16,RED,Seismic GLOF Warning,1
1.68,32.96,20.35,1.46,0.68,5.05,GREEN,Normal Hydrological State,0
0.74,37.59,22.34,1.9,3.09,5.04,GREEN,Normal Hydrological State,0
29.31,77.21,21.13,5.86,1.2,6.54,GREEN,Normal Hydrological State,0
4.93,32.12,21.84,2.96,1.0,5.12,GREEN,Normal Hydrological State,0
27.23,34.86,40.61,2.47,0.34,6.0,GREEN,Normal Hydrological State,0
0.3,50.19,41.22,8.74,4.62,30.15,GREEN,River Overflow / Stage Exceeded,0
104.91,90.14,52.12,9.65,2.43,80.66,RED,Cloudburst Flash Flood,1
145.46,83.07,34.06,6.89,0.48,38.63,YELLOW,Cloudburst Flash Flood,0
11.34,38.33,8.55,2.1,1.3,5.15,GREEN,Normal Hydrological State,0
7.07,25.18,14.38,3.51,0.09,5.1,GREEN,Normal Hydrological State,0
0.0,42.22,13.77,3.01,1.58,5.02,GREEN,Normal Hydrological State,0
52.45,71.15,33.3,5.43,1.24,9.17,GREEN,Normal Hydrological State,0
102.96,80.06,52.94,8.88,1.74,64.26,ORANGE,Cloudburst Flash Flood,1
14.38,48.91,31.59,2.74,1.83,5.61,GREEN,Normal Hydrological State,0
2.35,50.98,35.47,3.24,1.1,5.13,GREEN,Normal Hydrological State,0
138.09,96.26,29.01,9.37,0.63,75.13,RED,Cloudburst Flash Flood,1
8.48,40.59,43.0,2.79,2.55,5.37,GREEN,Normal Hydrological State,0
55.63,63.24,43.78,5.79,0.57,9.92,GREEN,Normal Hydrological State,0
16.93,42.0,40.47,2.89,1.11,5.74,GREEN,Normal Hydrological State,0
3.61,45.83,51.74,10.33,4.48,59.7,ORANGE,River Overflow / Stage Exceeded,1
4.52,51.63,39.1,3.07,1.07,5.24,GREEN,Normal Hydrological State,0
12.21,22.2,20.44,2.8,0.19,5.18,GREEN,Normal Hydrological State,0
2.88,18.1,37.99,3.37,0.33,5.07,GREEN,Normal Hydrological State,0
5.06,30.29,19.11,2.21,0.43,5.11,GREEN,Normal Hydrological State,0
7.89,14.18,36.41,2.21,0.1,5.12,GREEN,Normal Hydrological State,0
5.92,24.26,29.09,4.43,0.82,5.13,GREEN,Normal Hydrological State,0
7.8,47.91,10.67,3.17,0.75,5.15,GREEN,Normal Hydrological State,0
77.81,80.59,34.65,7.71,2.22,26.63,GREEN,Cloudburst Flash Flood,0
5.23,32.42,44.04,3.35,1.21,5.19,GREEN,Normal Hydrological State,0
0.34,48.74,31.73,9.62,6.16,69.29,ORANGE,Seismic GLOF Warning,1
14.05,44.01,23.22,1.56,0.0,5.43,GREEN,Normal Hydrological State,0
125.08,94.64,33.4,9.18,0.33,71.82,ORANGE,Cloudburst Flash Flood,1
11.28,45.86,19.57,1.73,0.88,5.32,GREEN,Normal Hydrological State,0
12.53,18.35,37.03,3.04,1.29,5.23,GREEN,Normal Hydrological State,0
29.32,65.05,31.11,6.09,2.78,6.87,GREEN,Normal Hydrological State,0
45.15,61.1,33.16,4.99,1.38,7.85,GREEN,Normal Hydrological State,0
6.47,23.33,30.9,1.38,0.42,5.14,GREEN,Normal Hydrological State,0
3.11,53.69,30.43,3.29,1.38,5.15,GREEN,Normal Hydrological State,0
8.13,24.58,40.19,2.69,0.81,5.21,GREEN,Normal Hydrological State,0
1.99,34.06,41.99,1.14,0.25,5.09,GREEN,Normal Hydrological State,0
48.8,56.75,25.35,5.1,0.85,7.27,GREEN,Normal Hydrological State,0
32.83,72.28,34.7,5.83,3.38,7.47,GREEN,Normal Hydrological State,0
0.89,25.81,10.87,2.11,0.28,5.03,GREEN,Normal Hydrological State,0
0.0,34.59,41.49,2.55,2.56,5.02,GREEN,Normal Hydrological State,0
2.5,31.11,37.06,2.98,0.3,5.09,GREEN,Normal Hydrological State,0
4.54,33.0,37.29,2.59,1.05,5.16,GREEN,Normal Hydrological State,0
141.15,97.23,35.99,8.1,0.26,65.34,ORANGE,Cloudburst Flash Flood,1
114.97,78.71,44.4,7.26,1.17,37.99,YELLOW,Cloudburst Flash Flood,0
102.41,84.8,34.45,10.17,0.57,76.62,RED,Cloudburst Flash Flood,1
4.8,57.19,7.4,4.0,0.25,5.09,GREEN,Normal Hydrological State,0
2.42,45.99,27.8,1.88,0.28,5.1,GREEN,Normal Hydrological State,0
0.94,34.83,34.66,1.18,0.08,5.05,GREEN,Normal Hydrological State,0
49.58,78.07,33.77,6.82,1.54,12.45,GREEN,Normal Hydrological State,0
0.0,55.71,51.58,9.98,6.36,91.18,RED,Seismic GLOF Warning,1
23.48,47.3,50.48,11.77,5.53,95.53,RED,Seismic GLOF Warning,1
19.5,15.83,35.94,2.78,0.0,5.3,GREEN,Normal Hydrological State,0
8.56,55.89,27.51,3.1,0.35,5.38,GREEN,Normal Hydrological State,0
2.64,19.11,27.59,2.08,0.54,5.06,GREEN,Normal Hydrological State,0
36.6,70.72,20.29,4.63,1.24,6.73,GREEN,Normal Hydrological State,0
0.5,25.09,22.2,1.67,0.24,5.03,GREEN,Normal Hydrological State,0
21.81,40.23,43.28,2.28,0.82,5.96,GREEN,Normal Hydrological State,0
7.49,17.05,15.41,3.18,0.9,5.08,GREEN,Normal Hydrological State,0
0.52,35.94,44.63,10.66,5.59,84.67,RED,Seismic GLOF Warning,1
11.72,46.22,34.74,2.82,0.46,5.5,GREEN,Normal Hydrological State,0
2.57,24.64,13.38,2.92,0.16,5.05,GREEN,Normal Hydrological State,0
2.2,29.37,14.42,3.36,0.5,5.05,GREEN,Normal Hydrological State,0
1.25,70.14,49.55,8.51,5.78,61.53,ORANGE,Seismic GLOF Warning,1
2.87,21.14,19.45,2.0,0.48,5.05,GREEN,Normal Hydrological State,0
129.46,90.44,48.25,8.96,2.34,78.71,RED,Cloudburst Flash Flood,1
26.41,57.0,38.43,5.02,3.06,6.59,GREEN,Normal Hydrological State,0
42.65,56.09,29.55,6.5,2.48,8.36,GREEN,Normal Hydrological State,0
1.64,54.11,28.92,1.59,0.49,5.09,GREEN,Normal Hydrological State,0
13.6,35.63,18.82,3.88,1.06,5.29,GREEN,Normal Hydrological State,0
2.98,18.34,18.76,2.21,0.21,5.05,GREEN,Normal Hydrological State,0
11.11,38.1,15.49,2.47,1.76,5.22,GREEN,Normal Hydrological State,0
72.34,92.09,50.46,10.9,1.47,85.34,RED,Cloudburst Flash Flood,1
77.98,86.22,31.54,7.4,1.29,23.24,GREEN,Cloudburst Flash Flood,0
36.97,67.57,15.48,5.66,0.52,6.32,GREEN,Normal Hydrological State,0
5.11,23.07,23.92,2.37,1.36,5.1,GREEN,Normal Hydrological State,0
31.33,67.96,22.01,5.3,2.74,6.49,GREEN,Normal Hydrological State,0
5.48,21.06,29.77,2.09,0.1,5.11,GREEN,Normal Hydrological State,0
7.78,51.08,54.03,7.72,5.96,60.91,ORANGE,Seismic GLOF Warning,1
0.0,39.08,17.11,1.6,2.46,5.02,GREEN,Normal Hydrological State,0
3.18,32.05,37.37,9.5,5.05,51.44,YELLOW,River Overflow / Stage Exceeded,1
6.29,30.68,26.7,2.87,0.36,5.16,GREEN,Normal Hydrological State,0
3.98,27.76,21.01,2.1,0.2,5.09,GREEN,Normal Hydrological State,0
84.88,96.69,45.46,8.65,1.82,56.09,ORANGE,Cloudburst Flash Flood,1
18.15,34.98,24.4,1.69,0.11,5.46,GREEN,Normal Hydrological State,0
15.29,40.71,18.14,1.19,0.3,5.36,GREEN,Normal Hydrological State,0
4.46,29.16,7.5,1.88,0.07,5.06,GREEN,Normal Hydrological State,0
9.22,44.59,13.67,3.3,0.35,5.2,GREEN,Normal Hydrological State,0
9.74,18.2,16.74,3.05,0.06,5.11,GREEN,Normal Hydrological State,0
11.25,30.57,12.23,2.59,0.0,5.16,GREEN,Normal Hydrological State,0
4.03,25.07,44.69,2.49,1.85,5.12,GREEN,Normal Hydrological State,0
10.41,18.22,26.46,1.68,0.0,5.16,GREEN,Normal Hydrological State,0
2.82,23.32,26.58,2.93,2.07,5.07,GREEN,Normal Hydrological State,0
34.07,71.3,39.59,4.53,2.17,7.83,GREEN,Normal Hydrological State,0
69.77,85.65,31.83,9.31,1.85,49.38,YELLOW,River Overflow / Stage Exceeded,0
4.03,25.59,12.39,2.69,0.0,5.06,GREEN,Normal Hydrological State,0
6.77,68.56,34.88,9.56,5.75,66.14,ORANGE,Seismic GLOF Warning,1
2.34,34.52,14.98,0.85,1.02,5.06,GREEN,Normal Hydrological State,0
4.74,23.12,19.88,2.75,0.41,5.08,GREEN,Normal Hydrological State,0
5.34,33.4,10.8,1.36,0.27,5.08,GREEN,Normal Hydrological State,0
17.18,47.32,18.35,3.08,0.1,5.47,GREEN,Normal Hydrological State,0
3.49,53.94,20.68,0.93,0.15,5.13,GREEN,Normal Hydrological State,0
34.1,67.03,46.07,6.12,2.68,8.15,GREEN,Normal Hydrological State,0
11.23,34.62,41.28,7.64,7.1,70.9,ORANGE,Seismic GLOF Warning,1
6.97,12.39,14.38,2.77,0.63,5.06,GREEN,Normal Hydrological State,0
3.14,47.3,27.78,3.9,1.2,5.13,GREEN,Normal Hydrological State,0
28.12,70.64,29.48,4.96,3.22,6.76,GREEN,Normal Hydrological State,0
2.18,27.42,24.85,2.19,0.09,5.06,GREEN,Normal Hydrological State,0
0.0,24.68,39.58,2.3,0.25,5.02,GREEN,Normal Hydrological State,0
5.19,45.65,37.9,3.64,0.52,5.24,GREEN,Normal Hydrological State,0
3.32,23.68,8.21,1.4,0.31,5.04,GREEN,Normal Hydrological State,0
1.32,51.75,11.38,3.14,0.53,5.05,GREEN,Normal Hydrological State,0
4.11,41.84,49.43,9.66,6.06,84.06,RED,Seismic GLOF Warning,1
2.19,50.24,4.69,4.18,0.53,5.04,GREEN,Normal Hydrological State,0
0.55,51.38,13.23,2.59,0.38,5.03,GREEN,Normal Hydrological State,0
5.09,32.01,36.11,1.9,0.0,5.17,GREEN,Normal Hydrological State,0
3.45,44.32,15.5,3.57,0.92,5.09,GREEN,Normal Hydrological State,0
4.88,31.33,36.83,3.09,0.44,5.16,GREEN,Normal Hydrological State,0
11.12,25.4,22.2,2.64,2.66,5.2,GREEN,Normal Hydrological State,0
135.89,84.77,27.81,7.37,0.74,35.97,YELLOW,Cloudburst Flash Flood,0
0.0,42.25,47.69,9.01,6.99,88.86,RED,Seismic GLOF Warning,1
113.41,88.16,45.8,8.71,0.79,66.37,ORANGE,Cloudburst Flash Flood,1
7.99,18.83,10.16,1.82,0.74,5.07,GREEN,Normal Hydrological State,0
34.54,75.15,30.75,4.69,1.6,7.48,GREEN,Normal Hydrological State,0
5.68,30.1,35.96,3.26,0.77,5.17,GREEN,Normal Hydrological State,0
24.94,78.2,25.41,4.93,3.41,6.52,GREEN,Normal Hydrological State,0
0.98,16.72,24.78,2.39,0.41,5.03,GREEN,Normal Hydrological State,0
80.68,96.82,38.4,10.2,1.46,76.26,RED,Cloudburst Flash Flood,1
0.34,29.4,14.56,4.07,0.0,5.03,GREEN,Normal Hydrological State,0
2.98,47.36,6.31,1.35,0.02,5.05,GREEN,Normal Hydrological State,0
114.87,84.33,26.44,11.24,1.8,87.66,RED,Cloudburst Flash Flood,1
3.82,29.83,42.75,2.8,0.13,5.13,GREEN,Normal Hydrological State,0
10.2,49.61,27.37,1.8,0.0,5.4,GREEN,Normal Hydrological State,0
64.86,88.84,27.28,7.59,0.84,20.77,GREEN,River Overflow / Stage Exceeded,0
2.89,40.35,38.15,1.77,0.3,5.13,GREEN,Normal Hydrological State,0
20.99,43.95,26.7,1.82,0.91,5.71,GREEN,Normal Hydrological State,0
51.24,73.79,45.7,5.84,3.28,10.62,GREEN,Normal Hydrological State,0
9.91,47.03,33.0,2.35,0.37,5.42,GREEN,Normal Hydrological State,0
5.39,44.04,9.13,2.66,0.81,5.09,GREEN,Normal Hydrological State,0
5.89,44.71,31.37,2.13,0.55,5.23,GREEN,Normal Hydrological State,0
7.49,29.72,12.75,2.05,1.13,5.11,GREEN,Normal Hydrological State,0
56.23,61.4,43.17,5.12,1.79,9.74,GREEN,Normal Hydrological State,0
37.15,71.12,21.6,5.53,1.65,6.87,GREEN,Normal Hydrological State,0
0.9,60.5,42.54,9.45,4.5,39.73,YELLOW,River Overflow / Stage Exceeded,0
10.22,34.23,21.26,2.25,0.63,5.23,GREEN,Normal Hydrological State,0
56.86,79.78,37.88,5.71,2.34,11.1,GREEN,Saturated Soil Runoff,0
4.26,52.75,44.14,3.31,0.95,5.25,GREEN,Normal Hydrological State,0
8.94,46.5,47.06,11.61,4.98,88.4,RED,River Overflow / Stage Exceeded,1
40.88,73.23,24.16,5.27,0.96,7.38,GREEN,Normal Hydrological State,0
16.49,39.18,26.48,2.25,0.59,5.49,GREEN,Normal Hydrological State,0
3.79,27.31,8.74,1.97,0.24,5.05,GREEN,Normal Hydrological State,0
0.17,46.68,41.84,10.57,6.57,92.29,RED,Seismic GLOF Warning,1
0.0,46.69,21.4,1.98,1.59,5.02,GREEN,Normal Hydrological State,0
29.09,54.93,31.2,4.9,1.57,6.44,GREEN,Normal Hydrological State,0
5.14,48.72,34.11,10.55,4.75,64.39,ORANGE,River Overflow / Stage Exceeded,1
1.76,39.03,30.11,3.55,0.66,5.07,GREEN,Normal Hydrological State,0
2.98,55.48,30.37,2.19,0.62,5.15,GREEN,Normal Hydrological State,0
7.3,41.53,39.86,0.65,0.53,5.31,GREEN,Normal Hydrological State,0
5.11,31.67,32.6,2.86,0.0,5.15,GREEN,Normal Hydrological State,0
27.16,56.77,28.36,6.58,3.03,7.58,GREEN,Normal Hydrological State,0
83.28,92.7,50.86,7.98,2.41,45.11,YELLOW,Cloudburst Flash Flood,0
25.35,61.69,24.7,4.83,1.62,6.17,GREEN,Normal Hydrological State,0
13.46,37.73,31.87,0.57,3.2,5.44,GREEN,Normal Hydrological State,0
61.86,72.04,44.93,6.63,0.63,14.49,GREEN,Saturated Soil Runoff,0
12.48,37.34,28.23,2.92,0.23,5.37,GREEN,Normal Hydrological State,0
8.1,22.95,13.22,2.89,0.64,5.1,GREEN,Normal Hydrological State,0
1.66,58.08,40.4,11.11,6.99,96.33,RED,Seismic GLOF Warning,1
2.62,44.1,43.85,1.91,0.2,5.14,GREEN,Normal Hydrological State,0
114.25,88.3,39.38,9.43,0.16,73.69,ORANGE,Cloudburst Flash Flood,1
1.41,48.38,58.86,8.37,7.36,94.93,RED,Seismic GLOF Warning,1
16.11,35.86,24.74,2.08,0.14,5.42,GREEN,Normal Hydrological State,0
79.06,92.95,40.14,10.48,2.15,79.4,RED,Cloudburst Flash Flood,1
4.15,57.41,35.33,1.27,0.02,5.23,GREEN,Normal Hydrological State,0
30.36,68.95,22.73,4.88,1.24,6.5,GREEN,Normal Hydrological State,0
0.0,50.57,26.42,3.37,0.77,5.02,GREEN,Normal Hydrological State,0
1.05,74.44,36.6,10.85,6.62,92.12,RED,Seismic GLOF Warning,1
42.77,65.51,17.1,5.78,3.25,6.63,GREEN,Normal Hydrological State,0
4.4,15.11,37.94,2.77,0.06,5.08,GREEN,Normal Hydrological State,0
38.44,55.38,29.45,5.03,1.05,6.9,GREEN,Normal Hydrological State,0
4.65,20.19,45.06,4.72,0.69,5.12,GREEN,Normal Hydrological State,0
4.75,24.31,34.7,1.55,1.83,5.12,GREEN,Normal Hydrological State,0
3.08,27.57,14.9,2.84,0.25,5.06,GREEN,Normal Hydrological State,0
37.83,62.18,39.11,7.2,2.63,12.2,GREEN,River Overflow / Stage Exceeded,0
9.37,29.03,23.98,1.04,0.78,5.2,GREEN,Normal Hydrological State,0
5.26,50.91,41.3,3.5,1.63,5.28,GREEN,Normal Hydrological State,0
107.25,95.86,52.92,9.59,1.41,83.06,RED,Cloudburst Flash Flood,1
1.89,48.44,21.5,2.95,0.12,5.08,GREEN,Normal Hydrological State,0
0.66,35.34,12.26,2.31,0.92,5.03,GREEN,Normal Hydrological State,0
1.49,31.18,26.12,0.72,0.15,5.05,GREEN,Normal Hydrological State,0
3.93,35.75,5.43,1.56,1.41,5.05,GREEN,Normal Hydrological State,0
1.67,36.59,54.17,11.23,6.35,97.12,RED,Seismic GLOF Warning,1
5.45,38.25,17.82,1.6,0.2,5.13,GREEN,Normal Hydrological State,0
6.34,38.49,11.83,1.79,0.43,5.11,GREEN,Normal Hydrological State,0
1.51,17.91,40.82,1.87,0.47,5.05,GREEN,Normal Hydrological State,0
32.94,69.23,51.42,5.63,0.75,8.2,GREEN,Normal Hydrological State,0
0.84,50.69,52.19,12.02,6.32,98.31,RED,Seismic GLOF Warning,1
4.57,50.6,51.39,8.03,4.38,19.6,GREEN,River Overflow / Stage Exceeded,0
39.21,66.55,49.57,5.04,2.6,8.69,GREEN,Normal Hydrological State,0
5.65,25.01,14.6,1.68,0.17,5.08,GREEN,Normal Hydrological State,0
1.31,44.11,23.95,2.23,0.33,5.06,GREEN,Normal Hydrological State,0
99.37,85.94,47.24,6.92,0.27,32.91,GREEN,Cloudburst Flash Flood,0
21.49,27.59,31.39,0.79,0.69,5.51,GREEN,Normal Hydrological State,0
3.03,63.86,41.69,10.7,5.71,85.64,RED,Seismic GLOF Warning,1
7.09,65.43,38.81,8.91,7.25,84.78,RED,Seismic GLOF Warning,1
60.34,71.35,21.19,5.87,2.04,8.27,GREEN,Normal Hydrological State,0
1.0,37.23,40.03,9.82,5.87,75.5,RED,Seismic GLOF Warning,1
58.01,61.72,31.08,6.69,2.29,10.89,GREEN,Normal Hydrological State,0
2.55,34.17,30.53,11.22,6.3,89.85,RED,Seismic GLOF Warning,1
8.72,38.32,10.82,2.3,0.46,5.14,GREEN,Normal Hydrological State,0
122.72,83.4,42.28,7.52,1.76,46.1,YELLOW,Cloudburst Flash Flood,0
2.8,65.86,58.43,8.57,6.19,81.37,RED,Seismic GLOF Warning,1
16.67,51.37,9.35,3.16,0.13,5.3,GREEN,Normal Hydrological State,0
6.09,40.07,6.22,1.67,0.32,5.08,GREEN,Normal Hydrological State,0
9.23,53.58,8.05,1.62,0.23,5.16,GREEN,Normal Hydrological State,0
8.36,54.35,41.94,2.04,0.26,5.48,GREEN,Normal Hydrological State,0
57.03,59.04,45.71,4.39,3.43,9.81,GREEN,Normal Hydrological State,0
77.64,93.41,28.52,7.37,0.83,22.98,GREEN,Cloudburst Flash Flood,0
1.15,29.06,57.47,8.16,4.97,37.03,YELLOW,Seismic GLOF Warning,0
1.78,26.95,15.95,1.05,0.0,5.04,GREEN,Normal Hydrological State,0
12.14,25.99,35.57,3.94,0.19,5.3,GREEN,Normal Hydrological State,0
3.28,29.43,43.33,2.17,0.29,5.12,GREEN,Normal Hydrological State,0
0.0,35.65,48.57,10.7,4.55,67.0,ORANGE,River Overflow / Stage Exceeded,1
11.36,29.34,14.63,3.47,0.09,5.17,GREEN,Normal Hydrological State,0
0.75,28.66,12.39,2.07,0.45,5.03,GREEN,Normal Hydrological State,0
6.5,48.47,5.92,2.9,0.39,5.09,GREEN,Normal Hydrological State,0
5.15,64.22,46.61,9.85,5.4,72.85,ORANGE,Seismic GLOF Warning,1
2.56,48.29,15.1,1.01,0.0,5.08,GREEN,Normal Hydrological State,0
142.33,82.31,36.51,10.53,0.61,89.12,RED,Cloudburst Flash Flood,1
44.93,74.14,42.07,6.4,1.37,10.52,GREEN,Normal Hydrological State,0
3.53,18.35,6.26,4.1,0.4,5.04,GREEN,Normal Hydrological State,0
44.6,70.32,25.51,4.85,2.35,7.64,GREEN,Normal Hydrological State,0
78.95,89.56,52.69,8.38,1.79,48.94,YELLOW,Cloudburst Flash Flood,0
53.2,63.88,41.92,6.07,1.94,9.64,GREEN,Normal Hydrological State,0
6.38,37.18,13.21,3.65,0.61,5.12,GREEN,Normal Hydrological State,0
1.81,68.98,48.2,9.47,5.12,59.33,ORANGE,Seismic GLOF Warning,1
3.72,69.76,35.91,7.22,6.97,52.97,YELLOW,Seismic GLOF Warning,1
7.9,55.62,48.42,8.91,6.08,75.44,RED,Seismic GLOF Warning,1
1.32,31.22,34.92,1.03,0.08,5.06,GREEN,Normal Hydrological State,0
112.96,88.4,49.87,10.52,1.71,89.9,RED,Cloudburst Flash Flood,1
0.67,46.11,24.39,1.43,1.12,5.04,GREEN,Normal Hydrological State,0
5.6,35.28,11.05,3.31,0.09,5.09,GREEN,Normal Hydrological State,0
7.22,50.46,8.3,3.29,0.15,5.13,GREEN,Normal Hydrological State,0
8.27,28.76,28.13,1.73,0.19,5.2,GREEN,Normal Hydrological State,0
5.86,28.46,39.27,6.84,5.47,22.38,GREEN,Seismic GLOF Warning,0
3.84,43.91,30.04,1.6,0.93,5.15,GREEN,Normal Hydrological State,0
16.16,55.54,11.29,2.85,0.16,5.36,GREEN,Normal Hydrological State,0
8.22,34.4,29.43,2.23,0.1,5.24,GREEN,Normal Hydrological State,0
1.1,19.07,37.9,2.58,0.21,5.04,GREEN,Normal Hydrological State,0
1.51,42.21,7.55,1.75,0.33,5.04,GREEN,Normal Hydrological State,0
132.32,100.0,52.36,9.67,1.7,91.06,RED,Cloudburst Flash Flood,1
3.21,27.35,28.12,3.88,0.38,5.09,GREEN,Normal Hydrological State,0
4.44,25.76,43.28,2.51,0.5,5.14,GREEN,Normal Hydrological State,0
0.0,58.44,30.79,11.44,6.83,93.95,RED,Seismic GLOF Warning,1
12.19,17.81,43.27,3.01,0.45,5.24,GREEN,Normal Hydrological State,0
107.06,78.26,48.25,8.84,1.97,61.84,ORANGE,Cloudburst Flash Flood,1
1.1,40.81,44.07,7.79,4.7,20.6,GREEN,River Overflow / Stage Exceeded,0
39.21,68.45,37.5,6.69,3.28,10.12,GREEN,Normal Hydrological State,0
4.32,22.13,37.5,3.26,0.14,5.11,GREEN,Normal Hydrological State,0
7.52,52.94,20.65,4.22,0.24,5.26,GREEN,Normal Hydrological State,0
3.6,40.87,42.86,2.14,0.58,5.17,GREEN,Normal Hydrological State,0
47.82,76.95,39.66,6.36,1.81,10.77,GREEN,Normal Hydrological State,0
0.9,50.85,39.69,2.34,0.28,5.06,GREEN,Normal Hydrological State,0
4.47,30.15,30.66,1.77,1.3,5.13,GREEN,Normal Hydrological State,0
6.68,24.24,12.55,3.04,0.1,5.09,GREEN,Normal Hydrological State,0
29.29,71.91,33.84,7.16,3.14,11.07,GREEN,River Overflow / Stage Exceeded,0
3.89,46.19,42.15,0.55,0.0,5.2,GREEN,Normal Hydrological State,0
3.09,21.96,43.74,2.26,0.42,5.09,GREEN,Normal Hydrological State,0
3.14,61.15,41.04,11.37,5.5,89.32,RED,Seismic GLOF Warning,1
4.46,25.88,41.52,1.99,0.4,5.13,GREEN,Normal Hydrological State,0
1.18,29.61,42.75,2.84,0.31,5.06,GREEN,Normal Hydrological State,0
1.48,40.14,9.67,2.58,0.04,5.04,GREEN,Normal Hydrological State,0
48.76,59.36,28.32,4.9,3.07,7.63,GREEN,Normal Hydrological State,0
6.26,32.5,40.85,3.15,0.29,5.22,GREEN,Normal Hydrological State,0
10.92,18.51,27.46,3.71,1.53,5.17,GREEN,Normal Hydrological State,0
4.89,25.1,39.56,2.9,0.02,5.14,GREEN,Normal Hydrological State,0
7.07,55.17,9.77,1.75,2.74,5.15,GREEN,Normal Hydrological State,0
28.51,74.35,46.54,6.6,0.68,9.35,GREEN,Normal Hydrological State,0
